ITEM;DSC;NVL1_COSTO;NVL1_AVC;CALC % AVC;NVL1_%;COSTO;% REP TOT;MONTO_AVANCE;AVC;% REP del AVC;% REP del TOT;TOTAL_INF;MONTO_AVANCE;PORC_AVANCE;DETALLE;;;;;;;;;;;;;;;;;;;;;;;;;;;;;;;;;;;;;;;;;;;;;;;;;;;;;;;;;;;;;;;;;;;;;;;;;;;;;;;;;;;;;;;;;;;;;;;;;;;;;;;;;;;;;;;;;
A;OBRAS PRELIMINARES Y COMPLEMENTARIAS;9561,04;4757,5736;49,76%;49,76;9561,04;2,76%;4757,5736;49,76;5,78%;1,38%;;;;;;;;;;;;;;;;;;;;;;;;;;;;;;;;;;;;;;;;;;;;;;;;;;;;;;;;;;;;;;;;;;;;;;;;;;;;;;;;;;;;;;;;;;;;;;;;;;;;;;;;;;;;;;;;;;;;;
A.1;INSTALACION DE FAENAS Y OBRAS PRELIMINARES;;;;;2737,94;0,79%;2002,214;73,13;2,43%;0,58%;;;;;;;;;;;;;;;;;;;;;;;;;;;;;;;;;;;;;;;;;;;;;;;;;;;;;;;;;;;;;;;;;;;;;;;;;;;;;;;;;;;;;;;;;;;;;;;;;;;;;;;;;;;;;;;;;;;;;
A.1.1;Construcciones provisorias;;;;;1783,16;0,52%;1337,37;75;1,62%;0,39%;1783,16;1337,37;75;L:1337,3700;;;;;;;;;;;;;;;;;;;;;;;;;;;;;;;;;;;;;;;;;;;;;;;;;;;;;;;;;;;;;;;;;;;;;;;;;;;;;;;;;;;;;;;;;;;;;;;;;;;;;;;;;;;;;;;;;
A.1.2;Empalmes y conexiones provisorias;;;;;494,9;0,14%;296,94;60;0,36%;0,09%;494,9;296,94;60;L:296,9400;;;;;;;;;;;;;;;;;;;;;;;;;;;;;;;;;;;;;;;;;;;;;;;;;;;;;;;;;;;;;;;;;;;;;;;;;;;;;;;;;;;;;;;;;;;;;;;;;;;;;;;;;;;;;;;;;
A.1.4;Cierros provisorios;;;;;459,88;0,13%;367,904;80;0,45%;0,11%;459,88;367,904;80;L:367,9040;;;;;;;;;;;;;;;;;;;;;;;;;;;;;;;;;;;;;;;;;;;;;;;;;;;;;;;;;;;;;;;;;;;;;;;;;;;;;;;;;;;;;;;;;;;;;;;;;;;;;;;;;;;;;;;;;
A.2;OBRAS COMPLEMENTARIAS;;;;;6210,47;1,80%;2633,886;42,41;3,20%;0,76%;;;;;;;;;;;;;;;;;;;;;;;;;;;;;;;;;;;;;;;;;;;;;;;;;;;;;;;;;;;;;;;;;;;;;;;;;;;;;;;;;;;;;;;;;;;;;;;;;;;;;;;;;;;;;;;;;;;;;
A.2.1;Letreros de obra;;;;;53,62;0,02%;53,62;100;0,07%;0,02%;53,62;53,62;100;L:53,6200;;;;;;;;;;;;;;;;;;;;;;;;;;;;;;;;;;;;;;;;;;;;;;;;;;;;;;;;;;;;;;;;;;;;;;;;;;;;;;;;;;;;;;;;;;;;;;;;;;;;;;;;;;;;;;;;;
A.2.2;Aseo y entrega;;;;;2187,21;0,63%;;;0,00%;0,00%;2187,21;;;;;;;;;;;;;;;;;;;;;;;;;;;;;;;;;;;;;;;;;;;;;;;;;;;;;;;;;;;;;;;;;;;;;;;;;;;;;;;;;;;;;;;;;;;;;;;;;;;;;;;;;;;;;;;;;;;;
A.2.3;Retiro de escombros;;;;;3969,64;1,15%;2580,266;65;3,13%;0,75%;3969,64;2580,266;65;L:2580,2660;;;;;;;;;;;;;;;;;;;;;;;;;;;;;;;;;;;;;;;;;;;;;;;;;;;;;;;;;;;;;;;;;;;;;;;;;;;;;;;;;;;;;;;;;;;;;;;;;;;;;;;;;;;;;;;;;
A.3;CONTROL CALIDAD OBRAS (ensayos);;;;;612,63;0,18%;121,4736;19,83;0,15%;0,04%;;;;;;;;;;;;;;;;;;;;;;;;;;;;;;;;;;;;;;;;;;;;;;;;;;;;;;;;;;;;;;;;;;;;;;;;;;;;;;;;;;;;;;;;;;;;;;;;;;;;;;;;;;;;;;;;;;;;;
A.3.1;Suelos;;;;;51,52;0,01%;29,22;56,72;0,04%;0,01%;;;;;;;;;;;;;;;;;;;;;;;;;;;;;;;;;;;;;;;;;;;;;;;;;;;;;;;;;;;;;;;;;;;;;;;;;;;;;;;;;;;;;;;;;;;;;;;;;;;;;;;;;;;;;;;;;;;;;
A.3.1.1;Proctor;;;;;16,56;0,00%;12,42;75;0,02%;0,00%;16,56;12,42;75;E01:0,4140;E02:0,4140;E03:0,4140;E04:0,8280;E05:0,8280;E06:0,8280;E07:0,8280;E08:0,8280;E09:0,8280;E10:0,8280;E11:0,8280;E12:0,8280;E13:0,4140;E14:0,4140;E15:0,0000;E16:0,4140;E17:0,4140;E18:0,8280;E19:0,4140;E20:0,8280;;;;;;;;;;;;;;;;;;;;;;;;;;;;;;;;;;;;;;;;;;;;;;;;;;;;;;;;;;;;;;;;;;;;;;;;;;;;;;;;;;;;;;;;;;;;;;
A.3.1.2;CBR o Densidad relativa;;;;;4,8;0,00%;3,6;75;0,00%;0,00%;4,8;3,6;75;E01:0,1200;E02:0,1200;E03:0,1200;E04:0,2400;E05:0,2400;E06:0,2400;E07:0,2400;E08:0,2400;E09:0,2400;E10:0,2400;E11:0,2400;E12:0,2400;E13:0,1200;E14:0,1200;E15:0,0000;E16:0,1200;E17:0,1200;E18:0,2400;E19:0,1200;E20:0,2400;;;;;;;;;;;;;;;;;;;;;;;;;;;;;;;;;;;;;;;;;;;;;;;;;;;;;;;;;;;;;;;;;;;;;;;;;;;;;;;;;;;;;;;;;;;;;;
A.3.1.3;Limites de Aterberg;;;;;5;0,00%;3,75;75;0,00%;0,00%;5;3,75;75;E01:0,1250;E02:0,1250;E03:0,1250;E04:0,2500;E05:0,2500;E06:0,2500;E07:0,2500;E08:0,2500;E09:0,2500;E10:0,2500;E11:0,2500;E12:0,2500;E13:0,1250;E14:0,1250;E15:0,0000;E16:0,1250;E17:0,1250;E18:0,2500;E19:0,1250;E20:0,2500;;;;;;;;;;;;;;;;;;;;;;;;;;;;;;;;;;;;;;;;;;;;;;;;;;;;;;;;;;;;;;;;;;;;;;;;;;;;;;;;;;;;;;;;;;;;;;
A.3.1.4;Densidad maxima compactada seca;;;;;12,6;0,00%;9,45;75;0,01%;0,00%;12,6;9,45;75;E01:0,3150;E02:0,3150;E03:0,3150;E04:0,6300;E05:0,6300;E06:0,6300;E07:0,6300;E08:0,6300;E09:0,6300;E10:0,6300;E11:0,6300;E12:0,6300;E13:0,3150;E14:0,3150;E15:0,0000;E16:0,3150;E17:0,3150;E18:0,6300;E19:0,3150;E20:0,6300;;;;;;;;;;;;;;;;;;;;;;;;;;;;;;;;;;;;;;;;;;;;;;;;;;;;;;;;;;;;;;;;;;;;;;;;;;;;;;;;;;;;;;;;;;;;;;
A.3.10;Aceras;;;;;8,19;0,00%;;;0,00%;0,00%;;;;;;;;;;;;;;;;;;;;;;;;;;;;;;;;;;;;;;;;;;;;;;;;;;;;;;;;;;;;;;;;;;;;;;;;;;;;;;;;;;;;;;;;;;;;;;;;;;;;;;;;;;;;;;;;;;;;;
A.3.10.1;R Compresion;;;;;8,19;0,00%;;;0,00%;0,00%;8,19;;;;;;;;;;;;;;;;;;;;;;;;;;;;;;;;;;;;;;;;;;;;;;;;;;;;;;;;;;;;;;;;;;;;;;;;;;;;;;;;;;;;;;;;;;;;;;;;;;;;;;;;;;;;;;;;;;;;
A.3.11;Soleras;;;;;4,37;0,00%;;;0,00%;0,00%;;;;;;;;;;;;;;;;;;;;;;;;;;;;;;;;;;;;;;;;;;;;;;;;;;;;;;;;;;;;;;;;;;;;;;;;;;;;;;;;;;;;;;;;;;;;;;;;;;;;;;;;;;;;;;;;;;;;;
A.3.11.1;Resistencia a Compresion;;;;;4,37;0,00%;;;0,00%;0,00%;4,37;;;;;;;;;;;;;;;;;;;;;;;;;;;;;;;;;;;;;;;;;;;;;;;;;;;;;;;;;;;;;;;;;;;;;;;;;;;;;;;;;;;;;;;;;;;;;;;;;;;;;;;;;;;;;;;;;;;;
A.3.2;Madera;;;;;;0,00%;;;0,00%;0,00%;;;;;;;;;;;;;;;;;;;;;;;;;;;;;;;;;;;;;;;;;;;;;;;;;;;;;;;;;;;;;;;;;;;;;;;;;;;;;;;;;;;;;;;;;;;;;;;;;;;;;;;;;;;;;;;;;;;;;
A.3.3;Hormigon;;;;;263,25;0,08%;79,5236;30,21;0,10%;0,02%;;;;;;;;;;;;;;;;;;;;;;;;;;;;;;;;;;;;;;;;;;;;;;;;;;;;;;;;;;;;;;;;;;;;;;;;;;;;;;;;;;;;;;;;;;;;;;;;;;;;;;;;;;;;;;;;;;;;;
A.3.3.1;R Compresion;;;;;216,45;0,06%;65,3861;30,21;0,08%;0,02%;216,45;65,3861;30,21;E01:0,4509;E02:0,0000;E03:0,0000;E04:5,4113;E05:4,3290;E06:3,7879;E07:0,0000;E08:0,0000;E09:4,3290;E10:10,8225;E11:10,8225;E12:10,8225;E13:0,0000;E14:0,9019;E15:0,0000;E16:0,9019;E17:0,9019;E18:1,0823;E19:0,0000;E20:10,8225;;;;;;;;;;;;;;;;;;;;;;;;;;;;;;;;;;;;;;;;;;;;;;;;;;;;;;;;;;;;;;;;;;;;;;;;;;;;;;;;;;;;;;;;;;;;;;
A.3.3.2;Docilidad ;;;;;46,8;0,01%;14,1375;30,21;0,02%;0,00%;46,8;14,1375;30,21;E01:0,0975;E02:0,0000;E03:0,0000;E04:1,1700;E05:0,9360;E06:0,8190;E07:0,0000;E08:0,0000;E09:0,9360;E10:2,3400;E11:2,3400;E12:2,3400;E13:0,0000;E14:0,1950;E15:0,0000;E16:0,1950;E17:0,1950;E18:0,2340;E19:0,0000;E20:2,3400;;;;;;;;;;;;;;;;;;;;;;;;;;;;;;;;;;;;;;;;;;;;;;;;;;;;;;;;;;;;;;;;;;;;;;;;;;;;;;;;;;;;;;;;;;;;;;
A.3.4;Albanileria;;;;;;0,00%;;;0,00%;0,00%;;;;;;;;;;;;;;;;;;;;;;;;;;;;;;;;;;;;;;;;;;;;;;;;;;;;;;;;;;;;;;;;;;;;;;;;;;;;;;;;;;;;;;;;;;;;;;;;;;;;;;;;;;;;;;;;;;;;;
A.3.5;Instalaciones sanitarias;;;;;89,1;0,03%;12,73;14,29;0,02%;0,00%;;;;;;;;;;;;;;;;;;;;;;;;;;;;;;;;;;;;;;;;;;;;;;;;;;;;;;;;;;;;;;;;;;;;;;;;;;;;;;;;;;;;;;;;;;;;;;;;;;;;;;;;;;;;;;;;;;;;;
A.3.5.1;Pruebas red agua potable;;;;;62,7;0,02%;12,73;20,3;0,02%;0,00%;62,7;12,73;20,3;E04,P2,D21:0,1900;E04,P2,D22:0,1900;E04,P2,D23:0,1900;E04,P2,D24:0,1900;E04,P3,D31:0,1900;E04,P3,D32:0,1900;E04,P3,D33:0,1900;E05,P2,D21:0,1900;E05,P2,D22:0,1900;E05,P2,D23:0,1900;E05,P2,D24:0,1900;E06,P2,D21:0,1900;E06,P2,D22:0,1900;E06,P2,D23:0,1900;E06,P2,D24:0,1900;E09,P2,D21:0,1900;E09,P2,D22:0,1900;E09,P2,D23:0,1900;E09,P2,D24:0,1900;E10,P2,D21:0,1900;E10,P2,D22:0,1900;E10,P2,D23:0,1900;E10,P2,D24:0,1900;E10,P3,D31:0,1900;E10,P3,D32:0,1900;E10,P3,D33:0,1900;E10,P4,D34:0,1900;E10,P4,D41:0,1900;E10,P4,D42:0,1900;E10,P4,D43:0,1900;E10,P4,D44:0,1900;E11,P2,D21:0,1900;E11,P2,D22:0,1900;E11,P2,D23:0,1900;E11,P2,D24:0,1900;E11,P3,D31:0,1900;E11,P3,D32:0,1900;E11,P3,D33:0,1900;E11,P4,D34:0,1900;E11,P4,D41:0,1900;E11,P4,D42:0,1900;E11,P4,D43:0,1900;E11,P4,D44:0,1900;E12,P2,D21:0,1900;E12,P2,D22:0,1900;E12,P2,D23:0,1900;E12,P2,D24:0,1900;E12,P3,D31:0,1900;E12,P3,D32:0,1900;E12,P3,D33:0,1900;E12,P4,D34:0,1900;E12,P4,D41:0,1900;E12,P4,D42:0,1900;E12,P4,D43:0,1900;E12,P4,D44:0,1900;E20,P2,D21:0,1900;E20,P2,D22:0,1900;E20,P2,D23:0,1900;E20,P2,D24:0,1900;E20,P3,D31:0,1900;E20,P3,D32:0,1900;E20,P3,D33:0,1900;E20,P4,D34:0,1900;E20,P4,D41:0,1900;E20,P4,D42:0,1900;E20,P4,D43:0,1900;E20,P4,D44:0,1900;;;;;;;;;;;;;;;;;;;;;;;;;;;;;;;;;;;;;;;;;;;;;;;
A.3.5.2;Pruebas red alcantarillado;;;;;26,4;0,01%;;;0,00%;0,00%;26,4;;;;;;;;;;;;;;;;;;;;;;;;;;;;;;;;;;;;;;;;;;;;;;;;;;;;;;;;;;;;;;;;;;;;;;;;;;;;;;;;;;;;;;;;;;;;;;;;;;;;;;;;;;;;;;;;;;;;
A.3.6;Subrasante;;;;;40,01;0,01%;;;0,00%;0,00%;;;;;;;;;;;;;;;;;;;;;;;;;;;;;;;;;;;;;;;;;;;;;;;;;;;;;;;;;;;;;;;;;;;;;;;;;;;;;;;;;;;;;;;;;;;;;;;;;;;;;;;;;;;;;;;;;;;;;
A.3.6.1;Proctor;;;;;16,56;0,00%;;;0,00%;0,00%;16,56;;;;;;;;;;;;;;;;;;;;;;;;;;;;;;;;;;;;;;;;;;;;;;;;;;;;;;;;;;;;;;;;;;;;;;;;;;;;;;;;;;;;;;;;;;;;;;;;;;;;;;;;;;;;;;;;;;;;
A.3.6.2;CBR o Densidad relativa;;;;;4,8;0,00%;;;0,00%;0,00%;4,8;;;;;;;;;;;;;;;;;;;;;;;;;;;;;;;;;;;;;;;;;;;;;;;;;;;;;;;;;;;;;;;;;;;;;;;;;;;;;;;;;;;;;;;;;;;;;;;;;;;;;;;;;;;;;;;;;;;;
A.3.6.3;Limites de Aterberg;;;;;5;0,00%;;;0,00%;0,00%;5;;;;;;;;;;;;;;;;;;;;;;;;;;;;;;;;;;;;;;;;;;;;;;;;;;;;;;;;;;;;;;;;;;;;;;;;;;;;;;;;;;;;;;;;;;;;;;;;;;;;;;;;;;;;;;;;;;;;
A.3.6.4;Densidad maxima compactada seca;;;;;13,65;0,00%;;;0,00%;0,00%;13,65;;;;;;;;;;;;;;;;;;;;;;;;;;;;;;;;;;;;;;;;;;;;;;;;;;;;;;;;;;;;;;;;;;;;;;;;;;;;;;;;;;;;;;;;;;;;;;;;;;;;;;;;;;;;;;;;;;;;
A.3.7;Sub base, base o mejoramientos;;;;;92,73;0,03%;;;0,00%;0,00%;;;;;;;;;;;;;;;;;;;;;;;;;;;;;;;;;;;;;;;;;;;;;;;;;;;;;;;;;;;;;;;;;;;;;;;;;;;;;;;;;;;;;;;;;;;;;;;;;;;;;;;;;;;;;;;;;;;;;
A.3.7.1;Proctor;;;;;49,68;0,01%;;;0,00%;0,00%;49,68;;;;;;;;;;;;;;;;;;;;;;;;;;;;;;;;;;;;;;;;;;;;;;;;;;;;;;;;;;;;;;;;;;;;;;;;;;;;;;;;;;;;;;;;;;;;;;;;;;;;;;;;;;;;;;;;;;;;
A.3.7.2;CBR o Densidad relativa;;;;;14,4;0,00%;;;0,00%;0,00%;14,4;;;;;;;;;;;;;;;;;;;;;;;;;;;;;;;;;;;;;;;;;;;;;;;;;;;;;;;;;;;;;;;;;;;;;;;;;;;;;;;;;;;;;;;;;;;;;;;;;;;;;;;;;;;;;;;;;;;;
A.3.7.3;Limistes de Aterberg;;;;;15;0,00%;;;0,00%;0,00%;15;;;;;;;;;;;;;;;;;;;;;;;;;;;;;;;;;;;;;;;;;;;;;;;;;;;;;;;;;;;;;;;;;;;;;;;;;;;;;;;;;;;;;;;;;;;;;;;;;;;;;;;;;;;;;;;;;;;;
A.3.7.5;Densidad maxima compactada seca;;;;;13,65;0,00%;;;0,00%;0,00%;13,65;;;;;;;;;;;;;;;;;;;;;;;;;;;;;;;;;;;;;;;;;;;;;;;;;;;;;;;;;;;;;;;;;;;;;;;;;;;;;;;;;;;;;;;;;;;;;;;;;;;;;;;;;;;;;;;;;;;;
A.3.8;Cemento Asfaltico;;;;;8,72;0,00%;;;0,00%;0,00%;;;;;;;;;;;;;;;;;;;;;;;;;;;;;;;;;;;;;;;;;;;;;;;;;;;;;;;;;;;;;;;;;;;;;;;;;;;;;;;;;;;;;;;;;;;;;;;;;;;;;;;;;;;;;;;;;;;;;
A.3.8.1;Ensayos de ligante;;;;;8,72;0,00%;;;0,00%;0,00%;8,72;;;;;;;;;;;;;;;;;;;;;;;;;;;;;;;;;;;;;;;;;;;;;;;;;;;;;;;;;;;;;;;;;;;;;;;;;;;;;;;;;;;;;;;;;;;;;;;;;;;;;;;;;;;;;;;;;;;;
A.3.9;Mezcla asfaltica;;;;;67,3;0,02%;;;0,00%;0,00%;;;;;;;;;;;;;;;;;;;;;;;;;;;;;;;;;;;;;;;;;;;;;;;;;;;;;;;;;;;;;;;;;;;;;;;;;;;;;;;;;;;;;;;;;;;;;;;;;;;;;;;;;;;;;;;;;;;;;
A.3.9.1;Ensayo Marshall;;;;;2,5;0,00%;;;0,00%;0,00%;2,5;;;;;;;;;;;;;;;;;;;;;;;;;;;;;;;;;;;;;;;;;;;;;;;;;;;;;;;;;;;;;;;;;;;;;;;;;;;;;;;;;;;;;;;;;;;;;;;;;;;;;;;;;;;;;;;;;;;;
A.3.9.2;Ensayo de extraccion;;;;;26;0,01%;;;0,00%;0,00%;26;;;;;;;;;;;;;;;;;;;;;;;;;;;;;;;;;;;;;;;;;;;;;;;;;;;;;;;;;;;;;;;;;;;;;;;;;;;;;;;;;;;;;;;;;;;;;;;;;;;;;;;;;;;;;;;;;;;;
A.3.9.3;Espesores;;;;;12;0,00%;;;0,00%;0,00%;12;;;;;;;;;;;;;;;;;;;;;;;;;;;;;;;;;;;;;;;;;;;;;;;;;;;;;;;;;;;;;;;;;;;;;;;;;;;;;;;;;;;;;;;;;;;;;;;;;;;;;;;;;;;;;;;;;;;;
A.3.9.4;Granulometria de la mezcla;;;;;14;0,00%;;;0,00%;0,00%;14;;;;;;;;;;;;;;;;;;;;;;;;;;;;;;;;;;;;;;;;;;;;;;;;;;;;;;;;;;;;;;;;;;;;;;;;;;;;;;;;;;;;;;;;;;;;;;;;;;;;;;;;;;;;;;;;;;;;
A.3.9.5;HI - LOW;;;;;12,8;0,00%;;;0,00%;0,00%;12,8;;;;;;;;;;;;;;;;;;;;;;;;;;;;;;;;;;;;;;;;;;;;;;;;;;;;;;;;;;;;;;;;;;;;;;;;;;;;;;;;;;;;;;;;;;;;;;;;;;;;;;;;;;;;;;;;;;;;
B;OBRA GRUESA;109819,06;43062,2571;39,21%;39,21;109819,06;31,76%;43062,2571;39,21;52,32%;12,45%;;;;;;;;;;;;;;;;;;;;;;;;;;;;;;;;;;;;;;;;;;;;;;;;;;;;;;;;;;;;;;;;;;;;;;;;;;;;;;;;;;;;;;;;;;;;;;;;;;;;;;;;;;;;;;;;;;;;;
B.1;FUNDACIONES;;;;;29826,74;8,63%;21212,8116;71,12;25,77%;6,13%;;;;;;;;;;;;;;;;;;;;;;;;;;;;;;;;;;;;;;;;;;;;;;;;;;;;;;;;;;;;;;;;;;;;;;;;;;;;;;;;;;;;;;;;;;;;;;;;;;;;;;;;;;;;;;;;;;;;;
B.1.1;Replanteo, trazado y niveles;;;;;253,87;0,07%;183,4214;72,25;0,22%;0,05%;253,87;183,4214;72,25;E01,L0:6,3468;E01,L1:0,0000;E02,L1:6,3468;E03,L1:6,3468;E04,L1:12,6935;E05,L1:12,6935;E06,L1:12,6935;E07,L1:9,5201;E08,L1:9,5201;E09,L1:9,5201;E10,L1:12,6935;E11,L1:12,6935;E12,L1:12,6935;E13,L1:8,8855;E14,L0:6,3468;E14,L1:0,0000;E15,L0:0,0000;E15,L1:0,0000;E16,L0:6,3468;E16,L1:0,0000;E17,L0:6,3468;E17,L1:0,0000;E18,L1:12,6935;E19,L1:6,3468;E20,L1:12,6935;;;;;;;;;;;;;;;;;;;;;;;;;;;;;;;;;;;;;;;;;;;;;;;;;;;;;;;;;;;;;;;;;;;;;;;;;;;;;;;;;;;;;;;;;
B.1.2;Excavacion;;;;;466,45;0,13%;363,8314;78;0,44%;0,11%;466,45;363,8314;78;E01,L0:11,6613;E01,L1:0,0000;E02,L1:16,3258;E03,L1:16,3258;E04,L1:23,3225;E05,L1:23,3225;E06,L1:23,3225;E07,L1:23,3225;E08,L1:23,3225;E09,L1:23,3225;E10,L1:23,3225;E11,L1:23,3225;E12,L1:23,3225;E13,L1:16,3258;E14,L0:11,6613;E14,L1:0,0000;E15,L0:0,0000;E15,L1:0,0000;E16,L0:11,6613;E16,L1:0,0000;E17,L0:11,6613;E17,L1:0,0000;E18,L1:23,3225;E19,L1:11,6613;E20,L1:23,3225;;;;;;;;;;;;;;;;;;;;;;;;;;;;;;;;;;;;;;;;;;;;;;;;;;;;;;;;;;;;;;;;;;;;;;;;;;;;;;;;;;;;;;;;;
B.1.3;Emplantillado;;;;;860,24;0,25%;610,7704;71;0,74%;0,18%;860,24;610,7704;71;E01,L0:21,5060;E01,L1:0,0000;E02,L1:0,0000;E03,L1:0,0000;E04,L1:43,0120;E05,L1:43,0120;E06,L1:43,0120;E07,L1:43,0120;E08,L1:43,0120;E09,L1:43,0120;E10,L1:43,0120;E11,L1:43,0120;E12,L1:43,0120;E13,L1:30,1084;E14,L0:21,5060;E14,L1:0,0000;E15,L0:0,0000;E15,L1:0,0000;E16,L0:21,5060;E16,L1:0,0000;E17,L0:21,5060;E17,L1:0,0000;E18,L1:43,0120;E19,L1:21,5060;E20,L1:43,0120;;;;;;;;;;;;;;;;;;;;;;;;;;;;;;;;;;;;;;;;;;;;;;;;;;;;;;;;;;;;;;;;;;;;;;;;;;;;;;;;;;;;;;;;;
B.1.4;Hormigon cimientos ;;;;;9720,63;2,81%;6901,6476;71;8,38%;2,00%;9720,63;6901,6476;71;E01,L0:243,0158;E01,L1:0,0000;E02,L1:0,0000;E03,L1:0,0000;E04,L1:486,0315;E05,L1:486,0315;E06,L1:486,0315;E07,L1:486,0315;E08,L1:486,0315;E09,L1:486,0315;E10,L1:486,0315;E11,L1:486,0315;E12,L1:486,0315;E13,L1:340,2221;E14,L0:243,0158;E14,L1:0,0000;E15,L0:0,0000;E15,L1:0,0000;E16,L0:243,0158;E16,L1:0,0000;E17,L0:243,0158;E17,L1:0,0000;E18,L1:486,0315;E19,L1:243,0158;E20,L1:486,0315;;;;;;;;;;;;;;;;;;;;;;;;;;;;;;;;;;;;;;;;;;;;;;;;;;;;;;;;;;;;;;;;;;;;;;;;;;;;;;;;;;;;;;;;;
B.1.6;Enfierradura;;;;;10238,58;2,96%;7269,3918;71;8,83%;2,10%;10238,58;7269,3918;71;E01,L0:255,9645;E01,L1:0,0000;E02,L1:0,0000;E03,L1:0,0000;E04,L1:511,9290;E05,L1:511,9290;E06,L1:511,9290;E07,L1:511,9290;E08,L1:511,9290;E09,L1:511,9290;E10,L1:511,9290;E11,L1:511,9290;E12,L1:511,9290;E13,L1:358,3503;E14,L0:255,9645;E14,L1:0,0000;E15,L0:0,0000;E15,L1:0,0000;E16,L0:255,9645;E16,L1:0,0000;E17,L0:255,9645;E17,L1:0,0000;E18,L1:511,9290;E19,L1:255,9645;E20,L1:511,9290;;;;;;;;;;;;;;;;;;;;;;;;;;;;;;;;;;;;;;;;;;;;;;;;;;;;;;;;;;;;;;;;;;;;;;;;;;;;;;;;;;;;;;;;;
B.1.7;Moldajes;;;;;8286,97;2,40%;5883,749;71;7,15%;1,70%;8286,97;5883,749;71;E01,L0:207,1743;E01,L1:0,0000;E02,L1:0,0000;E03,L1:0,0000;E04,L1:414,3485;E05,L1:414,3485;E06,L1:414,3485;E07,L1:414,3485;E08,L1:414,3485;E09,L1:414,3485;E10,L1:414,3485;E11,L1:414,3485;E12,L1:414,3485;E13,L1:290,0440;E14,L0:207,1743;E14,L1:0,0000;E15,L0:0,0000;E15,L1:0,0000;E16,L0:207,1743;E16,L1:0,0000;E17,L0:207,1743;E17,L1:0,0000;E18,L1:414,3485;E19,L1:207,1743;E20,L1:414,3485;;;;;;;;;;;;;;;;;;;;;;;;;;;;;;;;;;;;;;;;;;;;;;;;;;;;;;;;;;;;;;;;;;;;;;;;;;;;;;;;;;;;;;;;;
B.3;MUROS 1 piso ;;;;;10485,04;3,03%;4914,0935;46,87;5,97%;1,42%;;;;;;;;;;;;;;;;;;;;;;;;;;;;;;;;;;;;;;;;;;;;;;;;;;;;;;;;;;;;;;;;;;;;;;;;;;;;;;;;;;;;;;;;;;;;;;;;;;;;;;;;;;;;;;;;;;;;;
B.3.1;Hormigon Armado;;;;;10485,04;3,03%;4914,0935;46,87;5,97%;1,42%;;;;;;;;;;;;;;;;;;;;;;;;;;;;;;;;;;;;;;;;;;;;;;;;;;;;;;;;;;;;;;;;;;;;;;;;;;;;;;;;;;;;;;;;;;;;;;;;;;;;;;;;;;;;;;;;;;;;;
B.3.1.1;Hormigon pilares Vigas y Cadenas;;;;;3422,08;0,99%;1444,8778;42,22;1,76%;0,42%;3422,08;1444,8778;42,22;E04,P1:152,0924;E05,P1:152,0924;E06,P1:152,0924;E09,P1:152,0924;E10,P1:152,0924;E11,P1:152,0924;E12,P1:152,0924;E14,P0:76,0462;E16,P0:76,0462;E17,P0:76,0462;E20,P1:152,0924;;;;;;;;;;;;;;;;;;;;;;;;;;;;;;;;;;;;;;;;;;;;;;;;;;;;;;;;;;;;;;;;;;;;;;;;;;;;;;;;;;;;;;;;;;;;;;;;;;;;;;;
B.3.1.2;Enfierradura pilares,vigas y cadenas;;;;;4383,69;1,27%;2337,9682;53,33;2,84%;0,68%;4383,69;2337,9682;53,33;E04,P1:194,8307;E05,P1:194,8307;E06,P1:194,8307;E07,P1:194,8307;E08,P1:97,4153;E09,P1:194,8307;E10,P1:194,8307;E11,P1:194,8307;E12,P1:194,8307;E14,P0:97,4153;E16,P0:97,4153;E17,P0:97,4153;E18,P1:194,8307;E20,P1:194,8307;;;;;;;;;;;;;;;;;;;;;;;;;;;;;;;;;;;;;;;;;;;;;;;;;;;;;;;;;;;;;;;;;;;;;;;;;;;;;;;;;;;;;;;;;;;;;;;;;;;;
B.3.1.3;Moldajes pilares vigas y cadenas;;;;;2679,27;0,77%;1131,2475;42,22;1,37%;0,33%;2679,27;1131,2475;42,22;E04,P1:119,0787;E05,P1:119,0787;E06,P1:119,0787;E09,P1:119,0787;E10,P1:119,0787;E11,P1:119,0787;E12,P1:119,0787;E14,P0:59,5393;E16,P0:59,5393;E17,P0:59,5393;E20,P1:119,0787;;;;;;;;;;;;;;;;;;;;;;;;;;;;;;;;;;;;;;;;;;;;;;;;;;;;;;;;;;;;;;;;;;;;;;;;;;;;;;;;;;;;;;;;;;;;;;;;;;;;;;;
B.4;ENTREPISO 1 piso - 2 piso - 3 piso - Losa 4 piso;;;;;32509,5;9,40%;8669,199;26,67;10,53%;2,51%;;;;;;;;;;;;;;;;;;;;;;;;;;;;;;;;;;;;;;;;;;;;;;;;;;;;;;;;;;;;;;;;;;;;;;;;;;;;;;;;;;;;;;;;;;;;;;;;;;;;;;;;;;;;;;;;;;;;;
B.4.1;Losa de hormigon armado;;;;;32509,5;9,40%;8669,199;26,67;10,53%;2,51%;;;;;;;;;;;;;;;;;;;;;;;;;;;;;;;;;;;;;;;;;;;;;;;;;;;;;;;;;;;;;;;;;;;;;;;;;;;;;;;;;;;;;;;;;;;;;;;;;;;;;;;;;;;;;;;;;;;;;
B.4.1.1;Hormigon ;;;;;10527,36;3,04%;2807,2968;26,67;3,41%;0,81%;10527,36;2807,2968;26,67;E04,P1:127,6044;E04,P2:127,6044;E05,P1:127,6044;E06,P1:127,6044;E09,P1:127,6044;E09,P2:127,6044;E10,P1:127,6044;E10,P2:127,6044;E10,P3:127,6044;E10,P4:127,6044;E11,P1:127,6044;E11,P2:127,6044;E11,P3:127,6044;E11,P4:127,6044;E12,P1:127,6044;E12,P2:127,6044;E12,P3:127,6044;E12,P4:127,6044;E20,P1:127,6044;E20,P2:127,6044;E20,P3:127,6044;E20,P4:127,6044;;;;;;;;;;;;;;;;;;;;;;;;;;;;;;;;;;;;;;;;;;;;;;;;;;;;;;;;;;;;;;;;;;;;;;;;;;;;;;;;;;;;;;;;;;;;
B.4.1.2;Enfierradura;;;;;12631,85;3,65%;3368,4926;26,67;4,09%;0,97%;12631,85;3368,4926;26,67;E04,P1:153,1133;E04,P2:153,1133;E05,P1:153,1133;E06,P1:153,1133;E09,P1:153,1133;E09,P2:153,1133;E10,P1:153,1133;E10,P2:153,1133;E10,P3:153,1133;E10,P4:153,1133;E11,P1:153,1133;E11,P2:153,1133;E11,P3:153,1133;E11,P4:153,1133;E12,P1:153,1133;E12,P2:153,1133;E12,P3:153,1133;E12,P4:153,1133;E20,P1:153,1133;E20,P2:153,1133;E20,P3:153,1133;E20,P4:153,1133;;;;;;;;;;;;;;;;;;;;;;;;;;;;;;;;;;;;;;;;;;;;;;;;;;;;;;;;;;;;;;;;;;;;;;;;;;;;;;;;;;;;;;;;;;;;
B.4.1.3;Moldajes;;;;;9350,29;2,70%;2493,4096;26,67;3,03%;0,72%;9350,29;2493,4096;26,67;E04,P1:113,3368;E04,P2:113,3368;E05,P1:113,3368;E06,P1:113,3368;E09,P1:113,3368;E09,P2:113,3368;E10,P1:113,3368;E10,P2:113,3368;E10,P3:113,3368;E10,P4:113,3368;E11,P1:113,3368;E11,P2:113,3368;E11,P3:113,3368;E11,P4:113,3368;E12,P1:113,3368;E12,P2:113,3368;E12,P3:113,3368;E12,P4:113,3368;E20,P1:113,3368;E20,P2:113,3368;E20,P3:113,3368;E20,P4:113,3368;;;;;;;;;;;;;;;;;;;;;;;;;;;;;;;;;;;;;;;;;;;;;;;;;;;;;;;;;;;;;;;;;;;;;;;;;;;;;;;;;;;;;;;;;;;;
B.5;MUROS 2 PISO - 3 PISO - 4 PISO;;;;;31161,01;9,01%;8049,9281;25,83;9,78%;2,33%;;;;;;;;;;;;;;;;;;;;;;;;;;;;;;;;;;;;;;;;;;;;;;;;;;;;;;;;;;;;;;;;;;;;;;;;;;;;;;;;;;;;;;;;;;;;;;;;;;;;;;;;;;;;;;;;;;;;;
B.5.1;Hormigon armado;;;;;31161,01;9,01%;8049,9281;25,83;9,78%;2,33%;;;;;;;;;;;;;;;;;;;;;;;;;;;;;;;;;;;;;;;;;;;;;;;;;;;;;;;;;;;;;;;;;;;;;;;;;;;;;;;;;;;;;;;;;;;;;;;;;;;;;;;;;;;;;;;;;;;;;
B.5.1.1;Hormigon pilares Vigas y Cadenas;;;;;9671,22;2,80%;2498,3985;25,83;3,04%;0,72%;9671,22;2498,3985;25,83;E04,P2:161,1870;E05,P2:161,1870;E06,P2:80,5935;E09,P2:161,1870;E10,P2:161,1870;E10,P3:161,1870;E10,P4:161,1870;E11,P2:161,1870;E11,P3:161,1870;E11,P4:161,1870;E12,P2:161,1870;E12,P3:161,1870;E12,P4:161,1870;E20,P2:161,1870;E20,P3:161,1870;E20,P4:161,1870;;;;;;;;;;;;;;;;;;;;;;;;;;;;;;;;;;;;;;;;;;;;;;;;;;;;;;;;;;;;;;;;;;;;;;;;;;;;;;;;;;;;;;;;;;;;;;;;;;
B.5.1.2;Enfierradura pilares,vigas y cadenas;;;;;12335,71;3,57%;3186,7256;25,83;3,87%;0,92%;12335,71;3186,7256;25,83;E04,P2:205,5952;E05,P2:205,5952;E06,P2:102,7976;E09,P2:205,5952;E10,P2:205,5952;E10,P3:205,5952;E10,P4:205,5952;E11,P2:205,5952;E11,P3:205,5952;E11,P4:205,5952;E12,P2:205,5952;E12,P3:205,5952;E12,P4:205,5952;E20,P2:205,5952;E20,P3:205,5952;E20,P4:205,5952;;;;;;;;;;;;;;;;;;;;;;;;;;;;;;;;;;;;;;;;;;;;;;;;;;;;;;;;;;;;;;;;;;;;;;;;;;;;;;;;;;;;;;;;;;;;;;;;;;
B.5.1.3;Moldajes pilares vigas y cadenas;;;;;9154,08;2,65%;2364,804;25,83;2,87%;0,68%;9154,08;2364,804;25,83;E04,P2:152,5680;E05,P2:152,5680;E06,P2:76,2840;E09,P2:152,5680;E10,P2:152,5680;E10,P3:152,5680;E10,P4:152,5680;E11,P2:152,5680;E11,P3:152,5680;E11,P4:152,5680;E12,P2:152,5680;E12,P3:152,5680;E12,P4:152,5680;E20,P2:152,5680;E20,P3:152,5680;E20,P4:152,5680;;;;;;;;;;;;;;;;;;;;;;;;;;;;;;;;;;;;;;;;;;;;;;;;;;;;;;;;;;;;;;;;;;;;;;;;;;;;;;;;;;;;;;;;;;;;;;;;;;
B.6;CUBIERTA;;;;;935;0,27%;;;0,00%;0,00%;;;;;;;;;;;;;;;;;;;;;;;;;;;;;;;;;;;;;;;;;;;;;;;;;;;;;;;;;;;;;;;;;;;;;;;;;;;;;;;;;;;;;;;;;;;;;;;;;;;;;;;;;;;;;;;;;;;;;
B.6.1;Estructura ;;;;;;0,00%;;;0,00%;0,00%;;;;;;;;;;;;;;;;;;;;;;;;;;;;;;;;;;;;;;;;;;;;;;;;;;;;;;;;;;;;;;;;;;;;;;;;;;;;;;;;;;;;;;;;;;;;;;;;;;;;;;;;;;;;;;;;;;;;;
B.6.3.2;Bajadas;;;;;935;0,27%;;;0,00%;0,00%;935;;;;;;;;;;;;;;;;;;;;;;;;;;;;;;;;;;;;;;;;;;;;;;;;;;;;;;;;;;;;;;;;;;;;;;;;;;;;;;;;;;;;;;;;;;;;;;;;;;;;;;;;;;;;;;;;;;;;
B.7;ESCALERAS ESPACIOS COMUNES;;;;;1762,05;0,51%;;;0,00%;0,00%;;;;;;;;;;;;;;;;;;;;;;;;;;;;;;;;;;;;;;;;;;;;;;;;;;;;;;;;;;;;;;;;;;;;;;;;;;;;;;;;;;;;;;;;;;;;;;;;;;;;;;;;;;;;;;;;;;;;;
B.7.1;Escalera (estructura, peldanos, baranda y pasamanos);;;;;1762,05;0,51%;;;0,00%;0,00%;1762,05;;;;;;;;;;;;;;;;;;;;;;;;;;;;;;;;;;;;;;;;;;;;;;;;;;;;;;;;;;;;;;;;;;;;;;;;;;;;;;;;;;;;;;;;;;;;;;;;;;;;;;;;;;;;;;;;;;;;
B.EX;PARTIDAS DE OBRA GRUESA AGREGADAS POR LA EMPRESA;;;;;3139,72;0,91%;216,2249;6,89;0,26%;0,06%;;;;;;;;;;;;;;;;;;;;;;;;;;;;;;;;;;;;;;;;;;;;;;;;;;;;;;;;;;;;;;;;;;;;;;;;;;;;;;;;;;;;;;;;;;;;;;;;;;;;;;;;;;;;;;;;;;;;;
B.EX.1;Sobrelosa techumbre;;;;;2830,37;0,82%;169,8224;6;0,21%;0,05%;2830,37;169,8224;6;E10:42,4556;E11:42,4556;E12:42,4556;E20:42,4556;;;;;;;;;;;;;;;;;;;;;;;;;;;;;;;;;;;;;;;;;;;;;;;;;;;;;;;;;;;;;;;;;;;;;;;;;;;;;;;;;;;;;;;;;;;;;;;;;;;;;;;;;;;;;;
B.EX.2;Junta dilatacion;;;;;309,35;0,09%;46,4025;15;0,06%;0,01%;309,35;46,4025;15;E11:15,4675;E12:15,4675;E13:15,4675;;;;;;;;;;;;;;;;;;;;;;;;;;;;;;;;;;;;;;;;;;;;;;;;;;;;;;;;;;;;;;;;;;;;;;;;;;;;;;;;;;;;;;;;;;;;;;;;;;;;;;;;;;;;;;;
C;OBRAS DE TERMINACIoN;90077,48;1503,2835;1,67%;1,67;90077,48;26,05%;1503,2835;1,67;1,83%;0,43%;;;;;;;;;;;;;;;;;;;;;;;;;;;;;;;;;;;;;;;;;;;;;;;;;;;;;;;;;;;;;;;;;;;;;;;;;;;;;;;;;;;;;;;;;;;;;;;;;;;;;;;;;;;;;;;;;;;;;
C.1;REVESTIMIENTOS MUROS Y TABIQUES ;;;;;36477,24;10,55%;937,2968;2,57;1,14%;0,27%;;;;;;;;;;;;;;;;;;;;;;;;;;;;;;;;;;;;;;;;;;;;;;;;;;;;;;;;;;;;;;;;;;;;;;;;;;;;;;;;;;;;;;;;;;;;;;;;;;;;;;;;;;;;;;;;;;;;;
C.1.1;Exterior;;;;;8996,16;2,60%;27,2611;0,3;0,03%;0,01%;;;;;;;;;;;;;;;;;;;;;;;;;;;;;;;;;;;;;;;;;;;;;;;;;;;;;;;;;;;;;;;;;;;;;;;;;;;;;;;;;;;;;;;;;;;;;;;;;;;;;;;;;;;;;;;;;;;;;
C.1.1.1;Estuco(Maquillaje de superficies);;;;;8996,16;2,60%;27,2611;0,3;0,03%;0,01%;8996,16;27,2611;0,3;E12,P1,D13:27,2611;;;;;;;;;;;;;;;;;;;;;;;;;;;;;;;;;;;;;;;;;;;;;;;;;;;;;;;;;;;;;;;;;;;;;;;;;;;;;;;;;;;;;;;;;;;;;;;;;;;;;;;;;;;;;;;;;
C.1.2;Interior zona seca;;;;;10061,82;2,91%;679,0115;6,75;0,82%;0,20%;;;;;;;;;;;;;;;;;;;;;;;;;;;;;;;;;;;;;;;;;;;;;;;;;;;;;;;;;;;;;;;;;;;;;;;;;;;;;;;;;;;;;;;;;;;;;;;;;;;;;;;;;;;;;;;;;;;;;
C.1.2.1;Estuco(Maquillaje de superficies);;;;;5467,5;1,58%;546,7506;10;0,66%;0,16%;5467,5;546,7506;10;E10,P1,D11:16,5682;E10,P1,D12:16,5682;E10,P1,D13:16,5682;E10,P1,D14:16,5682;E10,P2,D21:16,5682;E10,P2,D22:16,5682;E10,P2,D23:16,5682;E10,P2,D24:16,5682;E10,P3,D31:16,5682;E10,P3,D32:16,5682;E10,P3,D33:16,5682;E10,P4,D34:16,5682;E10,P4,D41:16,5682;E10,P4,D42:16,5682;E10,P4,D43:8,2841;E10,P4,D44:8,2841;E11,P1,D11:16,5682;E11,P1,D12:16,5682;E11,P1,D13:16,5682;E11,P1,D14:16,5682;E11,P2,D21:16,5682;E11,P2,D22:16,5682;E11,P2,D23:16,5682;E11,P2,D24:16,5682;E11,P3,D31:8,2841;E11,P3,D32:8,2841;E11,P3,D33:8,2841;E11,P4,D34:8,2841;E12,P1,D11:16,5682;E12,P1,D12:16,5682;E12,P1,D13:16,5682;E12,P1,D14:16,5682;E12,P2,D21:16,5682;E12,P2,D22:16,5682;E12,P2,D23:16,5682;E12,P2,D24:16,5682;;;;;;;;;;;;;;;;;;;;;;;;;;;;;;;;;;;;;;;;;;;;;;;;;;;;;;;;;;;;;;;;;;;;;;;;;;;;;;
C.1.2.2;Yeso carton;;;;;4594,32;1,33%;132,2609;2,88;0,16%;0,04%;4594,32;132,2609;2,88;E11,P1,D11:6,9611;E11,P1,D12:6,9611;E11,P1,D13:6,9611;E11,P1,D14:6,9611;E11,P2,D21:6,9611;E11,P2,D22:6,9611;E11,P2,D23:6,9611;E11,P2,D24:6,9611;E12,P1,D11:13,9222;E12,P1,D12:13,9222;E12,P1,D13:13,9222;E12,P1,D14:6,9611;E12,P2,D21:6,9611;E12,P2,D22:6,9611;E12,P2,D23:6,9611;E12,P2,D24:6,9611;;;;;;;;;;;;;;;;;;;;;;;;;;;;;;;;;;;;;;;;;;;;;;;;;;;;;;;;;;;;;;;;;;;;;;;;;;;;;;;;;;;;;;;;;;;;;;;;;;
C.1.3;Interior zona humeda;;;;;7376,88;2,13%;212,3649;2,88;0,26%;0,06%;;;;;;;;;;;;;;;;;;;;;;;;;;;;;;;;;;;;;;;;;;;;;;;;;;;;;;;;;;;;;;;;;;;;;;;;;;;;;;;;;;;;;;;;;;;;;;;;;;;;;;;;;;;;;;;;;;;;;
C.1.3.3;Yeso carton RH;;;;;7376,88;2,13%;212,3649;2,88;0,26%;0,06%;7376,88;212,3649;2,88;E11,P1,D11:11,1771;E11,P1,D12:11,1771;E11,P1,D13:11,1771;E11,P1,D14:11,1771;E11,P2,D21:11,1771;E11,P2,D22:11,1771;E11,P2,D23:11,1771;E11,P2,D24:11,1771;E12,P1,D11:22,3542;E12,P1,D12:22,3542;E12,P1,D13:22,3542;E12,P1,D14:11,1771;E12,P2,D21:11,1771;E12,P2,D22:11,1771;E12,P2,D23:11,1771;E12,P2,D24:11,1771;;;;;;;;;;;;;;;;;;;;;;;;;;;;;;;;;;;;;;;;;;;;;;;;;;;;;;;;;;;;;;;;;;;;;;;;;;;;;;;;;;;;;;;;;;;;;;;;;;
C.10;MOLDURAS;;;;;1017,92;0,29%;1,5423;0,15;0,00%;0,00%;;;;;;;;;;;;;;;;;;;;;;;;;;;;;;;;;;;;;;;;;;;;;;;;;;;;;;;;;;;;;;;;;;;;;;;;;;;;;;;;;;;;;;;;;;;;;;;;;;;;;;;;;;;;;;;;;;;;;
C.10.2;Cornizas;;;;;1017,92;0,29%;1,5423;0,15;0,00%;0,00%;1017,92;1,5423;0,15;E12,P1,D13:1,5423;;;;;;;;;;;;;;;;;;;;;;;;;;;;;;;;;;;;;;;;;;;;;;;;;;;;;;;;;;;;;;;;;;;;;;;;;;;;;;;;;;;;;;;;;;;;;;;;;;;;;;;;;;;;;;;;;
C.11;PINTURAS;;;;;7786,74;2,25%;17,117;0,22;0,02%;0,00%;;;;;;;;;;;;;;;;;;;;;;;;;;;;;;;;;;;;;;;;;;;;;;;;;;;;;;;;;;;;;;;;;;;;;;;;;;;;;;;;;;;;;;;;;;;;;;;;;;;;;;;;;;;;;;;;;;;;;
C.11.1;oleo;;;;;71,3;0,02%;;;0,00%;0,00%;71,3;;;;;;;;;;;;;;;;;;;;;;;;;;;;;;;;;;;;;;;;;;;;;;;;;;;;;;;;;;;;;;;;;;;;;;;;;;;;;;;;;;;;;;;;;;;;;;;;;;;;;;;;;;;;;;;;;;;;
C.11.2;Esmalte;;;;;3070,27;0,89%;4,6519;0,15;0,01%;0,00%;3070,27;4,6519;0,15;E12,P1,D13:4,6519;;;;;;;;;;;;;;;;;;;;;;;;;;;;;;;;;;;;;;;;;;;;;;;;;;;;;;;;;;;;;;;;;;;;;;;;;;;;;;;;;;;;;;;;;;;;;;;;;;;;;;;;;;;;;;;;;
C.11.5;Antioxidos;;;;;531,7;0,15%;;;0,00%;0,00%;531,7;;;;;;;;;;;;;;;;;;;;;;;;;;;;;;;;;;;;;;;;;;;;;;;;;;;;;;;;;;;;;;;;;;;;;;;;;;;;;;;;;;;;;;;;;;;;;;;;;;;;;;;;;;;;;;;;;;;;
C.11.6;Impermeabilizacion muro;;;;;888,88;0,26%;2,6936;0,3;0,00%;0,00%;888,88;2,6936;0,3;E12,P1,D13:2,6936;;;;;;;;;;;;;;;;;;;;;;;;;;;;;;;;;;;;;;;;;;;;;;;;;;;;;;;;;;;;;;;;;;;;;;;;;;;;;;;;;;;;;;;;;;;;;;;;;;;;;;;;;;;;;;;;;
C.11.7;Preparacion de superficie;;;;;3224,59;0,93%;9,7715;0,3;0,01%;0,00%;3224,59;9,7715;0,3;E12,P1,D13:9,7715;;;;;;;;;;;;;;;;;;;;;;;;;;;;;;;;;;;;;;;;;;;;;;;;;;;;;;;;;;;;;;;;;;;;;;;;;;;;;;;;;;;;;;;;;;;;;;;;;;;;;;;;;;;;;;;;;
C.12;OBRAS EXTERIORES;;;;;1237,72;0,36%;;;0,00%;0,00%;;;;;;;;;;;;;;;;;;;;;;;;;;;;;;;;;;;;;;;;;;;;;;;;;;;;;;;;;;;;;;;;;;;;;;;;;;;;;;;;;;;;;;;;;;;;;;;;;;;;;;;;;;;;;;;;;;;;;
C.12.1;Pavimento de Acceso ;;;;;400,41;0,12%;;;0,00%;0,00%;;;;;;;;;;;;;;;;;;;;;;;;;;;;;;;;;;;;;;;;;;;;;;;;;;;;;;;;;;;;;;;;;;;;;;;;;;;;;;;;;;;;;;;;;;;;;;;;;;;;;;;;;;;;;;;;;;;;;
C.12.1.2;Acera hormigon;;;;;400,41;0,12%;;;0,00%;0,00%;400,41;;;;;;;;;;;;;;;;;;;;;;;;;;;;;;;;;;;;;;;;;;;;;;;;;;;;;;;;;;;;;;;;;;;;;;;;;;;;;;;;;;;;;;;;;;;;;;;;;;;;;;;;;;;;;;;;;;;;
C.12.2;Cierros;;;;;837,31;0,24%;;;0,00%;0,00%;;;;;;;;;;;;;;;;;;;;;;;;;;;;;;;;;;;;;;;;;;;;;;;;;;;;;;;;;;;;;;;;;;;;;;;;;;;;;;;;;;;;;;;;;;;;;;;;;;;;;;;;;;;;;;;;;;;;;
C.12.2.1;Reja antejardin (incluye puertas y portones, alt, 1,80 m,);;;;;837,31;0,24%;;;0,00%;0,00%;837,31;;;;;;;;;;;;;;;;;;;;;;;;;;;;;;;;;;;;;;;;;;;;;;;;;;;;;;;;;;;;;;;;;;;;;;;;;;;;;;;;;;;;;;;;;;;;;;;;;;;;;;;;;;;;;;;;;;;;
C.3;CIELO;;;;;4502,39;1,30%;450,2388;10;0,55%;0,13%;;;;;;;;;;;;;;;;;;;;;;;;;;;;;;;;;;;;;;;;;;;;;;;;;;;;;;;;;;;;;;;;;;;;;;;;;;;;;;;;;;;;;;;;;;;;;;;;;;;;;;;;;;;;;;;;;;;;;
C.3.1;Enlucido losa;;;;;4502,39;1,30%;450,2388;10;0,55%;0,13%;4502,39;450,2388;10;E10,P1,D11:13,6436;E10,P1,D12:13,6436;E10,P1,D13:13,6436;E10,P1,D14:13,6436;E10,P2,D21:13,6436;E10,P2,D22:13,6436;E10,P2,D23:13,6436;E10,P2,D24:13,6436;E10,P3,D31:13,6436;E10,P3,D32:13,6436;E10,P3,D33:13,6436;E10,P4,D34:13,6436;E10,P4,D41:13,6436;E10,P4,D42:13,6436;E10,P4,D43:6,8218;E10,P4,D44:6,8218;E11,P1,D11:13,6436;E11,P1,D12:13,6436;E11,P1,D13:13,6436;E11,P1,D14:13,6436;E11,P2,D21:13,6436;E11,P2,D22:13,6436;E11,P2,D23:13,6436;E11,P2,D24:13,6436;E11,P3,D31:13,6436;E11,P3,D32:6,8218;E11,P3,D33:6,8218;E12,P1,D11:13,6436;E12,P1,D12:13,6436;E12,P1,D13:13,6436;E12,P1,D14:13,6436;E12,P2,D21:13,6436;E12,P2,D22:13,6436;E12,P2,D23:13,6436;E12,P2,D24:13,6436;;;;;;;;;;;;;;;;;;;;;;;;;;;;;;;;;;;;;;;;;;;;;;;;;;;;;;;;;;;;;;;;;;;;;;;;;;;;;;;
C.4;AISLACIoN TeRMICA CUBIERTA;;;;;1474,15;0,43%;;;0,00%;0,00%;;;;;;;;;;;;;;;;;;;;;;;;;;;;;;;;;;;;;;;;;;;;;;;;;;;;;;;;;;;;;;;;;;;;;;;;;;;;;;;;;;;;;;;;;;;;;;;;;;;;;;;;;;;;;;;;;;;;;
C.4.1;Poliestireno expandido;;;;;1474,15;0,43%;;;0,00%;0,00%;1474,15;;;;;;;;;;;;;;;;;;;;;;;;;;;;;;;;;;;;;;;;;;;;;;;;;;;;;;;;;;;;;;;;;;;;;;;;;;;;;;;;;;;;;;;;;;;;;;;;;;;;;;;;;;;;;;;;;;;;
C.5;REVESTIMIENTO PISOS;;;;;3319,23;0,96%;10,0583;0,3;0,01%;0,00%;;;;;;;;;;;;;;;;;;;;;;;;;;;;;;;;;;;;;;;;;;;;;;;;;;;;;;;;;;;;;;;;;;;;;;;;;;;;;;;;;;;;;;;;;;;;;;;;;;;;;;;;;;;;;;;;;;;;;
C.5.1;Ceramica;;;;;3319,23;0,96%;10,0583;0,3;0,01%;0,00%;3319,23;10,0583;0,3;E12,P1,D13:10,0583;;;;;;;;;;;;;;;;;;;;;;;;;;;;;;;;;;;;;;;;;;;;;;;;;;;;;;;;;;;;;;;;;;;;;;;;;;;;;;;;;;;;;;;;;;;;;;;;;;;;;;;;;;;;;;;;;
C.7;ESCALERA INTERIOR;;;;;1495,39;0,43%;;;0,00%;0,00%;;;;;;;;;;;;;;;;;;;;;;;;;;;;;;;;;;;;;;;;;;;;;;;;;;;;;;;;;;;;;;;;;;;;;;;;;;;;;;;;;;;;;;;;;;;;;;;;;;;;;;;;;;;;;;;;;;;;;
C.7.1;Escalera Edificios (Terminacion, peldanos, baranda y pasamanos);;;;;1495,39;0,43%;;;0,00%;0,00%;1495,39;;;;;;;;;;;;;;;;;;;;;;;;;;;;;;;;;;;;;;;;;;;;;;;;;;;;;;;;;;;;;;;;;;;;;;;;;;;;;;;;;;;;;;;;;;;;;;;;;;;;;;;;;;;;;;;;;;;;
C.9;PUERTAS Y VENTANAS;;;;;22037,19;6,37%;63,8394;0,29;0,08%;0,02%;;;;;;;;;;;;;;;;;;;;;;;;;;;;;;;;;;;;;;;;;;;;;;;;;;;;;;;;;;;;;;;;;;;;;;;;;;;;;;;;;;;;;;;;;;;;;;;;;;;;;;;;;;;;;;;;;;;;;
C.9.1;Marcos;;;;;1079,06;0,31%;3,2699;0,3;0,00%;0,00%;;;;;;;;;;;;;;;;;;;;;;;;;;;;;;;;;;;;;;;;;;;;;;;;;;;;;;;;;;;;;;;;;;;;;;;;;;;;;;;;;;;;;;;;;;;;;;;;;;;;;;;;;;;;;;;;;;;;;
C.9.1.1;Madera;;;;;1079,06;0,31%;3,2699;0,3;0,00%;0,00%;1079,06;3,2699;0,3;E12,P1,D13:3,2699;;;;;;;;;;;;;;;;;;;;;;;;;;;;;;;;;;;;;;;;;;;;;;;;;;;;;;;;;;;;;;;;;;;;;;;;;;;;;;;;;;;;;;;;;;;;;;;;;;;;;;;;;;;;;;;;;
C.9.2;Puertas interiores;;;;;2080,26;0,60%;6,3423;0,3;0,01%;0,00%;;;;;;;;;;;;;;;;;;;;;;;;;;;;;;;;;;;;;;;;;;;;;;;;;;;;;;;;;;;;;;;;;;;;;;;;;;;;;;;;;;;;;;;;;;;;;;;;;;;;;;;;;;;;;;;;;;;;;
C.9.2.1;Puerta ancho 70;;;;;2080,26;0,60%;6,3423;0,3;0,01%;0,00%;2080,26;6,3423;0,3;E12,P1,D13:6,3423;;;;;;;;;;;;;;;;;;;;;;;;;;;;;;;;;;;;;;;;;;;;;;;;;;;;;;;;;;;;;;;;;;;;;;;;;;;;;;;;;;;;;;;;;;;;;;;;;;;;;;;;;;;;;;;;;
C.9.3;Puerta exteriores;;;;;2515,51;0,73%;7,6405;0,3;0,01%;0,00%;;;;;;;;;;;;;;;;;;;;;;;;;;;;;;;;;;;;;;;;;;;;;;;;;;;;;;;;;;;;;;;;;;;;;;;;;;;;;;;;;;;;;;;;;;;;;;;;;;;;;;;;;;;;;;;;;;;;;
C.9.3.2;Puerta ancho 85;;;;;959,56;0,28%;2,9255;0,3;0,00%;0,00%;959,56;2,9255;0,3;E12,P1,D13:2,9255;;;;;;;;;;;;;;;;;;;;;;;;;;;;;;;;;;;;;;;;;;;;;;;;;;;;;;;;;;;;;;;;;;;;;;;;;;;;;;;;;;;;;;;;;;;;;;;;;;;;;;;;;;;;;;;;;
C.9.3.3;Puerta ventana;;;;;1555,95;0,45%;4,715;0,3;0,01%;0,00%;1555,95;4,715;0,3;E12,P1,D13:4,7150;;;;;;;;;;;;;;;;;;;;;;;;;;;;;;;;;;;;;;;;;;;;;;;;;;;;;;;;;;;;;;;;;;;;;;;;;;;;;;;;;;;;;;;;;;;;;;;;;;;;;;;;;;;;;;;;;
C.9.4;Quincalleria (incluye chapas, perillas, bisagras y topes);;;;;1207,94;0,35%;2,0667;0,17;0,00%;0,00%;;;;;;;;;;;;;;;;;;;;;;;;;;;;;;;;;;;;;;;;;;;;;;;;;;;;;;;;;;;;;;;;;;;;;;;;;;;;;;;;;;;;;;;;;;;;;;;;;;;;;;;;;;;;;;;;;;;;;
C.9.4.1;Puerta principal;;;;;508,58;0,15%;1,5412;0,3;0,00%;0,00%;508,58;1,5412;0,3;E12,P1,D13:1,5412;;;;;;;;;;;;;;;;;;;;;;;;;;;;;;;;;;;;;;;;;;;;;;;;;;;;;;;;;;;;;;;;;;;;;;;;;;;;;;;;;;;;;;;;;;;;;;;;;;;;;;;;;;;;;;;;;
C.9.4.2;Bano;;;;;172,38;0,05%;0,5255;0,3;0,00%;0,00%;172,38;0,5255;0,3;E12,P1,D13:0,5255;;;;;;;;;;;;;;;;;;;;;;;;;;;;;;;;;;;;;;;;;;;;;;;;;;;;;;;;;;;;;;;;;;;;;;;;;;;;;;;;;;;;;;;;;;;;;;;;;;;;;;;;;;;;;;;;;
C.9.4.3;Interior;;;;;526,98;0,15%;;;0,00%;0,00%;526,98;;;;;;;;;;;;;;;;;;;;;;;;;;;;;;;;;;;;;;;;;;;;;;;;;;;;;;;;;;;;;;;;;;;;;;;;;;;;;;;;;;;;;;;;;;;;;;;;;;;;;;;;;;;;;;;;;;;;
C.9.5;Ventanas (incluye quincalleria);;;;;13943,53;4,03%;42,2531;0,3;0,05%;0,01%;;;;;;;;;;;;;;;;;;;;;;;;;;;;;;;;;;;;;;;;;;;;;;;;;;;;;;;;;;;;;;;;;;;;;;;;;;;;;;;;;;;;;;;;;;;;;;;;;;;;;;;;;;;;;;;;;;;;;
C.9.5.1;Aluminio;;;;;13943,53;4,03%;42,2531;0,3;0,05%;0,01%;13943,53;42,2531;0,3;E12,P1,D13:42,2531;;;;;;;;;;;;;;;;;;;;;;;;;;;;;;;;;;;;;;;;;;;;;;;;;;;;;;;;;;;;;;;;;;;;;;;;;;;;;;;;;;;;;;;;;;;;;;;;;;;;;;;;;;;;;;;;;
C.9.6;Vidrios;;;;;748,09;0,22%;2,2669;0,3;0,00%;0,00%;748,09;2,2669;0,3;E12,P1,D13:2,2669;;;;;;;;;;;;;;;;;;;;;;;;;;;;;;;;;;;;;;;;;;;;;;;;;;;;;;;;;;;;;;;;;;;;;;;;;;;;;;;;;;;;;;;;;;;;;;;;;;;;;;;;;;;;;;;;;
C.9.7;Alfeizar;;;;;462,8;0,13%;;;0,00%;0,00%;;;;;;;;;;;;;;;;;;;;;;;;;;;;;;;;;;;;;;;;;;;;;;;;;;;;;;;;;;;;;;;;;;;;;;;;;;;;;;;;;;;;;;;;;;;;;;;;;;;;;;;;;;;;;;;;;;;;;
C.9.7.2;Hormigon;;;;;462,8;0,13%;;;0,00%;0,00%;462,8;;;;;;;;;;;;;;;;;;;;;;;;;;;;;;;;;;;;;;;;;;;;;;;;;;;;;;;;;;;;;;;;;;;;;;;;;;;;;;;;;;;;;;;;;;;;;;;;;;;;;;;;;;;;;;;;;;;;
C.EX;PARTIDAS DE OBRAS DE TERMINACIoN  AGREGADAS POR LA EMPRESA;;;;;20771,89;6,01%;41,8502;0,2;0,05%;0,01%;;;;;;;;;;;;;;;;;;;;;;;;;;;;;;;;;;;;;;;;;;;;;;;;;;;;;;;;;;;;;;;;;;;;;;;;;;;;;;;;;;;;;;;;;;;;;;;;;;;;;;;;;;;;;;;;;;;;;
C.EX.1;Ceramica Muro ;;;;;20224,94;5,85%;41,8502;0,21;0,05%;0,01%;1009,13;3,058;0,3;E12,P1,D13:3,0580;;;;;;;;;;;;;;;;;;;;;;;;;;;;;;;;;;;;;;;;;;;;;;;;;;;;;;;;;;;;;;;;;;;;;;;;;;;;;;;;;;;;;;;;;;;;;;;;;;;;;;;;;;;;;;;;;
C.EX.10;Quincalleria Puerta Movilidad Reducida (Dormitorios);;;;;4,01;0,00%;;;0,00%;0,00%;4,01;;;;;;;;;;;;;;;;;;;;;;;;;;;;;;;;;;;;;;;;;;;;;;;;;;;;;;;;;;;;;;;;;;;;;;;;;;;;;;;;;;;;;;;;;;;;;;;;;;;;;;;;;;;;;;;;;;;;
C.EX.11;Pintura Fachada ;;;;;10091,04;2,92%;30,5789;0,3;0,04%;0,01%;10091,04;30,5789;0,3;E12,P1,D13:30,5789;;;;;;;;;;;;;;;;;;;;;;;;;;;;;;;;;;;;;;;;;;;;;;;;;;;;;;;;;;;;;;;;;;;;;;;;;;;;;;;;;;;;;;;;;;;;;;;;;;;;;;;;;;;;;;;;;
C.EX.12;Carpinteria metalica;;;;;1278,12;0,37%;;;0,00%;0,00%;1278,12;;;;;;;;;;;;;;;;;;;;;;;;;;;;;;;;;;;;;;;;;;;;;;;;;;;;;;;;;;;;;;;;;;;;;;;;;;;;;;;;;;;;;;;;;;;;;;;;;;;;;;;;;;;;;;;;;;;;
C.EX.13;Puertas nichos gas;;;;;232,53;0,07%;;;0,00%;0,00%;232,53;;;;;;;;;;;;;;;;;;;;;;;;;;;;;;;;;;;;;;;;;;;;;;;;;;;;;;;;;;;;;;;;;;;;;;;;;;;;;;;;;;;;;;;;;;;;;;;;;;;;;;;;;;;;;;;;;;;;
C.EX.14;Impermeabilizacion cubierta;;;;;1031,91;0,30%;;;0,00%;0,00%;1031,91;;;;;;;;;;;;;;;;;;;;;;;;;;;;;;;;;;;;;;;;;;;;;;;;;;;;;;;;;;;;;;;;;;;;;;;;;;;;;;;;;;;;;;;;;;;;;;;;;;;;;;;;;;;;;;;;;;;;
C.EX.15;Muebles (cocina, closet ecologico, puertas closet casas mov, reducida);;;;;1692,79;0,49%;;;0,00%;0,00%;1692,79;;;;;;;;;;;;;;;;;;;;;;;;;;;;;;;;;;;;;;;;;;;;;;;;;;;;;;;;;;;;;;;;;;;;;;;;;;;;;;;;;;;;;;;;;;;;;;;;;;;;;;;;;;;;;;;;;;;;
C.EX.16;Endurecedor superficial;;;;;2175,03;0,63%;;;0,00%;0,00%;2175,03;;;;;;;;;;;;;;;;;;;;;;;;;;;;;;;;;;;;;;;;;;;;;;;;;;;;;;;;;;;;;;;;;;;;;;;;;;;;;;;;;;;;;;;;;;;;;;;;;;;;;;;;;;;;;;;;;;;;
C.EX.17;Estructura acera galvanizado tabiqueria;;;;;2710,38;0,78%;8,2133;0,3;0,01%;0,00%;2710,38;8,2133;0,3;E12,P1,D13:8,2133;;;;;;;;;;;;;;;;;;;;;;;;;;;;;;;;;;;;;;;;;;;;;;;;;;;;;;;;;;;;;;;;;;;;;;;;;;;;;;;;;;;;;;;;;;;;;;;;;;;;;;;;;;;;;;;;;
C.EX.2;Puerta de instalaciones shaft(ancho 135);;;;;114,76;0,03%;;;0,00%;0,00%;114,76;;;;;;;;;;;;;;;;;;;;;;;;;;;;;;;;;;;;;;;;;;;;;;;;;;;;;;;;;;;;;;;;;;;;;;;;;;;;;;;;;;;;;;;;;;;;;;;;;;;;;;;;;;;;;;;;;;;;
C.EX.3;Puerta de instalaciones (ancho 90);;;;;57,38;0,02%;;;0,00%;0,00%;57,38;;;;;;;;;;;;;;;;;;;;;;;;;;;;;;;;;;;;;;;;;;;;;;;;;;;;;;;;;;;;;;;;;;;;;;;;;;;;;;;;;;;;;;;;;;;;;;;;;;;;;;;;;;;;;;;;;;;;
C.EX.4;Puerta de instalaciones (ancho 75);;;;;212,33;0,06%;;;0,00%;0,00%;212,33;;;;;;;;;;;;;;;;;;;;;;;;;;;;;;;;;;;;;;;;;;;;;;;;;;;;;;;;;;;;;;;;;;;;;;;;;;;;;;;;;;;;;;;;;;;;;;;;;;;;;;;;;;;;;;;;;;;;
C.EX.5;Quincalleria Puerta Instalaciones ;;;;;136,06;0,04%;;;0,00%;0,00%;136,06;;;;;;;;;;;;;;;;;;;;;;;;;;;;;;;;;;;;;;;;;;;;;;;;;;;;;;;;;;;;;;;;;;;;;;;;;;;;;;;;;;;;;;;;;;;;;;;;;;;;;;;;;;;;;;;;;;;;
C.EX.6;Puerta Movilidad Reducida (Acceso);;;;;4,8;0,00%;;;0,00%;0,00%;4,8;;;;;;;;;;;;;;;;;;;;;;;;;;;;;;;;;;;;;;;;;;;;;;;;;;;;;;;;;;;;;;;;;;;;;;;;;;;;;;;;;;;;;;;;;;;;;;;;;;;;;;;;;;;;;;;;;;;;
C.EX.7;Puerta Movilidad Reducida  (Bano);;;;;6,49;0,00%;;;0,00%;0,00%;6,49;;;;;;;;;;;;;;;;;;;;;;;;;;;;;;;;;;;;;;;;;;;;;;;;;;;;;;;;;;;;;;;;;;;;;;;;;;;;;;;;;;;;;;;;;;;;;;;;;;;;;;;;;;;;;;;;;;;;
C.EX.8;Puerta Movilidad Reducida (Dormitorios);;;;;12,98;0,00%;;;0,00%;0,00%;12,98;;;;;;;;;;;;;;;;;;;;;;;;;;;;;;;;;;;;;;;;;;;;;;;;;;;;;;;;;;;;;;;;;;;;;;;;;;;;;;;;;;;;;;;;;;;;;;;;;;;;;;;;;;;;;;;;;;;;
C.EX.9;Quincalleria Puerta Movilidad Reducida (Bano);;;;;2,15;0,00%;;;0,00%;0,00%;2,15;;;;;;;;;;;;;;;;;;;;;;;;;;;;;;;;;;;;;;;;;;;;;;;;;;;;;;;;;;;;;;;;;;;;;;;;;;;;;;;;;;;;;;;;;;;;;;;;;;;;;;;;;;;;;;;;;;;;
D;INSTALACIONES ;43424,77;2473,6584;5,70%;5,7;43424,77;12,56%;2473,6584;5,7;3,01%;0,72%;;;;;;;;;;;;;;;;;;;;;;;;;;;;;;;;;;;;;;;;;;;;;;;;;;;;;;;;;;;;;;;;;;;;;;;;;;;;;;;;;;;;;;;;;;;;;;;;;;;;;;;;;;;;;;;;;;;;;
D.1;ARTEFACTOS SANITARIOS (Incl, griferia);;;;;3057,71;0,88%;8,8484;0,29;0,01%;0,00%;;;;;;;;;;;;;;;;;;;;;;;;;;;;;;;;;;;;;;;;;;;;;;;;;;;;;;;;;;;;;;;;;;;;;;;;;;;;;;;;;;;;;;;;;;;;;;;;;;;;;;;;;;;;;;;;;;;;;
D.1.1;WC;;;;;747,02;0,22%;2,1951;0,29;0,00%;0,00%;719,99;2,1951;0,3;E12,P1,D13:2,1951;;;;;;;;;;;;;;;;;;;;;;;;;;;;;;;;;;;;;;;;;;;;;;;;;;;;;;;;;;;;;;;;;;;;;;;;;;;;;;;;;;;;;;;;;;;;;;;;;;;;;;;;;;;;;;;;;
D.1.10;Barras ducha (discapacidad);;;;;27,03;0,01%;;;0,00%;0,00%;27,03;;;;;;;;;;;;;;;;;;;;;;;;;;;;;;;;;;;;;;;;;;;;;;;;;;;;;;;;;;;;;;;;;;;;;;;;;;;;;;;;;;;;;;;;;;;;;;;;;;;;;;;;;;;;;;;;;;;;
D.1.2;Lavamanos con pedestal;;;;;493,7;0,14%;1,5052;0,3;0,00%;0,00%;493,7;1,5052;0,3;E12,P1,D13:1,5052;;;;;;;;;;;;;;;;;;;;;;;;;;;;;;;;;;;;;;;;;;;;;;;;;;;;;;;;;;;;;;;;;;;;;;;;;;;;;;;;;;;;;;;;;;;;;;;;;;;;;;;;;;;;;;;;;
D.1.3;Lavamanos sin pedestal (viv, Movilidad Reducida);;;;;15,81;0,00%;;;0,00%;0,00%;15,81;;;;;;;;;;;;;;;;;;;;;;;;;;;;;;;;;;;;;;;;;;;;;;;;;;;;;;;;;;;;;;;;;;;;;;;;;;;;;;;;;;;;;;;;;;;;;;;;;;;;;;;;;;;;;;;;;;;;
D.1.4;Tina ;;;;;736,39;0,21%;2,2451;0,3;0,00%;0,00%;736,39;2,2451;0,3;E12,P1,D13:2,2451;;;;;;;;;;;;;;;;;;;;;;;;;;;;;;;;;;;;;;;;;;;;;;;;;;;;;;;;;;;;;;;;;;;;;;;;;;;;;;;;;;;;;;;;;;;;;;;;;;;;;;;;;;;;;;;;;
D.1.5;Base ducha;;;;;20,75;0,01%;;;0,00%;0,00%;20,75;;;;;;;;;;;;;;;;;;;;;;;;;;;;;;;;;;;;;;;;;;;;;;;;;;;;;;;;;;;;;;;;;;;;;;;;;;;;;;;;;;;;;;;;;;;;;;;;;;;;;;;;;;;;;;;;;;;;
D.1.6;Lavadero;;;;;450,48;0,13%;1,3651;0,3;0,00%;0,00%;450,48;1,3651;0,3;E12,P1,D13:1,3651;;;;;;;;;;;;;;;;;;;;;;;;;;;;;;;;;;;;;;;;;;;;;;;;;;;;;;;;;;;;;;;;;;;;;;;;;;;;;;;;;;;;;;;;;;;;;;;;;;;;;;;;;;;;;;;;;
D.1.7;Lavaplatos para mueble ;;;;;504,44;0,15%;1,5379;0,3;0,00%;0,00%;504,44;1,5379;0,3;E12,P1,D13:1,5379;;;;;;;;;;;;;;;;;;;;;;;;;;;;;;;;;;;;;;;;;;;;;;;;;;;;;;;;;;;;;;;;;;;;;;;;;;;;;;;;;;;;;;;;;;;;;;;;;;;;;;;;;;;;;;;;;
D.1.8;Accesorios (portarrollo);;;;;82,19;0,02%;;;0,00%;0,00%;82,19;;;;;;;;;;;;;;;;;;;;;;;;;;;;;;;;;;;;;;;;;;;;;;;;;;;;;;;;;;;;;;;;;;;;;;;;;;;;;;;;;;;;;;;;;;;;;;;;;;;;;;;;;;;;;;;;;;;;
D.1.9;Barras W,C,;;;;;6,93;0,00%;;;0,00%;0,00%;6,93;;;;;;;;;;;;;;;;;;;;;;;;;;;;;;;;;;;;;;;;;;;;;;;;;;;;;;;;;;;;;;;;;;;;;;;;;;;;;;;;;;;;;;;;;;;;;;;;;;;;;;;;;;;;;;;;;;;;
D.2;RED AGUA POTABLE;;;;;10762,49;3,11%;1362,69;12,66;1,66%;0,39%;;;;;;;;;;;;;;;;;;;;;;;;;;;;;;;;;;;;;;;;;;;;;;;;;;;;;;;;;;;;;;;;;;;;;;;;;;;;;;;;;;;;;;;;;;;;;;;;;;;;;;;;;;;;;;;;;;;;;
D.2.1;MAP ;;;;;200;0,06%;;;0,00%;0,00%;200;;;;;;;;;;;;;;;;;;;;;;;;;;;;;;;;;;;;;;;;;;;;;;;;;;;;;;;;;;;;;;;;;;;;;;;;;;;;;;;;;;;;;;;;;;;;;;;;;;;;;;;;;;;;;;;;;;;;
D.2.2;Remarcadores (condominios y edificios);;;;;9,09;0,00%;;;0,00%;0,00%;9,09;;;;;;;;;;;;;;;;;;;;;;;;;;;;;;;;;;;;;;;;;;;;;;;;;;;;;;;;;;;;;;;;;;;;;;;;;;;;;;;;;;;;;;;;;;;;;;;;;;;;;;;;;;;;;;;;;;;;
D.2.3;Red  areas comunes (condominios y edificios);;;;;4316,4;1,25%;;;0,00%;0,00%;4316,4;;;;;;;;;;;;;;;;;;;;;;;;;;;;;;;;;;;;;;;;;;;;;;;;;;;;;;;;;;;;;;;;;;;;;;;;;;;;;;;;;;;;;;;;;;;;;;;;;;;;;;;;;;;;;;;;;;;;
D.2.4;Red interior agua fria;;;;;3795;1,10%;829,15;21,85;1,01%;0,24%;3795;829,15;21,85;E04,P2,D21:10,3500;E04,P2,D22:10,3500;E04,P2,D23:10,3500;E04,P2,D24:10,3500;E04,P3,D31:10,3500;E04,P3,D32:10,3500;E04,P3,D33:10,3500;E05,P2,D21:10,3500;E05,P2,D22:10,3500;E05,P2,D23:10,3500;E05,P2,D24:10,3500;E06,P2,D21:10,3500;E06,P2,D22:10,3500;E06,P2,D23:10,3500;E06,P2,D24:10,3500;E09,P2,D21:10,3500;E09,P2,D22:10,3500;E09,P2,D23:10,3500;E09,P2,D24:10,3500;E09,P3,D31:10,3500;E09,P3,D32:10,3500;E10,P1,D11:6,9000;E10,P1,D12:6,9000;E10,P1,D13:6,9000;E10,P1,D14:10,3500;E10,P2,D21:10,3500;E10,P2,D22:10,3500;E10,P2,D23:10,3500;E10,P2,D24:10,3500;E10,P3,D31:10,3500;E10,P3,D32:10,3500;E10,P3,D33:10,3500;E10,P4,D34:10,3500;E10,P4,D41:10,3500;E10,P4,D42:10,3500;E10,P4,D43:10,3500;E10,P4,D44:10,3500;E11,P1,D11:10,3500;E11,P1,D12:10,3500;E11,P1,D13:10,3500;E11,P1,D14:10,3500;E11,P2,D21:10,3500;E11,P2,D22:10,3500;E11,P2,D23:10,3500;E11,P2,D24:10,3500;E11,P3,D31:10,3500;E11,P3,D32:10,3500;E11,P3,D33:10,3500;E11,P4,D34:10,3500;E11,P4,D41:10,3500;E11,P4,D42:10,3500;E11,P4,D43:10,3500;E11,P4,D44:10,3500;E12,P1,D11:10,3500;E12,P1,D12:10,3500;E12,P1,D13:11,5000;E12,P1,D14:10,3500;E12,P2,D21:10,3500;E12,P2,D22:10,3500;E12,P2,D23:10,3500;E12,P2,D24:10,3500;E12,P3,D31:10,3500;E12,P3,D32:10,3500;E12,P3,D33:10,3500;E12,P4,D34:10,3500;E12,P4,D41:10,3500;E12,P4,D42:10,3500;E12,P4,D43:10,3500;E12,P4,D44:10,3500;E20,P2,D21:10,3500;E20,P2,D22:10,3500;E20,P2,D23:10,3500;E20,P2,D24:10,3500;E20,P3,D31:10,3500;E20,P3,D32:10,3500;E20,P3,D33:10,3500;E20,P4,D34:10,3500;E20,P4,D41:10,3500;E20,P4,D42:10,3500;E20,P4,D43:10,3500;E20,P4,D44:10,3500;;;;;;;;;;;;;;;;;;;;;;;;;;;;;;;;;
D.2.5;Red interior agua caliente;;;;;2442;0,71%;533,54;21,85;0,65%;0,15%;2442;533,54;21,85;E04,P2,D21:6,6600;E04,P2,D22:6,6600;E04,P2,D23:6,6600;E04,P2,D24:6,6600;E04,P3,D31:6,6600;E04,P3,D32:6,6600;E04,P3,D33:6,6600;E05,P2,D21:6,6600;E05,P2,D22:6,6600;E05,P2,D23:6,6600;E05,P2,D24:6,6600;E06,P2,D21:6,6600;E06,P2,D22:6,6600;E06,P2,D23:6,6600;E06,P2,D24:6,6600;E09,P2,D21:6,6600;E09,P2,D22:6,6600;E09,P2,D23:6,6600;E09,P2,D24:6,6600;E09,P3,D31:6,6600;E09,P3,D32:6,6600;E10,P1,D11:4,4400;E10,P1,D12:4,4400;E10,P1,D13:4,4400;E10,P1,D14:6,6600;E10,P2,D21:6,6600;E10,P2,D22:6,6600;E10,P2,D23:6,6600;E10,P2,D24:6,6600;E10,P3,D31:6,6600;E10,P3,D32:6,6600;E10,P3,D33:6,6600;E10,P4,D34:6,6600;E10,P4,D41:6,6600;E10,P4,D42:6,6600;E10,P4,D43:6,6600;E10,P4,D44:6,6600;E11,P1,D11:6,6600;E11,P1,D12:6,6600;E11,P1,D13:6,6600;E11,P1,D14:6,6600;E11,P2,D21:6,6600;E11,P2,D22:6,6600;E11,P2,D23:6,6600;E11,P2,D24:6,6600;E11,P3,D31:6,6600;E11,P3,D32:6,6600;E11,P3,D33:6,6600;E11,P4,D34:6,6600;E11,P4,D41:6,6600;E11,P4,D42:6,6600;E11,P4,D43:6,6600;E11,P4,D44:6,6600;E12,P1,D11:6,6600;E12,P1,D12:6,6600;E12,P1,D13:7,4000;E12,P1,D14:6,6600;E12,P2,D21:6,6600;E12,P2,D22:6,6600;E12,P2,D23:6,6600;E12,P2,D24:6,6600;E12,P3,D31:6,6600;E12,P3,D32:6,6600;E12,P3,D33:6,6600;E12,P4,D34:6,6600;E12,P4,D41:6,6600;E12,P4,D42:6,6600;E12,P4,D43:6,6600;E12,P4,D44:6,6600;E20,P2,D21:6,6600;E20,P2,D22:6,6600;E20,P2,D23:6,6600;E20,P2,D24:6,6600;E20,P3,D31:6,6600;E20,P3,D32:6,6600;E20,P3,D33:6,6600;E20,P4,D34:6,6600;E20,P4,D41:6,6600;E20,P4,D42:6,6600;E20,P4,D43:6,6600;E20,P4,D44:6,6600;;;;;;;;;;;;;;;;;;;;;;;;;;;;;;;;;
D.3;RED ALCANTARILLADO;;;;;4054,4;1,17%;371,83;9,17;0,45%;0,11%;;;;;;;;;;;;;;;;;;;;;;;;;;;;;;;;;;;;;;;;;;;;;;;;;;;;;;;;;;;;;;;;;;;;;;;;;;;;;;;;;;;;;;;;;;;;;;;;;;;;;;;;;;;;;;;;;;;;;
D.3.1;UD;;;;;327,4;0,09%;;;0,00%;0,00%;327,4;;;;;;;;;;;;;;;;;;;;;;;;;;;;;;;;;;;;;;;;;;;;;;;;;;;;;;;;;;;;;;;;;;;;;;;;;;;;;;;;;;;;;;;;;;;;;;;;;;;;;;;;;;;;;;;;;;;;
D.3.2;Red interior ;;;;;3399;0,98%;371,83;10,94;0,45%;0,11%;3399;371,83;10,94;E10,P1,D11:9,2700;E10,P1,D12:9,2700;E10,P1,D13:9,2700;E10,P1,D14:9,2700;E10,P2,D21:9,2700;E10,P2,D22:9,2700;E10,P2,D23:9,2700;E10,P2,D24:9,2700;E10,P3,D31:9,2700;E10,P3,D32:9,2700;E10,P3,D33:9,2700;E10,P4,D34:9,2700;E10,P4,D41:9,2700;E10,P4,D42:9,2700;E10,P4,D43:9,2700;E10,P4,D44:9,2700;E11,P1,D11:9,2700;E11,P1,D12:9,2700;E11,P1,D13:9,2700;E11,P1,D14:9,2700;E11,P2,D21:9,2700;E11,P2,D22:9,2700;E11,P2,D23:9,2700;E11,P2,D24:9,2700;E11,P3,D31:9,2700;E11,P3,D32:9,2700;E11,P3,D33:9,2700;E11,P4,D34:9,2700;E11,P4,D41:9,2700;E11,P4,D42:9,2700;E11,P4,D43:9,2700;E11,P4,D44:9,2700;E12,P1,D11:9,2700;E12,P1,D12:9,2700;E12,P1,D13:10,3000;E12,P1,D14:9,2700;E12,P2,D21:9,2700;E12,P2,D22:9,2700;E12,P2,D23:9,2700;E12,P2,D24:9,2700;;;;;;;;;;;;;;;;;;;;;;;;;;;;;;;;;;;;;;;;;;;;;;;;;;;;;;;;;;;;;;;;;;;;;;;;;;
D.3.4;Camara de inspeccion;;;;;328;0,09%;;;0,00%;0,00%;328;;;;;;;;;;;;;;;;;;;;;;;;;;;;;;;;;;;;;;;;;;;;;;;;;;;;;;;;;;;;;;;;;;;;;;;;;;;;;;;;;;;;;;;;;;;;;;;;;;;;;;;;;;;;;;;;;;;;
D.4;INSTALACIONES ELeCTRICAS;;;;;13983,8;4,04%;466,9;3,34;0,57%;0,14%;;;;;;;;;;;;;;;;;;;;;;;;;;;;;;;;;;;;;;;;;;;;;;;;;;;;;;;;;;;;;;;;;;;;;;;;;;;;;;;;;;;;;;;;;;;;;;;;;;;;;;;;;;;;;;;;;;;;;
D.4.1;Medidor y Empalmes;;;;;1974;0,57%;;;0,00%;0,00%;1974;;;;;;;;;;;;;;;;;;;;;;;;;;;;;;;;;;;;;;;;;;;;;;;;;;;;;;;;;;;;;;;;;;;;;;;;;;;;;;;;;;;;;;;;;;;;;;;;;;;;;;;;;;;;;;;;;;;;
D.4.2;Tablero (automaticos, protecciones, etc,);;;;;2254;0,65%;6,44;0,29;0,01%;0,00%;2254;6,44;0,29;E12,P1,D13:6,4400;;;;;;;;;;;;;;;;;;;;;;;;;;;;;;;;;;;;;;;;;;;;;;;;;;;;;;;;;;;;;;;;;;;;;;;;;;;;;;;;;;;;;;;;;;;;;;;;;;;;;;;;;;;;;;;;;
D.4.4;Puesta a tierra;;;;;271,6;0,08%;;;0,00%;0,00%;271,6;;;;;;;;;;;;;;;;;;;;;;;;;;;;;;;;;;;;;;;;;;;;;;;;;;;;;;;;;;;;;;;;;;;;;;;;;;;;;;;;;;;;;;;;;;;;;;;;;;;;;;;;;;;;;;;;;;;;
D.4.5;Red interior;;;;;8349;2,41%;460,46;5,52;0,56%;0,13%;8349;460,46;5,52;E10,P1,D11:10,1200;E10,P1,D12:10,1200;E10,P1,D13:10,1200;E10,P1,D14:10,1200;E10,P2,D21:10,1200;E10,P2,D22:10,1200;E10,P2,D23:10,1200;E10,P2,D24:10,1200;E10,P3,D31:10,1200;E10,P3,D32:10,1200;E10,P3,D33:10,1200;E10,P4,D34:10,1200;E10,P4,D41:7,5900;E10,P4,D42:7,5900;E10,P4,D43:7,5900;E10,P4,D44:7,5900;E11,P1,D11:15,1800;E11,P1,D12:15,1800;E11,P1,D13:15,1800;E11,P1,D14:15,1800;E11,P2,D21:7,5900;E11,P2,D22:7,5900;E11,P2,D23:7,5900;E11,P2,D24:7,5900;E11,P3,D31:7,5900;E11,P3,D32:7,5900;E11,P3,D33:7,5900;E11,P4,D34:7,5900;E12,P1,D11:15,1800;E12,P1,D12:15,1800;E12,P1,D13:20,2400;E12,P1,D14:15,1800;E12,P2,D21:15,1800;E12,P2,D22:15,1800;E12,P2,D23:15,1800;E12,P2,D24:15,1800;E12,P3,D31:7,5900;E12,P3,D32:7,5900;E12,P3,D33:7,5900;E12,P4,D34:7,5900;E12,P4,D41:7,5900;E12,P4,D42:7,5900;E12,P4,D43:7,5900;E12,P4,D44:7,5900;;;;;;;;;;;;;;;;;;;;;;;;;;;;;;;;;;;;;;;;;;;;;;;;;;;;;;;;;;;;;;;;;;;;;;
D.4.6;Red  areas comunes (condominios y edificios);;;;;1135,2;0,33%;;;0,00%;0,00%;1135,2;;;;;;;;;;;;;;;;;;;;;;;;;;;;;;;;;;;;;;;;;;;;;;;;;;;;;;;;;;;;;;;;;;;;;;;;;;;;;;;;;;;;;;;;;;;;;;;;;;;;;;;;;;;;;;;;;;;;
D.5;INSTALACIONES DE GAS ;;;;;3820,6;1,10%;263,39;6,89;0,32%;0,08%;;;;;;;;;;;;;;;;;;;;;;;;;;;;;;;;;;;;;;;;;;;;;;;;;;;;;;;;;;;;;;;;;;;;;;;;;;;;;;;;;;;;;;;;;;;;;;;;;;;;;;;;;;;;;;;;;;;;;
D.5.3;Red interior;;;;;1501,5;0,43%;256,62;17,09;0,31%;0,07%;1501,5;256,62;17,09;E04,P1,D11:2,7300;E04,P1,D12:2,7300;E04,P1,D13:2,7300;E04,P1,D14:2,7300;E04,P2,D21:2,7300;E04,P2,D22:2,7300;E04,P2,D23:2,7300;E04,P2,D24:2,7300;E05,P1,D11:2,7300;E05,P1,D12:2,7300;E05,P1,D13:2,7300;E05,P1,D14:2,7300;E05,P2,D21:2,7300;E05,P2,D22:2,7300;E05,P2,D23:2,7300;E05,P2,D24:2,7300;E06,P1,D11:2,7300;E06,P1,D12:2,7300;E06,P1,D13:2,7300;E06,P1,D14:2,7300;E06,P2,D21:2,7300;E06,P2,D22:2,7300;E09,P1,D11:2,7300;E09,P1,D12:2,7300;E09,P1,D13:2,7300;E09,P1,D14:2,7300;E09,P2,D21:2,7300;E09,P2,D22:2,7300;E09,P2,D23:2,7300;E09,P2,D24:2,7300;E10,P1,D11:2,7300;E10,P1,D12:2,7300;E10,P1,D13:2,7300;E10,P1,D14:2,7300;E10,P2,D21:2,7300;E10,P2,D22:2,7300;E10,P2,D23:2,7300;E10,P2,D24:2,7300;E10,P3,D31:2,7300;E10,P3,D32:2,7300;E10,P3,D33:2,7300;E10,P4,D34:2,7300;E10,P4,D41:2,7300;E10,P4,D42:2,7300;E10,P4,D43:2,7300;E10,P4,D44:2,7300;E11,P1,D11:2,7300;E11,P1,D12:2,7300;E11,P1,D13:2,7300;E11,P1,D14:2,7300;E11,P2,D21:2,7300;E11,P2,D22:2,7300;E11,P2,D23:2,7300;E11,P2,D24:2,7300;E11,P3,D31:2,7300;E11,P3,D32:2,7300;E11,P3,D33:2,7300;E11,P4,D34:2,7300;E11,P4,D41:2,7300;E11,P4,D42:2,7300;E11,P4,D43:2,7300;E11,P4,D44:2,7300;E12,P1,D11:2,7300;E12,P1,D12:2,7300;E12,P1,D13:2,7300;E12,P1,D14:2,7300;E12,P2,D21:2,7300;E12,P2,D22:2,7300;E12,P2,D23:2,7300;E12,P2,D24:2,7300;E12,P3,D31:2,7300;E12,P3,D32:2,7300;E12,P3,D33:2,7300;E12,P4,D34:2,7300;E12,P4,D41:2,7300;E12,P4,D42:2,7300;E12,P4,D43:2,7300;E12,P4,D44:2,7300;E20,P1,D11:2,7300;E20,P1,D12:2,7300;E20,P1,D13:2,7300;E20,P1,D14:2,7300;E20,P2,D21:2,7300;E20,P2,D22:2,7300;E20,P2,D23:2,7300;E20,P2,D24:2,7300;E20,P3,D31:2,7300;E20,P3,D32:2,7300;E20,P3,D33:2,7300;E20,P4,D34:2,7300;E20,P4,D41:2,7300;E20,P4,D42:2,7300;E20,P4,D43:2,7300;E20,P4,D44:2,7300;;;;;;;;;;;;;;;;;;;;
D.5.4;Calefon;;;;;2234,1;0,65%;6,77;0,3;0,01%;0,00%;2234,1;6,77;0,3;E12,P1,D13:6,7700;;;;;;;;;;;;;;;;;;;;;;;;;;;;;;;;;;;;;;;;;;;;;;;;;;;;;;;;;;;;;;;;;;;;;;;;;;;;;;;;;;;;;;;;;;;;;;;;;;;;;;;;;;;;;;;;;
D.5.8;Red areas comunes (condominios y edificios);;;;;85;0,02%;;;0,00%;0,00%;85;;;;;;;;;;;;;;;;;;;;;;;;;;;;;;;;;;;;;;;;;;;;;;;;;;;;;;;;;;;;;;;;;;;;;;;;;;;;;;;;;;;;;;;;;;;;;;;;;;;;;;;;;;;;;;;;;;;;
D.7;INSTALACIoN SISTEMA EVACUACIoN DE DESECHOS SoLIDOS;;;;;3585,55;1,04%;;;0,00%;0,00%;;;;;;;;;;;;;;;;;;;;;;;;;;;;;;;;;;;;;;;;;;;;;;;;;;;;;;;;;;;;;;;;;;;;;;;;;;;;;;;;;;;;;;;;;;;;;;;;;;;;;;;;;;;;;;;;;;;;;
D.7.1;Ductos, tolvas y caseta,;;;;;3385,55;0,98%;;;0,00%;0,00%;3385,55;;;;;;;;;;;;;;;;;;;;;;;;;;;;;;;;;;;;;;;;;;;;;;;;;;;;;;;;;;;;;;;;;;;;;;;;;;;;;;;;;;;;;;;;;;;;;;;;;;;;;;;;;;;;;;;;;;;;
D.7.2;Contenedores y otros accesorios;;;;;200;0,06%;;;0,00%;0,00%;200;;;;;;;;;;;;;;;;;;;;;;;;;;;;;;;;;;;;;;;;;;;;;;;;;;;;;;;;;;;;;;;;;;;;;;;;;;;;;;;;;;;;;;;;;;;;;;;;;;;;;;;;;;;;;;;;;;;;
D.EX;PARTIDAS DE OBRAS DE INSTALACIONES AGREGADAS POR LA EMPRESA;;;;;4160,22;1,20%;;;0,00%;0,00%;;;;;;;;;;;;;;;;;;;;;;;;;;;;;;;;;;;;;;;;;;;;;;;;;;;;;;;;;;;;;;;;;;;;;;;;;;;;;;;;;;;;;;;;;;;;;;;;;;;;;;;;;;;;;;;;;;;;;
D.EX.1;WC Movilidad Reducida;;;;;858,61;0,25%;;;0,00%;0,00%;10,4;;;;;;;;;;;;;;;;;;;;;;;;;;;;;;;;;;;;;;;;;;;;;;;;;;;;;;;;;;;;;;;;;;;;;;;;;;;;;;;;;;;;;;;;;;;;;;;;;;;;;;;;;;;;;;;;;;;;
D.EX.10;Protector enchufe;;;;;81,12;0,02%;;;0,00%;0,00%;81,12;;;;;;;;;;;;;;;;;;;;;;;;;;;;;;;;;;;;;;;;;;;;;;;;;;;;;;;;;;;;;;;;;;;;;;;;;;;;;;;;;;;;;;;;;;;;;;;;;;;;;;;;;;;;;;;;;;;;
D.EX.11;Lamina Proteccion Vidrio ;;;;;105,86;0,03%;;;0,00%;0,00%;105,86;;;;;;;;;;;;;;;;;;;;;;;;;;;;;;;;;;;;;;;;;;;;;;;;;;;;;;;;;;;;;;;;;;;;;;;;;;;;;;;;;;;;;;;;;;;;;;;;;;;;;;;;;;;;;;;;;;;;
D.EX.12;Red Seca;;;;;625;0,18%;;;0,00%;0,00%;625;;;;;;;;;;;;;;;;;;;;;;;;;;;;;;;;;;;;;;;;;;;;;;;;;;;;;;;;;;;;;;;;;;;;;;;;;;;;;;;;;;;;;;;;;;;;;;;;;;;;;;;;;;;;;;;;;;;;
D.EX.13;Lavaplatos Movilidad reducida;;;;;3,08;0,00%;;;0,00%;0,00%;3,08;;;;;;;;;;;;;;;;;;;;;;;;;;;;;;;;;;;;;;;;;;;;;;;;;;;;;;;;;;;;;;;;;;;;;;;;;;;;;;;;;;;;;;;;;;;;;;;;;;;;;;;;;;;;;;;;;;;;
D.EX.14;Doble Cerraduras puerta Principal;;;;;33,15;0,01%;;;0,00%;0,00%;33,15;;;;;;;;;;;;;;;;;;;;;;;;;;;;;;;;;;;;;;;;;;;;;;;;;;;;;;;;;;;;;;;;;;;;;;;;;;;;;;;;;;;;;;;;;;;;;;;;;;;;;;;;;;;;;;;;;;;;
D.EX.2;Llave jardin;;;;;1,05;0,00%;;;0,00%;0,00%;1,05;;;;;;;;;;;;;;;;;;;;;;;;;;;;;;;;;;;;;;;;;;;;;;;;;;;;;;;;;;;;;;;;;;;;;;;;;;;;;;;;;;;;;;;;;;;;;;;;;;;;;;;;;;;;;;;;;;;;
D.EX.3;Llave lavadora;;;;;358,09;0,10%;;;0,00%;0,00%;358,09;;;;;;;;;;;;;;;;;;;;;;;;;;;;;;;;;;;;;;;;;;;;;;;;;;;;;;;;;;;;;;;;;;;;;;;;;;;;;;;;;;;;;;;;;;;;;;;;;;;;;;;;;;;;;;;;;;;;
D.EX.4;Extraccion forzada de banos;;;;;2798,4;0,81%;;;0,00%;0,00%;2798,4;;;;;;;;;;;;;;;;;;;;;;;;;;;;;;;;;;;;;;;;;;;;;;;;;;;;;;;;;;;;;;;;;;;;;;;;;;;;;;;;;;;;;;;;;;;;;;;;;;;;;;;;;;;;;;;;;;;;
D.EX.5;Lavamanos con pedestal (sala de basura);;;;;30,2;0,01%;;;0,00%;0,00%;30,2;;;;;;;;;;;;;;;;;;;;;;;;;;;;;;;;;;;;;;;;;;;;;;;;;;;;;;;;;;;;;;;;;;;;;;;;;;;;;;;;;;;;;;;;;;;;;;;;;;;;;;;;;;;;;;;;;;;;
D.EX.6;Sistema timbre Luz ;;;;;0,75;0,00%;;;0,00%;0,00%;0,75;;;;;;;;;;;;;;;;;;;;;;;;;;;;;;;;;;;;;;;;;;;;;;;;;;;;;;;;;;;;;;;;;;;;;;;;;;;;;;;;;;;;;;;;;;;;;;;;;;;;;;;;;;;;;;;;;;;;
D.EX.7;Sensor de humo por vivienda;;;;;24,23;0,01%;;;0,00%;0,00%;24,23;;;;;;;;;;;;;;;;;;;;;;;;;;;;;;;;;;;;;;;;;;;;;;;;;;;;;;;;;;;;;;;;;;;;;;;;;;;;;;;;;;;;;;;;;;;;;;;;;;;;;;;;;;;;;;;;;;;;
D.EX.8;Llave seguro gas;;;;;8,75;0,00%;;;0,00%;0,00%;8,75;;;;;;;;;;;;;;;;;;;;;;;;;;;;;;;;;;;;;;;;;;;;;;;;;;;;;;;;;;;;;;;;;;;;;;;;;;;;;;;;;;;;;;;;;;;;;;;;;;;;;;;;;;;;;;;;;;;;
D.EX.9;Cerraduras exteriores en puerta interior;;;;;80,14;0,02%;;;0,00%;0,00%;80,14;;;;;;;;;;;;;;;;;;;;;;;;;;;;;;;;;;;;;;;;;;;;;;;;;;;;;;;;;;;;;;;;;;;;;;;;;;;;;;;;;;;;;;;;;;;;;;;;;;;;;;;;;;;;;;;;;;;;
E;OBRAS DE URBANIZACIoN ;50317,93;0;0,00%;0;50317,93;14,55%;;;0,00%;0,00%;;;;;;;;;;;;;;;;;;;;;;;;;;;;;;;;;;;;;;;;;;;;;;;;;;;;;;;;;;;;;;;;;;;;;;;;;;;;;;;;;;;;;;;;;;;;;;;;;;;;;;;;;;;;;;;;;;;;;
E.1;PAVIMENTOS;;;;;18238,05;5,27%;;;0,00%;0,00%;;;;;;;;;;;;;;;;;;;;;;;;;;;;;;;;;;;;;;;;;;;;;;;;;;;;;;;;;;;;;;;;;;;;;;;;;;;;;;;;;;;;;;;;;;;;;;;;;;;;;;;;;;;;;;;;;;;;;
E.1.1;Excavacion y relleno;;;;;7282,87;2,11%;;;0,00%;0,00%;6943,57;;;;;;;;;;;;;;;;;;;;;;;;;;;;;;;;;;;;;;;;;;;;;;;;;;;;;;;;;;;;;;;;;;;;;;;;;;;;;;;;;;;;;;;;;;;;;;;;;;;;;;;;;;;;;;;;;;;;
E.1.10;Solerillas;;;;;339,3;0,10%;;;0,00%;0,00%;339,3;;;;;;;;;;;;;;;;;;;;;;;;;;;;;;;;;;;;;;;;;;;;;;;;;;;;;;;;;;;;;;;;;;;;;;;;;;;;;;;;;;;;;;;;;;;;;;;;;;;;;;;;;;;;;;;;;;;;
E.1.3;Aceras;;;;;737,38;0,21%;;;0,00%;0,00%;737,38;;;;;;;;;;;;;;;;;;;;;;;;;;;;;;;;;;;;;;;;;;;;;;;;;;;;;;;;;;;;;;;;;;;;;;;;;;;;;;;;;;;;;;;;;;;;;;;;;;;;;;;;;;;;;;;;;;;;
E.1.4;Base Estabilizada ;;;;;1239,32;0,36%;;;0,00%;0,00%;1239,32;;;;;;;;;;;;;;;;;;;;;;;;;;;;;;;;;;;;;;;;;;;;;;;;;;;;;;;;;;;;;;;;;;;;;;;;;;;;;;;;;;;;;;;;;;;;;;;;;;;;;;;;;;;;;;;;;;;;
E.1.7;Calzada concreto asfaltico ;;;;;8491,35;2,46%;;;0,00%;0,00%;8491,35;;;;;;;;;;;;;;;;;;;;;;;;;;;;;;;;;;;;;;;;;;;;;;;;;;;;;;;;;;;;;;;;;;;;;;;;;;;;;;;;;;;;;;;;;;;;;;;;;;;;;;;;;;;;;;;;;;;;
E.1.9;Soleras;;;;;487,13;0,14%;;;0,00%;0,00%;487,13;;;;;;;;;;;;;;;;;;;;;;;;;;;;;;;;;;;;;;;;;;;;;;;;;;;;;;;;;;;;;;;;;;;;;;;;;;;;;;;;;;;;;;;;;;;;;;;;;;;;;;;;;;;;;;;;;;;;
E.2;SISTEMA DE EVACUACIoN DE AGUAS LLUVIA;;;;;473,66;0,14%;;;0,00%;0,00%;;;;;;;;;;;;;;;;;;;;;;;;;;;;;;;;;;;;;;;;;;;;;;;;;;;;;;;;;;;;;;;;;;;;;;;;;;;;;;;;;;;;;;;;;;;;;;;;;;;;;;;;;;;;;;;;;;;;;
E.2.1;Red evacuacion aguas lluvia ;;;;;440,36;0,13%;;;0,00%;0,00%;;;;;;;;;;;;;;;;;;;;;;;;;;;;;;;;;;;;;;;;;;;;;;;;;;;;;;;;;;;;;;;;;;;;;;;;;;;;;;;;;;;;;;;;;;;;;;;;;;;;;;;;;;;;;;;;;;;;;
E.2.1.4;Tubo circular de PVC hidraulico - HDPE;;;;;440,36;0,13%;;;0,00%;0,00%;440,36;;;;;;;;;;;;;;;;;;;;;;;;;;;;;;;;;;;;;;;;;;;;;;;;;;;;;;;;;;;;;;;;;;;;;;;;;;;;;;;;;;;;;;;;;;;;;;;;;;;;;;;;;;;;;;;;;;;;
E.2.3;Drenes;;;;;33,3;0,01%;;;0,00%;0,00%;;;;;;;;;;;;;;;;;;;;;;;;;;;;;;;;;;;;;;;;;;;;;;;;;;;;;;;;;;;;;;;;;;;;;;;;;;;;;;;;;;;;;;;;;;;;;;;;;;;;;;;;;;;;;;;;;;;;;
E.2.3.1;Relleno grava drenes;;;;;23,59;0,01%;;;0,00%;0,00%;23,59;;;;;;;;;;;;;;;;;;;;;;;;;;;;;;;;;;;;;;;;;;;;;;;;;;;;;;;;;;;;;;;;;;;;;;;;;;;;;;;;;;;;;;;;;;;;;;;;;;;;;;;;;;;;;;;;;;;;
E.2.3.2;Excavacion de drenes;;;;;9,71;0,00%;;;0,00%;0,00%;9,71;;;;;;;;;;;;;;;;;;;;;;;;;;;;;;;;;;;;;;;;;;;;;;;;;;;;;;;;;;;;;;;;;;;;;;;;;;;;;;;;;;;;;;;;;;;;;;;;;;;;;;;;;;;;;;;;;;;;
E.3;AGUA POTABLE LOTEO;;;;;9162,5;2,65%;;;0,00%;0,00%;;;;;;;;;;;;;;;;;;;;;;;;;;;;;;;;;;;;;;;;;;;;;;;;;;;;;;;;;;;;;;;;;;;;;;;;;;;;;;;;;;;;;;;;;;;;;;;;;;;;;;;;;;;;;;;;;;;;;
E.3.1;Red de agua ;;;;;5526,5;1,60%;;;0,00%;0,00%;5526,5;;;;;;;;;;;;;;;;;;;;;;;;;;;;;;;;;;;;;;;;;;;;;;;;;;;;;;;;;;;;;;;;;;;;;;;;;;;;;;;;;;;;;;;;;;;;;;;;;;;;;;;;;;;;;;;;;;;;
E.3.2;Sistema de impulsion de agua;;;;;3636;1,05%;;;0,00%;0,00%;3636;;;;;;;;;;;;;;;;;;;;;;;;;;;;;;;;;;;;;;;;;;;;;;;;;;;;;;;;;;;;;;;;;;;;;;;;;;;;;;;;;;;;;;;;;;;;;;;;;;;;;;;;;;;;;;;;;;;;
E.4;ALCANTARILLADO LOTEO;;;;;7612,42;2,20%;;;0,00%;0,00%;;;;;;;;;;;;;;;;;;;;;;;;;;;;;;;;;;;;;;;;;;;;;;;;;;;;;;;;;;;;;;;;;;;;;;;;;;;;;;;;;;;;;;;;;;;;;;;;;;;;;;;;;;;;;;;;;;;;;
E.4.1;Red de alcantarillado;;;;;3114,72;0,90%;;;0,00%;0,00%;;;;;;;;;;;;;;;;;;;;;;;;;;;;;;;;;;;;;;;;;;;;;;;;;;;;;;;;;;;;;;;;;;;;;;;;;;;;;;;;;;;;;;;;;;;;;;;;;;;;;;;;;;;;;;;;;;;;;
E.4.1.1;Tuberia ;;;;;1562,8;0,45%;;;0,00%;0,00%;1562,8;;;;;;;;;;;;;;;;;;;;;;;;;;;;;;;;;;;;;;;;;;;;;;;;;;;;;;;;;;;;;;;;;;;;;;;;;;;;;;;;;;;;;;;;;;;;;;;;;;;;;;;;;;;;;;;;;;;;
E.4.1.3;Camaras tipo A;;;;;1105,6;0,32%;;;0,00%;0,00%;1105,6;;;;;;;;;;;;;;;;;;;;;;;;;;;;;;;;;;;;;;;;;;;;;;;;;;;;;;;;;;;;;;;;;;;;;;;;;;;;;;;;;;;;;;;;;;;;;;;;;;;;;;;;;;;;;;;;;;;;
E.4.1.4;Camaras tipo B;;;;;207,3;0,06%;;;0,00%;0,00%;207,3;;;;;;;;;;;;;;;;;;;;;;;;;;;;;;;;;;;;;;;;;;;;;;;;;;;;;;;;;;;;;;;;;;;;;;;;;;;;;;;;;;;;;;;;;;;;;;;;;;;;;;;;;;;;;;;;;;;;
E.4.1.6;Tapa camara metalica;;;;;172,9;0,05%;;;0,00%;0,00%;172,9;;;;;;;;;;;;;;;;;;;;;;;;;;;;;;;;;;;;;;;;;;;;;;;;;;;;;;;;;;;;;;;;;;;;;;;;;;;;;;;;;;;;;;;;;;;;;;;;;;;;;;;;;;;;;;;;;;;;
E.4.1.7;Cama de arena (indicar espesor);;;;;66,12;0,02%;;;0,00%;0,00%;66,12;;;;;;;;;;;;;;;;;;;;;;;;;;;;;;;;;;;;;;;;;;;;;;;;;;;;;;;;;;;;;;;;;;;;;;;;;;;;;;;;;;;;;;;;;;;;;;;;;;;;;;;;;;;;;;;;;;;;
E.4.3;Plantas elevadoras Aguas Servidas;;;;;4497,7;1,30%;;;0,00%;0,00%;4497,7;;;;;;;;;;;;;;;;;;;;;;;;;;;;;;;;;;;;;;;;;;;;;;;;;;;;;;;;;;;;;;;;;;;;;;;;;;;;;;;;;;;;;;;;;;;;;;;;;;;;;;;;;;;;;;;;;;;;
E.5;ELECTRICIDAD LOTEO;;;;;9413,56;2,72%;;;0,00%;0,00%;;;;;;;;;;;;;;;;;;;;;;;;;;;;;;;;;;;;;;;;;;;;;;;;;;;;;;;;;;;;;;;;;;;;;;;;;;;;;;;;;;;;;;;;;;;;;;;;;;;;;;;;;;;;;;;;;;;;;
E.5.1;Red electrica de distribucion y alumbrado publico;;;;;7304;2,11%;;;0,00%;0,00%;7304;;;;;;;;;;;;;;;;;;;;;;;;;;;;;;;;;;;;;;;;;;;;;;;;;;;;;;;;;;;;;;;;;;;;;;;;;;;;;;;;;;;;;;;;;;;;;;;;;;;;;;;;;;;;;;;;;;;;
E.5.2;Postacion;;;;;803,16;0,23%;;;0,00%;0,00%;803,16;;;;;;;;;;;;;;;;;;;;;;;;;;;;;;;;;;;;;;;;;;;;;;;;;;;;;;;;;;;;;;;;;;;;;;;;;;;;;;;;;;;;;;;;;;;;;;;;;;;;;;;;;;;;;;;;;;;;
E.5.3;Iluminacion;;;;;1306,4;0,38%;;;0,00%;0,00%;1306,4;;;;;;;;;;;;;;;;;;;;;;;;;;;;;;;;;;;;;;;;;;;;;;;;;;;;;;;;;;;;;;;;;;;;;;;;;;;;;;;;;;;;;;;;;;;;;;;;;;;;;;;;;;;;;;;;;;;;
E.6;OBRAS ANEXAS;;;;;824,51;0,24%;;;0,00%;0,00%;;;;;;;;;;;;;;;;;;;;;;;;;;;;;;;;;;;;;;;;;;;;;;;;;;;;;;;;;;;;;;;;;;;;;;;;;;;;;;;;;;;;;;;;;;;;;;;;;;;;;;;;;;;;;;;;;;;;;
E.6.1;Senalizacion de calles y pasajes;;;;;824,51;0,24%;;;0,00%;0,00%;824,51;;;;;;;;;;;;;;;;;;;;;;;;;;;;;;;;;;;;;;;;;;;;;;;;;;;;;;;;;;;;;;;;;;;;;;;;;;;;;;;;;;;;;;;;;;;;;;;;;;;;;;;;;;;;;;;;;;;;
E.EX;PARTIDAS DE OBRAS DE URBANIZACION AGREGADAS POR LA EMPRESA;;;;;4593,23;1,33%;;;0,00%;0,00%;;;;;;;;;;;;;;;;;;;;;;;;;;;;;;;;;;;;;;;;;;;;;;;;;;;;;;;;;;;;;;;;;;;;;;;;;;;;;;;;;;;;;;;;;;;;;;;;;;;;;;;;;;;;;;;;;;;;;
E.EX.1;EISTU;;;;;4514,69;1,31%;;;0,00%;0,00%;4514,69;;;;;;;;;;;;;;;;;;;;;;;;;;;;;;;;;;;;;;;;;;;;;;;;;;;;;;;;;;;;;;;;;;;;;;;;;;;;;;;;;;;;;;;;;;;;;;;;;;;;;;;;;;;;;;;;;;;;
E.EX.2;Dispositivos de rodados;;;;;78,54;0,02%;;;0,00%;0,00%;78,54;;;;;;;;;;;;;;;;;;;;;;;;;;;;;;;;;;;;;;;;;;;;;;;;;;;;;;;;;;;;;;;;;;;;;;;;;;;;;;;;;;;;;;;;;;;;;;;;;;;;;;;;;;;;;;;;;;;;
F;OBRAS DE HABILITACION;36760,86;30515,1754;83,01%;83,01;36760,86;10,63%;30515,1754;83,01;37,07%;8,82%;;;;;;;;;;;;;;;;;;;;;;;;;;;;;;;;;;;;;;;;;;;;;;;;;;;;;;;;;;;;;;;;;;;;;;;;;;;;;;;;;;;;;;;;;;;;;;;;;;;;;;;;;;;;;;;;;;;;;
F.1;MOVIMIENTO DE TIERRAS;;;;;19219,7;5,56%;15279,6616;79,5;18,56%;4,42%;;;;;;;;;;;;;;;;;;;;;;;;;;;;;;;;;;;;;;;;;;;;;;;;;;;;;;;;;;;;;;;;;;;;;;;;;;;;;;;;;;;;;;;;;;;;;;;;;;;;;;;;;;;;;;;;;;;;;
F.1.1;Excavacion en Corte a mano (0 a 1m);;;;;6656,82;1,92%;5292,172;79,5;6,43%;1,53%;6656,82;5292,172;79,5;E01:166,4205;E02:249,6308;E03:249,6308;E04:332,8410;E05:332,8410;E06:332,8410;E07:332,8410;E08:332,8410;E09:332,8410;E10:332,8410;E11:332,8410;E12:332,8410;E13:166,4205;E14:166,4205;E15:0,0000;E16:166,4205;E17:166,4205;E18:332,8410;E19:299,5569;E20:332,8410;;;;;;;;;;;;;;;;;;;;;;;;;;;;;;;;;;;;;;;;;;;;;;;;;;;;;;;;;;;;;;;;;;;;;;;;;;;;;;;;;;;;;;;;;;;;;;
F.1.4;Extraccion de escombros;;;;;12562,88;3,63%;9987,4896;79,5;12,13%;2,89%;12562,88;9987,4896;79,5;L:9987,4896;;;;;;;;;;;;;;;;;;;;;;;;;;;;;;;;;;;;;;;;;;;;;;;;;;;;;;;;;;;;;;;;;;;;;;;;;;;;;;;;;;;;;;;;;;;;;;;;;;;;;;;;;;;;;;;;;
F.4;FUNDACIONES ESPECIALES;;;;;17541,16;5,07%;15235,5138;86,86;18,51%;4,41%;;;;;;;;;;;;;;;;;;;;;;;;;;;;;;;;;;;;;;;;;;;;;;;;;;;;;;;;;;;;;;;;;;;;;;;;;;;;;;;;;;;;;;;;;;;;;;;;;;;;;;;;;;;;;;;;;;;;;
F.4.1;Losa de Fundacion para suelos salinos;;;;;17541,16;5,07%;15235,5138;86,86;18,51%;4,41%;;;;;;;;;;;;;;;;;;;;;;;;;;;;;;;;;;;;;;;;;;;;;;;;;;;;;;;;;;;;;;;;;;;;;;;;;;;;;;;;;;;;;;;;;;;;;;;;;;;;;;;;;;;;;;;;;;;;;
F.4.1.2;Polietileno 300 micras y capa de arena sobre sello;;;;;2170,2;0,63%;2170,2;100;2,64%;0,63%;2170,2;2170,2;100;E01:108,5100;E02:108,5100;E03:108,5100;E04:108,5100;E05:108,5100;E06:108,5100;E07:108,5100;E08:108,5100;E09:108,5100;E10:108,5100;E11:108,5100;E12:108,5100;E13:108,5100;E14:108,5100;E15:108,5100;E16:108,5100;E17:108,5100;E18:108,5100;E19:108,5100;E20:108,5100;;;;;;;;;;;;;;;;;;;;;;;;;;;;;;;;;;;;;;;;;;;;;;;;;;;;;;;;;;;;;;;;;;;;;;;;;;;;;;;;;;;;;;;;;;;;;;
F.4.1.3;Relleno mejoramiento Estructural;;;;;15370,96;4,44%;13065,3138;85;15,87%;3,78%;15370,96;13065,3138;85;E01,N0,C1:64,0457;E01,N0,C2:64,0457;E01,N0,C3:64,0457;E01,N0,C4:64,0457;E01,N0,C5:64,0457;E01,N0,C6:64,0457;E02,N1,C1:128,0913;E02,N1,C2:128,0913;E02,N1,C3:128,0913;E02,N1,C4:128,0913;E02,N1,C5:128,0913;E02,N1,C6:128,0913;E03,N1,C1:128,0913;E03,N1,C2:128,0913;E03,N1,C3:128,0913;E03,N1,C4:128,0913;E03,N1,C5:128,0913;E03,N1,C6:128,0913;E04,N1,C1:128,0913;E04,N1,C2:128,0913;E04,N1,C3:128,0913;E04,N1,C4:128,0913;E04,N1,C5:128,0913;E04,N1,C6:128,0913;E05,N1,C1:128,0913;E05,N1,C2:128,0913;E05,N1,C3:128,0913;E05,N1,C4:128,0913;E05,N1,C5:128,0913;E05,N1,C6:128,0913;E06,N1,C1:128,0913;E06,N1,C2:128,0913;E06,N1,C3:128,0913;E06,N1,C4:128,0913;E06,N1,C5:128,0913;E06,N1,C6:128,0913;E07,N1,C1:128,0913;E07,N1,C2:128,0913;E07,N1,C3:128,0913;E07,N1,C4:128,0913;E07,N1,C5:128,0913;E07,N1,C6:128,0913;E08,N1,C1:128,0913;E08,N1,C2:128,0913;E08,N1,C3:128,0913;E08,N1,C4:128,0913;E08,N1,C5:128,0913;E08,N1,C6:128,0913;E09,N1,C1:128,0913;E09,N1,C2:128,0913;E09,N1,C3:128,0913;E09,N1,C4:128,0913;E09,N1,C5:128,0913;E09,N1,C6:128,0913;E10,N1,C1:128,0913;E10,N1,C2:128,0913;E10,N1,C3:128,0913;E10,N1,C4:128,0913;E10,N1,C5:128,0913;E10,N1,C6:128,0913;E11,N1,C1:128,0913;E11,N1,C2:128,0913;E11,N1,C3:128,0913;E11,N1,C4:128,0913;E11,N1,C5:128,0913;E11,N1,C6:128,0913;E12,N1,C1:128,0913;E12,N1,C2:128,0913;E12,N1,C3:128,0913;E12,N1,C4:128,0913;E12,N1,C5:128,0913;E12,N1,C6:128,0913;E13,N1,C1:128,0913;E13,N1,C2:128,0913;E13,N1,C3:128,0913;E13,N1,C4:128,0913;E13,N1,C5:128,0913;E13,N1,C6:128,0913;E14,N0,C1:64,0457;E14,N0,C2:64,0457;E14,N0,C3:64,0457;E14,N0,C4:64,0457;E14,N0,C5:64,0457;E14,N0,C6:64,0457;E16,N0,C1:64,0457;E16,N0,C2:64,0457;E16,N0,C3:64,0457;E16,N0,C4:64,0457;E16,N0,C5:64,0457;E16,N0,C6:64,0457;E17,N0,C1:64,0457;E17,N0,C2:64,0457;E17,N0,C3:64,0457;E17,N0,C4:64,0457;E17,N0,C5:64,0457;E17,N0,C6:64,0457;E18,N1,C1:128,0913;E18,N1,C2:128,0913;E18,N1,C3:128,0913;E18,N1,C4:128,0913;E18,N1,C5:128,0913;E18,N1,C6:128,0913;E19,N1,C1:128,0913;E19,N1,C2:128,0913;E19,N1,C3:128,0913;E19,N1,C4:128,0913;E19,N1,C5:128,0913;E19,N1,C6:128,0913;E20,N1,C1:128,0913;E20,N1,C2:128,0913;E20,N1,C3:128,0913;E20,N1,C4:128,0913;E20,N1,C5:128,0913;E20,N1,C6:128,0913
G;OBRAS DE CONSTRUCCIoN DE SALA MULTIUSO;1440,81;0;0,00%;0;1440,81;0,42%;;;0,00%;0,00%;;;;;;;;;;;;;;;;;;;;;;;;;;;;;;;;;;;;;;;;;;;;;;;;;;;;;;;;;;;;;;;;;;;;;;;;;;;;;;;;;;;;;;;;;;;;;;;;;;;;;;;;;;;;;;;;;;;;;
G.B;OBRA GRUESA;;;;;510,51;0,15%;;;0,00%;0,00%;;;;;;;;;;;;;;;;;;;;;;;;;;;;;;;;;;;;;;;;;;;;;;;;;;;;;;;;;;;;;;;;;;;;;;;;;;;;;;;;;;;;;;;;;;;;;;;;;;;;;;;;;;;;;;;;;;;;;
G.B.1;FUNDACIONES;;;;;131,4;0,04%;;;0,00%;0,00%;;;;;;;;;;;;;;;;;;;;;;;;;;;;;;;;;;;;;;;;;;;;;;;;;;;;;;;;;;;;;;;;;;;;;;;;;;;;;;;;;;;;;;;;;;;;;;;;;;;;;;;;;;;;;;;;;;;;;
G.B.1.1;Replanteo, trazado y niveles;;;;;6,41;0,00%;;;0,00%;0,00%;6,41;;;;;;;;;;;;;;;;;;;;;;;;;;;;;;;;;;;;;;;;;;;;;;;;;;;;;;;;;;;;;;;;;;;;;;;;;;;;;;;;;;;;;;;;;;;;;;;;;;;;;;;;;;;;;;;;;;;;
G.B.1.2;Excavacion;;;;;5,34;0,00%;;;0,00%;0,00%;5,34;;;;;;;;;;;;;;;;;;;;;;;;;;;;;;;;;;;;;;;;;;;;;;;;;;;;;;;;;;;;;;;;;;;;;;;;;;;;;;;;;;;;;;;;;;;;;;;;;;;;;;;;;;;;;;;;;;;;
G.B.1.3;Emplantillado;;;;;1,56;0,00%;;;0,00%;0,00%;1,56;;;;;;;;;;;;;;;;;;;;;;;;;;;;;;;;;;;;;;;;;;;;;;;;;;;;;;;;;;;;;;;;;;;;;;;;;;;;;;;;;;;;;;;;;;;;;;;;;;;;;;;;;;;;;;;;;;;;
G.B.1.4;Hormigon cimientos;;;;;48,84;0,01%;;;0,00%;0,00%;48,84;;;;;;;;;;;;;;;;;;;;;;;;;;;;;;;;;;;;;;;;;;;;;;;;;;;;;;;;;;;;;;;;;;;;;;;;;;;;;;;;;;;;;;;;;;;;;;;;;;;;;;;;;;;;;;;;;;;;
G.B.1.6;Enfierradura;;;;;55,46;0,02%;;;0,00%;0,00%;55,46;;;;;;;;;;;;;;;;;;;;;;;;;;;;;;;;;;;;;;;;;;;;;;;;;;;;;;;;;;;;;;;;;;;;;;;;;;;;;;;;;;;;;;;;;;;;;;;;;;;;;;;;;;;;;;;;;;;;
G.B.1.7;Moldajes;;;;;13,79;0,00%;;;0,00%;0,00%;13,79;;;;;;;;;;;;;;;;;;;;;;;;;;;;;;;;;;;;;;;;;;;;;;;;;;;;;;;;;;;;;;;;;;;;;;;;;;;;;;;;;;;;;;;;;;;;;;;;;;;;;;;;;;;;;;;;;;;;
G.B.3.5;Paneles sis, Const, No tradicional;;;;;132;0,04%;;;0,00%;0,00%;;;;;;;;;;;;;;;;;;;;;;;;;;;;;;;;;;;;;;;;;;;;;;;;;;;;;;;;;;;;;;;;;;;;;;;;;;;;;;;;;;;;;;;;;;;;;;;;;;;;;;;;;;;;;;;;;;;;;
G.B.3.5.1;Estructurales;;;;;114,56;0,03%;;;0,00%;0,00%;114,56;;;;;;;;;;;;;;;;;;;;;;;;;;;;;;;;;;;;;;;;;;;;;;;;;;;;;;;;;;;;;;;;;;;;;;;;;;;;;;;;;;;;;;;;;;;;;;;;;;;;;;;;;;;;;;;;;;;;
G.B.3.5.2;Tabiquerias;;;;;17,44;0,01%;;;0,00%;0,00%;17,44;;;;;;;;;;;;;;;;;;;;;;;;;;;;;;;;;;;;;;;;;;;;;;;;;;;;;;;;;;;;;;;;;;;;;;;;;;;;;;;;;;;;;;;;;;;;;;;;;;;;;;;;;;;;;;;;;;;;
G.B.6;CUBIERTA;;;;;229,11;0,07%;;;0,00%;0,00%;;;;;;;;;;;;;;;;;;;;;;;;;;;;;;;;;;;;;;;;;;;;;;;;;;;;;;;;;;;;;;;;;;;;;;;;;;;;;;;;;;;;;;;;;;;;;;;;;;;;;;;;;;;;;;;;;;;;;
G.B.6.1;Estructura (inc, Costaneras);;;;;131,14;0,04%;;;0,00%;0,00%;;;;;;;;;;;;;;;;;;;;;;;;;;;;;;;;;;;;;;;;;;;;;;;;;;;;;;;;;;;;;;;;;;;;;;;;;;;;;;;;;;;;;;;;;;;;;;;;;;;;;;;;;;;;;;;;;;;;;
G.B.6.1.2;Acero;;;;;131,14;0,04%;;;0,00%;0,00%;131,14;;;;;;;;;;;;;;;;;;;;;;;;;;;;;;;;;;;;;;;;;;;;;;;;;;;;;;;;;;;;;;;;;;;;;;;;;;;;;;;;;;;;;;;;;;;;;;;;;;;;;;;;;;;;;;;;;;;;
G.B.6.2;Cubierta (inc, Cumbreras);;;;;51,86;0,01%;;;0,00%;0,00%;;;;;;;;;;;;;;;;;;;;;;;;;;;;;;;;;;;;;;;;;;;;;;;;;;;;;;;;;;;;;;;;;;;;;;;;;;;;;;;;;;;;;;;;;;;;;;;;;;;;;;;;;;;;;;;;;;;;;
G.B.6.2.1;Acero galvanizado;;;;;51,86;0,01%;;;0,00%;0,00%;51,86;;;;;;;;;;;;;;;;;;;;;;;;;;;;;;;;;;;;;;;;;;;;;;;;;;;;;;;;;;;;;;;;;;;;;;;;;;;;;;;;;;;;;;;;;;;;;;;;;;;;;;;;;;;;;;;;;;;;
G.B.6.3;Hojalateria;;;;;46,11;0,01%;;;0,00%;0,00%;;;;;;;;;;;;;;;;;;;;;;;;;;;;;;;;;;;;;;;;;;;;;;;;;;;;;;;;;;;;;;;;;;;;;;;;;;;;;;;;;;;;;;;;;;;;;;;;;;;;;;;;;;;;;;;;;;;;;
G.B.6.3.1;Canales;;;;;27,76;0,01%;;;0,00%;0,00%;27,76;;;;;;;;;;;;;;;;;;;;;;;;;;;;;;;;;;;;;;;;;;;;;;;;;;;;;;;;;;;;;;;;;;;;;;;;;;;;;;;;;;;;;;;;;;;;;;;;;;;;;;;;;;;;;;;;;;;;
G.B.6.3.2;Bajadas;;;;;18,35;0,01%;;;0,00%;0,00%;18,35;;;;;;;;;;;;;;;;;;;;;;;;;;;;;;;;;;;;;;;;;;;;;;;;;;;;;;;;;;;;;;;;;;;;;;;;;;;;;;;;;;;;;;;;;;;;;;;;;;;;;;;;;;;;;;;;;;;;
G.B.EX;PARTIDAS DE OBRA GRUESA AGREGADAS POR LA EMPRESA;;;;;18;0,01%;;;0,00%;0,00%;;;;;;;;;;;;;;;;;;;;;;;;;;;;;;;;;;;;;;;;;;;;;;;;;;;;;;;;;;;;;;;;;;;;;;;;;;;;;;;;;;;;;;;;;;;;;;;;;;;;;;;;;;;;;;;;;;;;;
G.B.EX.1;Pergola;;;;;18;0,01%;;;0,00%;0,00%;18;;;;;;;;;;;;;;;;;;;;;;;;;;;;;;;;;;;;;;;;;;;;;;;;;;;;;;;;;;;;;;;;;;;;;;;;;;;;;;;;;;;;;;;;;;;;;;;;;;;;;;;;;;;;;;;;;;;;
G.C;OBRAS DE TERMINACIoN;;;;;764,91;0,22%;;;0,00%;0,00%;;;;;;;;;;;;;;;;;;;;;;;;;;;;;;;;;;;;;;;;;;;;;;;;;;;;;;;;;;;;;;;;;;;;;;;;;;;;;;;;;;;;;;;;;;;;;;;;;;;;;;;;;;;;;;;;;;;;;
G.C.1;REVESTIMIENTOS MUROS Y TABIQUES ;;;;;;0,00%;;;0,00%;0,00%;;;;;;;;;;;;;;;;;;;;;;;;;;;;;;;;;;;;;;;;;;;;;;;;;;;;;;;;;;;;;;;;;;;;;;;;;;;;;;;;;;;;;;;;;;;;;;;;;;;;;;;;;;;;;;;;;;;;;
G.C.1.1;Exterior;;;;;173,86;0,05%;;;0,00%;0,00%;;;;;;;;;;;;;;;;;;;;;;;;;;;;;;;;;;;;;;;;;;;;;;;;;;;;;;;;;;;;;;;;;;;;;;;;;;;;;;;;;;;;;;;;;;;;;;;;;;;;;;;;;;;;;;;;;;;;;
G.C.1.1.5;Sidding;;;;;173,86;0,05%;;;0,00%;0,00%;173,86;;;;;;;;;;;;;;;;;;;;;;;;;;;;;;;;;;;;;;;;;;;;;;;;;;;;;;;;;;;;;;;;;;;;;;;;;;;;;;;;;;;;;;;;;;;;;;;;;;;;;;;;;;;;;;;;;;;;
G.C.1.2;Interior zona seca;;;;;54,65;0,02%;;;0,00%;0,00%;;;;;;;;;;;;;;;;;;;;;;;;;;;;;;;;;;;;;;;;;;;;;;;;;;;;;;;;;;;;;;;;;;;;;;;;;;;;;;;;;;;;;;;;;;;;;;;;;;;;;;;;;;;;;;;;;;;;;
G.C.1.2.2;Yeso carton;;;;;54,65;0,02%;;;0,00%;0,00%;54,65;;;;;;;;;;;;;;;;;;;;;;;;;;;;;;;;;;;;;;;;;;;;;;;;;;;;;;;;;;;;;;;;;;;;;;;;;;;;;;;;;;;;;;;;;;;;;;;;;;;;;;;;;;;;;;;;;;;;
G.C.1.3;Interior zona humeda;;;;;62,28;0,02%;;;0,00%;0,00%;;;;;;;;;;;;;;;;;;;;;;;;;;;;;;;;;;;;;;;;;;;;;;;;;;;;;;;;;;;;;;;;;;;;;;;;;;;;;;;;;;;;;;;;;;;;;;;;;;;;;;;;;;;;;;;;;;;;;
G.C.1.3.3;Yeso carton RH;;;;;62,28;0,02%;;;0,00%;0,00%;62,28;;;;;;;;;;;;;;;;;;;;;;;;;;;;;;;;;;;;;;;;;;;;;;;;;;;;;;;;;;;;;;;;;;;;;;;;;;;;;;;;;;;;;;;;;;;;;;;;;;;;;;;;;;;;;;;;;;;;
G.C.10;MOLDURAS;;;;;8,86;0,00%;;;0,00%;0,00%;;;;;;;;;;;;;;;;;;;;;;;;;;;;;;;;;;;;;;;;;;;;;;;;;;;;;;;;;;;;;;;;;;;;;;;;;;;;;;;;;;;;;;;;;;;;;;;;;;;;;;;;;;;;;;;;;;;;;
G.C.10.1;Guardapolvos;;;;;4,09;0,00%;;;0,00%;0,00%;4,09;;;;;;;;;;;;;;;;;;;;;;;;;;;;;;;;;;;;;;;;;;;;;;;;;;;;;;;;;;;;;;;;;;;;;;;;;;;;;;;;;;;;;;;;;;;;;;;;;;;;;;;;;;;;;;;;;;;;
G.C.10.2;Cornizas;;;;;4,77;0,00%;;;0,00%;0,00%;4,77;;;;;;;;;;;;;;;;;;;;;;;;;;;;;;;;;;;;;;;;;;;;;;;;;;;;;;;;;;;;;;;;;;;;;;;;;;;;;;;;;;;;;;;;;;;;;;;;;;;;;;;;;;;;;;;;;;;;
G.C.11;PINTURAS;;;;;38,08;0,01%;;;0,00%;0,00%;;;;;;;;;;;;;;;;;;;;;;;;;;;;;;;;;;;;;;;;;;;;;;;;;;;;;;;;;;;;;;;;;;;;;;;;;;;;;;;;;;;;;;;;;;;;;;;;;;;;;;;;;;;;;;;;;;;;;
G.C.11.2;Esmalte;;;;;38,08;0,01%;;;0,00%;0,00%;38,08;;;;;;;;;;;;;;;;;;;;;;;;;;;;;;;;;;;;;;;;;;;;;;;;;;;;;;;;;;;;;;;;;;;;;;;;;;;;;;;;;;;;;;;;;;;;;;;;;;;;;;;;;;;;;;;;;;;;
G.C.12;OBRAS EXTERIORES;;;;;7,5;0,00%;;;0,00%;0,00%;;;;;;;;;;;;;;;;;;;;;;;;;;;;;;;;;;;;;;;;;;;;;;;;;;;;;;;;;;;;;;;;;;;;;;;;;;;;;;;;;;;;;;;;;;;;;;;;;;;;;;;;;;;;;;;;;;;;;
G.C.12.1;Pavimentos de Acceso ;;;;;7,5;0,00%;;;0,00%;0,00%;;;;;;;;;;;;;;;;;;;;;;;;;;;;;;;;;;;;;;;;;;;;;;;;;;;;;;;;;;;;;;;;;;;;;;;;;;;;;;;;;;;;;;;;;;;;;;;;;;;;;;;;;;;;;;;;;;;;;
G.C.12.1.3;Rampa acceso vivienda (incluye baranda doble altura);;;;;7,5;0,00%;;;0,00%;0,00%;7,5;;;;;;;;;;;;;;;;;;;;;;;;;;;;;;;;;;;;;;;;;;;;;;;;;;;;;;;;;;;;;;;;;;;;;;;;;;;;;;;;;;;;;;;;;;;;;;;;;;;;;;;;;;;;;;;;;;;;
G.C.3.3;Revestimiento zona seca;;;;;59,41;0,02%;;;0,00%;0,00%;;;;;;;;;;;;;;;;;;;;;;;;;;;;;;;;;;;;;;;;;;;;;;;;;;;;;;;;;;;;;;;;;;;;;;;;;;;;;;;;;;;;;;;;;;;;;;;;;;;;;;;;;;;;;;;;;;;;;
G.C.3.3.1;Yeso carton;;;;;59,41;0,02%;;;0,00%;0,00%;59,41;;;;;;;;;;;;;;;;;;;;;;;;;;;;;;;;;;;;;;;;;;;;;;;;;;;;;;;;;;;;;;;;;;;;;;;;;;;;;;;;;;;;;;;;;;;;;;;;;;;;;;;;;;;;;;;;;;;;
G.C.4;AISLACIoN TeRMICA CUBIERTA;;;;;27,55;0,01%;;;0,00%;0,00%;;;;;;;;;;;;;;;;;;;;;;;;;;;;;;;;;;;;;;;;;;;;;;;;;;;;;;;;;;;;;;;;;;;;;;;;;;;;;;;;;;;;;;;;;;;;;;;;;;;;;;;;;;;;;;;;;;;;;
G.C.4.1;Poliestireno expandido;;;;;27,55;0,01%;;;0,00%;0,00%;27,55;;;;;;;;;;;;;;;;;;;;;;;;;;;;;;;;;;;;;;;;;;;;;;;;;;;;;;;;;;;;;;;;;;;;;;;;;;;;;;;;;;;;;;;;;;;;;;;;;;;;;;;;;;;;;;;;;;;;
G.C.5;REVESTIMIENTO PISOS;;;;;58,23;0,02%;;;0,00%;0,00%;;;;;;;;;;;;;;;;;;;;;;;;;;;;;;;;;;;;;;;;;;;;;;;;;;;;;;;;;;;;;;;;;;;;;;;;;;;;;;;;;;;;;;;;;;;;;;;;;;;;;;;;;;;;;;;;;;;;;
G.C.5.1;Ceramica;;;;;58,23;0,02%;;;0,00%;0,00%;58,23;;;;;;;;;;;;;;;;;;;;;;;;;;;;;;;;;;;;;;;;;;;;;;;;;;;;;;;;;;;;;;;;;;;;;;;;;;;;;;;;;;;;;;;;;;;;;;;;;;;;;;;;;;;;;;;;;;;;
G.C.9;PUERTAS Y VENTANAS;;;;;157,52;0,05%;;;0,00%;0,00%;;;;;;;;;;;;;;;;;;;;;;;;;;;;;;;;;;;;;;;;;;;;;;;;;;;;;;;;;;;;;;;;;;;;;;;;;;;;;;;;;;;;;;;;;;;;;;;;;;;;;;;;;;;;;;;;;;;;;
G.C.9.1;Marcos;;;;;4,95;0,00%;;;0,00%;0,00%;;;;;;;;;;;;;;;;;;;;;;;;;;;;;;;;;;;;;;;;;;;;;;;;;;;;;;;;;;;;;;;;;;;;;;;;;;;;;;;;;;;;;;;;;;;;;;;;;;;;;;;;;;;;;;;;;;;;;
G.C.9.1.1;Madera;;;;;4,95;0,00%;;;0,00%;0,00%;4,95;;;;;;;;;;;;;;;;;;;;;;;;;;;;;;;;;;;;;;;;;;;;;;;;;;;;;;;;;;;;;;;;;;;;;;;;;;;;;;;;;;;;;;;;;;;;;;;;;;;;;;;;;;;;;;;;;;;;
G.C.9.2;Puertas interiores;;;;;22,35;0,01%;;;0,00%;0,00%;;;;;;;;;;;;;;;;;;;;;;;;;;;;;;;;;;;;;;;;;;;;;;;;;;;;;;;;;;;;;;;;;;;;;;;;;;;;;;;;;;;;;;;;;;;;;;;;;;;;;;;;;;;;;;;;;;;;;
G.C.9.2.1;Puerta ancho 70;;;;;4,77;0,00%;;;0,00%;0,00%;4,77;;;;;;;;;;;;;;;;;;;;;;;;;;;;;;;;;;;;;;;;;;;;;;;;;;;;;;;;;;;;;;;;;;;;;;;;;;;;;;;;;;;;;;;;;;;;;;;;;;;;;;;;;;;;;;;;;;;;
G.C.9.2.4;Puerta ancho 85;;;;;17,58;0,01%;;;0,00%;0,00%;17,58;;;;;;;;;;;;;;;;;;;;;;;;;;;;;;;;;;;;;;;;;;;;;;;;;;;;;;;;;;;;;;;;;;;;;;;;;;;;;;;;;;;;;;;;;;;;;;;;;;;;;;;;;;;;;;;;;;;;
G.C.9.3;Puerta exteriores;;;;;8,88;0,00%;;;0,00%;0,00%;;;;;;;;;;;;;;;;;;;;;;;;;;;;;;;;;;;;;;;;;;;;;;;;;;;;;;;;;;;;;;;;;;;;;;;;;;;;;;;;;;;;;;;;;;;;;;;;;;;;;;;;;;;;;;;;;;;;;
G.C.9.3.3;Puerta ventana;;;;;8,88;0,00%;;;0,00%;0,00%;8,88;;;;;;;;;;;;;;;;;;;;;;;;;;;;;;;;;;;;;;;;;;;;;;;;;;;;;;;;;;;;;;;;;;;;;;;;;;;;;;;;;;;;;;;;;;;;;;;;;;;;;;;;;;;;;;;;;;;;
G.C.9.4;Quincalleria (incluye chapas, perillas, bisagras y topes);;;;;4,79;0,00%;;;0,00%;0,00%;;;;;;;;;;;;;;;;;;;;;;;;;;;;;;;;;;;;;;;;;;;;;;;;;;;;;;;;;;;;;;;;;;;;;;;;;;;;;;;;;;;;;;;;;;;;;;;;;;;;;;;;;;;;;;;;;;;;;
G.C.9.4.2;Bano;;;;;3,17;0,00%;;;0,00%;0,00%;3,17;;;;;;;;;;;;;;;;;;;;;;;;;;;;;;;;;;;;;;;;;;;;;;;;;;;;;;;;;;;;;;;;;;;;;;;;;;;;;;;;;;;;;;;;;;;;;;;;;;;;;;;;;;;;;;;;;;;;
G.C.9.4.3;Interior;;;;;1,62;0,00%;;;0,00%;0,00%;1,62;;;;;;;;;;;;;;;;;;;;;;;;;;;;;;;;;;;;;;;;;;;;;;;;;;;;;;;;;;;;;;;;;;;;;;;;;;;;;;;;;;;;;;;;;;;;;;;;;;;;;;;;;;;;;;;;;;;;
G.C.9.5;Ventanas (incluye quincalleria);;;;;116,55;0,03%;;;0,00%;0,00%;;;;;;;;;;;;;;;;;;;;;;;;;;;;;;;;;;;;;;;;;;;;;;;;;;;;;;;;;;;;;;;;;;;;;;;;;;;;;;;;;;;;;;;;;;;;;;;;;;;;;;;;;;;;;;;;;;;;;
G.C.9.5.1;Aluminio;;;;;116,55;0,03%;;;0,00%;0,00%;116,55;;;;;;;;;;;;;;;;;;;;;;;;;;;;;;;;;;;;;;;;;;;;;;;;;;;;;;;;;;;;;;;;;;;;;;;;;;;;;;;;;;;;;;;;;;;;;;;;;;;;;;;;;;;;;;;;;;;;
G.C.EX;PARTIDAS DE OBRAS DE TERMINACIoN  AGREGADAS POR LA EMPRESA;;;;;116,97;0,03%;;;0,00%;0,00%;;;;;;;;;;;;;;;;;;;;;;;;;;;;;;;;;;;;;;;;;;;;;;;;;;;;;;;;;;;;;;;;;;;;;;;;;;;;;;;;;;;;;;;;;;;;;;;;;;;;;;;;;;;;;;;;;;;;;
G.C.EX.1;Pintura Fibrocemento;;;;;47,88;0,01%;;;0,00%;0,00%;47,88;;;;;;;;;;;;;;;;;;;;;;;;;;;;;;;;;;;;;;;;;;;;;;;;;;;;;;;;;;;;;;;;;;;;;;;;;;;;;;;;;;;;;;;;;;;;;;;;;;;;;;;;;;;;;;;;;;;;
G.C.EX.2;Pintura Hojalateria, numeracion, Aseo Final y Luminaria;;;;;69,09;0,02%;;;0,00%;0,00%;69,09;;;;;;;;;;;;;;;;;;;;;;;;;;;;;;;;;;;;;;;;;;;;;;;;;;;;;;;;;;;;;;;;;;;;;;;;;;;;;;;;;;;;;;;;;;;;;;;;;;;;;;;;;;;;;;;;;;;;
G.D;INSTALACIONES ;;;;;165,39;0,05%;;;0,00%;0,00%;;;;;;;;;;;;;;;;;;;;;;;;;;;;;;;;;;;;;;;;;;;;;;;;;;;;;;;;;;;;;;;;;;;;;;;;;;;;;;;;;;;;;;;;;;;;;;;;;;;;;;;;;;;;;;;;;;;;;
G.D.1;ARTEFACTOS SANITARIOS (Incl, griferia);;;;;49,91;0,01%;;;0,00%;0,00%;;;;;;;;;;;;;;;;;;;;;;;;;;;;;;;;;;;;;;;;;;;;;;;;;;;;;;;;;;;;;;;;;;;;;;;;;;;;;;;;;;;;;;;;;;;;;;;;;;;;;;;;;;;;;;;;;;;;;
G.D.1.1;WC;;;;;6,6;0,00%;;;0,00%;0,00%;6,6;;;;;;;;;;;;;;;;;;;;;;;;;;;;;;;;;;;;;;;;;;;;;;;;;;;;;;;;;;;;;;;;;;;;;;;;;;;;;;;;;;;;;;;;;;;;;;;;;;;;;;;;;;;;;;;;;;;;
G.D.1.2;Lavamanos con pedestal;;;;;4,53;0,00%;;;0,00%;0,00%;4,53;;;;;;;;;;;;;;;;;;;;;;;;;;;;;;;;;;;;;;;;;;;;;;;;;;;;;;;;;;;;;;;;;;;;;;;;;;;;;;;;;;;;;;;;;;;;;;;;;;;;;;;;;;;;;;;;;;;;
G.D.1.3;Lavamanos sin pedestal (viv, Discapacidad);;;;;23,73;0,01%;;;0,00%;0,00%;23,73;;;;;;;;;;;;;;;;;;;;;;;;;;;;;;;;;;;;;;;;;;;;;;;;;;;;;;;;;;;;;;;;;;;;;;;;;;;;;;;;;;;;;;;;;;;;;;;;;;;;;;;;;;;;;;;;;;;;
G.D.1.7;Lavaplatos con mueble ;;;;;4,64;0,00%;;;0,00%;0,00%;4,64;;;;;;;;;;;;;;;;;;;;;;;;;;;;;;;;;;;;;;;;;;;;;;;;;;;;;;;;;;;;;;;;;;;;;;;;;;;;;;;;;;;;;;;;;;;;;;;;;;;;;;;;;;;;;;;;;;;;
G.D.1.9;Barras W,C,;;;;;10,41;0,00%;;;0,00%;0,00%;10,41;;;;;;;;;;;;;;;;;;;;;;;;;;;;;;;;;;;;;;;;;;;;;;;;;;;;;;;;;;;;;;;;;;;;;;;;;;;;;;;;;;;;;;;;;;;;;;;;;;;;;;;;;;;;;;;;;;;;
G.D.2;RED AGUA POTABLE;;;;;23,19;0,01%;;;0,00%;0,00%;;;;;;;;;;;;;;;;;;;;;;;;;;;;;;;;;;;;;;;;;;;;;;;;;;;;;;;;;;;;;;;;;;;;;;;;;;;;;;;;;;;;;;;;;;;;;;;;;;;;;;;;;;;;;;;;;;;;;
G.D.2.1;MAP ;;;;;12,27;0,00%;;;0,00%;0,00%;12,27;;;;;;;;;;;;;;;;;;;;;;;;;;;;;;;;;;;;;;;;;;;;;;;;;;;;;;;;;;;;;;;;;;;;;;;;;;;;;;;;;;;;;;;;;;;;;;;;;;;;;;;;;;;;;;;;;;;;
G.D.2.2;Red interior agua fria;;;;;10,92;0,00%;;;0,00%;0,00%;10,92;;;;;;;;;;;;;;;;;;;;;;;;;;;;;;;;;;;;;;;;;;;;;;;;;;;;;;;;;;;;;;;;;;;;;;;;;;;;;;;;;;;;;;;;;;;;;;;;;;;;;;;;;;;;;;;;;;;;
G.D.3;RED ALCANTARILLADO;;;;;7,92;0,00%;;;0,00%;0,00%;;;;;;;;;;;;;;;;;;;;;;;;;;;;;;;;;;;;;;;;;;;;;;;;;;;;;;;;;;;;;;;;;;;;;;;;;;;;;;;;;;;;;;;;;;;;;;;;;;;;;;;;;;;;;;;;;;;;;
G.D.3.2;Red interior ;;;;;7,92;0,00%;;;0,00%;0,00%;7,92;;;;;;;;;;;;;;;;;;;;;;;;;;;;;;;;;;;;;;;;;;;;;;;;;;;;;;;;;;;;;;;;;;;;;;;;;;;;;;;;;;;;;;;;;;;;;;;;;;;;;;;;;;;;;;;;;;;;
G.D.4;INSTALACIONES ELECTRICAS;;;;;42,18;0,01%;;;0,00%;0,00%;;;;;;;;;;;;;;;;;;;;;;;;;;;;;;;;;;;;;;;;;;;;;;;;;;;;;;;;;;;;;;;;;;;;;;;;;;;;;;;;;;;;;;;;;;;;;;;;;;;;;;;;;;;;;;;;;;;;;
G.D.4.1;Medidor y Empalmes;;;;;16,92;0,00%;;;0,00%;0,00%;16,92;;;;;;;;;;;;;;;;;;;;;;;;;;;;;;;;;;;;;;;;;;;;;;;;;;;;;;;;;;;;;;;;;;;;;;;;;;;;;;;;;;;;;;;;;;;;;;;;;;;;;;;;;;;;;;;;;;;;
G.D.4.2;Tablero (automaticos, protecciones, etc);;;;;9,27;0,00%;;;0,00%;0,00%;9,27;;;;;;;;;;;;;;;;;;;;;;;;;;;;;;;;;;;;;;;;;;;;;;;;;;;;;;;;;;;;;;;;;;;;;;;;;;;;;;;;;;;;;;;;;;;;;;;;;;;;;;;;;;;;;;;;;;;;
G.D.4.5;Red interior;;;;;15,99;0,00%;;;0,00%;0,00%;15,99;;;;;;;;;;;;;;;;;;;;;;;;;;;;;;;;;;;;;;;;;;;;;;;;;;;;;;;;;;;;;;;;;;;;;;;;;;;;;;;;;;;;;;;;;;;;;;;;;;;;;;;;;;;;;;;;;;;;
G.D.5;INSTALACIONES DE GAS ;;;;;26,59;0,01%;;;0,00%;0,00%;;;;;;;;;;;;;;;;;;;;;;;;;;;;;;;;;;;;;;;;;;;;;;;;;;;;;;;;;;;;;;;;;;;;;;;;;;;;;;;;;;;;;;;;;;;;;;;;;;;;;;;;;;;;;;;;;;;;;
G.D.5.2;Red interior;;;;;26,59;0,01%;;;0,00%;0,00%;26,59;;;;;;;;;;;;;;;;;;;;;;;;;;;;;;;;;;;;;;;;;;;;;;;;;;;;;;;;;;;;;;;;;;;;;;;;;;;;;;;;;;;;;;;;;;;;;;;;;;;;;;;;;;;;;;;;;;;;
G.D.EX;PARTIDAS DE OBRAS DE INSTALACIONES AGREGADAS POR LA EMPRESA;;;;;15,6;0,00%;;;0,00%;0,00%;;;;;;;;;;;;;;;;;;;;;;;;;;;;;;;;;;;;;;;;;;;;;;;;;;;;;;;;;;;;;;;;;;;;;;;;;;;;;;;;;;;;;;;;;;;;;;;;;;;;;;;;;;;;;;;;;;;;;
G.D.EX.1;WC movilidad reducida;;;;;15,6;0,00%;;;0,00%;0,00%;15,6;;;;;;;;;;;;;;;;;;;;;;;;;;;;;;;;;;;;;;;;;;;;;;;;;;;;;;;;;;;;;;;;;;;;;;;;;;;;;;;;;;;;;;;;;;;;;;;;;;;;;;;;;;;;;;;;;;;;
H;aREAS VERDES Y RECREACIONALES;4412,58;0;0,00%;0;4412,58;1,28%;;;0,00%;0,00%;;;;;;;;;;;;;;;;;;;;;;;;;;;;;;;;;;;;;;;;;;;;;;;;;;;;;;;;;;;;;;;;;;;;;;;;;;;;;;;;;;;;;;;;;;;;;;;;;;;;;;;;;;;;;;;;;;;;;
H.1;PREPARACIoN TERRENO;;;;;1950,74;0,56%;;;0,00%;0,00%;;;;;;;;;;;;;;;;;;;;;;;;;;;;;;;;;;;;;;;;;;;;;;;;;;;;;;;;;;;;;;;;;;;;;;;;;;;;;;;;;;;;;;;;;;;;;;;;;;;;;;;;;;;;;;;;;;;;;
H.1.1;Escarpes;;;;;253,02;0,07%;;;0,00%;0,00%;253,02;;;;;;;;;;;;;;;;;;;;;;;;;;;;;;;;;;;;;;;;;;;;;;;;;;;;;;;;;;;;;;;;;;;;;;;;;;;;;;;;;;;;;;;;;;;;;;;;;;;;;;;;;;;;;;;;;;;;
H.1.3;Solerillas;;;;;53,72;0,02%;;;0,00%;0,00%;53,72;;;;;;;;;;;;;;;;;;;;;;;;;;;;;;;;;;;;;;;;;;;;;;;;;;;;;;;;;;;;;;;;;;;;;;;;;;;;;;;;;;;;;;;;;;;;;;;;;;;;;;;;;;;;;;;;;;;;
H.1.5;Base estabilizada ;;;;;77,2;0,02%;;;0,00%;0,00%;77,2;;;;;;;;;;;;;;;;;;;;;;;;;;;;;;;;;;;;;;;;;;;;;;;;;;;;;;;;;;;;;;;;;;;;;;;;;;;;;;;;;;;;;;;;;;;;;;;;;;;;;;;;;;;;;;;;;;;;
H.1.6;Pavimento circulacion peatonal, areas de estar, juegos, etc,;;;;;956,3;0,28%;;;0,00%;0,00%;;;;;;;;;;;;;;;;;;;;;;;;;;;;;;;;;;;;;;;;;;;;;;;;;;;;;;;;;;;;;;;;;;;;;;;;;;;;;;;;;;;;;;;;;;;;;;;;;;;;;;;;;;;;;;;;;;;;;
H.1.6.1;Hormigon;;;;;956,3;0,28%;;;0,00%;0,00%;956,3;;;;;;;;;;;;;;;;;;;;;;;;;;;;;;;;;;;;;;;;;;;;;;;;;;;;;;;;;;;;;;;;;;;;;;;;;;;;;;;;;;;;;;;;;;;;;;;;;;;;;;;;;;;;;;;;;;;;
H.1.7;Obras Menores;;;;;610,5;0,18%;;;0,00%;0,00%;;;;;;;;;;;;;;;;;;;;;;;;;;;;;;;;;;;;;;;;;;;;;;;;;;;;;;;;;;;;;;;;;;;;;;;;;;;;;;;;;;;;;;;;;;;;;;;;;;;;;;;;;;;;;;;;;;;;;
H.1.7.1;Jardineras;;;;;392,4;0,11%;;;0,00%;0,00%;392,4;;;;;;;;;;;;;;;;;;;;;;;;;;;;;;;;;;;;;;;;;;;;;;;;;;;;;;;;;;;;;;;;;;;;;;;;;;;;;;;;;;;;;;;;;;;;;;;;;;;;;;;;;;;;;;;;;;;;
H.1.7.4;Sombreaderos;;;;;218,1;0,06%;;;0,00%;0,00%;218,1;;;;;;;;;;;;;;;;;;;;;;;;;;;;;;;;;;;;;;;;;;;;;;;;;;;;;;;;;;;;;;;;;;;;;;;;;;;;;;;;;;;;;;;;;;;;;;;;;;;;;;;;;;;;;;;;;;;;
H.2;INSTALACIoN ELeCTRICA;;;;;788,6;0,23%;;;0,00%;0,00%;;;;;;;;;;;;;;;;;;;;;;;;;;;;;;;;;;;;;;;;;;;;;;;;;;;;;;;;;;;;;;;;;;;;;;;;;;;;;;;;;;;;;;;;;;;;;;;;;;;;;;;;;;;;;;;;;;;;;
H.2.1;Empalme y medidor;;;;;24,54;0,01%;;;0,00%;0,00%;24,54;;;;;;;;;;;;;;;;;;;;;;;;;;;;;;;;;;;;;;;;;;;;;;;;;;;;;;;;;;;;;;;;;;;;;;;;;;;;;;;;;;;;;;;;;;;;;;;;;;;;;;;;;;;;;;;;;;;;
H.2.2;Red;;;;;372,6;0,11%;;;0,00%;0,00%;372,6;;;;;;;;;;;;;;;;;;;;;;;;;;;;;;;;;;;;;;;;;;;;;;;;;;;;;;;;;;;;;;;;;;;;;;;;;;;;;;;;;;;;;;;;;;;;;;;;;;;;;;;;;;;;;;;;;;;;
H.2.3;Postacion ;;;;;292,56;0,08%;;;0,00%;0,00%;292,56;;;;;;;;;;;;;;;;;;;;;;;;;;;;;;;;;;;;;;;;;;;;;;;;;;;;;;;;;;;;;;;;;;;;;;;;;;;;;;;;;;;;;;;;;;;;;;;;;;;;;;;;;;;;;;;;;;;;
H.2.4;Luminarias ;;;;;98,9;0,03%;;;0,00%;0,00%;98,9;;;;;;;;;;;;;;;;;;;;;;;;;;;;;;;;;;;;;;;;;;;;;;;;;;;;;;;;;;;;;;;;;;;;;;;;;;;;;;;;;;;;;;;;;;;;;;;;;;;;;;;;;;;;;;;;;;;;
H.3;RIEGO;;;;;107,35;0,03%;;;0,00%;0,00%;;;;;;;;;;;;;;;;;;;;;;;;;;;;;;;;;;;;;;;;;;;;;;;;;;;;;;;;;;;;;;;;;;;;;;;;;;;;;;;;;;;;;;;;;;;;;;;;;;;;;;;;;;;;;;;;;;;;;
H.3.1;Medidor;;;;;4,55;0,00%;;;0,00%;0,00%;4,55;;;;;;;;;;;;;;;;;;;;;;;;;;;;;;;;;;;;;;;;;;;;;;;;;;;;;;;;;;;;;;;;;;;;;;;;;;;;;;;;;;;;;;;;;;;;;;;;;;;;;;;;;;;;;;;;;;;;
H.3.2;Red interior (inc, Camaras);;;;;102,8;0,03%;;;0,00%;0,00%;102,8;;;;;;;;;;;;;;;;;;;;;;;;;;;;;;;;;;;;;;;;;;;;;;;;;;;;;;;;;;;;;;;;;;;;;;;;;;;;;;;;;;;;;;;;;;;;;;;;;;;;;;;;;;;;;;;;;;;;
H.4;MOBILIARIO URBANO (Bancas, juegos infantiles, maq, de ejercicio);;;;;523,68;0,15%;;;0,00%;0,00%;;;;;;;;;;;;;;;;;;;;;;;;;;;;;;;;;;;;;;;;;;;;;;;;;;;;;;;;;;;;;;;;;;;;;;;;;;;;;;;;;;;;;;;;;;;;;;;;;;;;;;;;;;;;;;;;;;;;;
H.4.1;Bancas o escanos;;;;;323,69;0,09%;;;0,00%;0,00%;323,69;;;;;;;;;;;;;;;;;;;;;;;;;;;;;;;;;;;;;;;;;;;;;;;;;;;;;;;;;;;;;;;;;;;;;;;;;;;;;;;;;;;;;;;;;;;;;;;;;;;;;;;;;;;;;;;;;;;;
H.4.2;Basureros;;;;;81,81;0,02%;;;0,00%;0,00%;81,81;;;;;;;;;;;;;;;;;;;;;;;;;;;;;;;;;;;;;;;;;;;;;;;;;;;;;;;;;;;;;;;;;;;;;;;;;;;;;;;;;;;;;;;;;;;;;;;;;;;;;;;;;;;;;;;;;;;;
H.4.3;Juegos infantiles;;;;;90,91;0,03%;;;0,00%;0,00%;90,91;;;;;;;;;;;;;;;;;;;;;;;;;;;;;;;;;;;;;;;;;;;;;;;;;;;;;;;;;;;;;;;;;;;;;;;;;;;;;;;;;;;;;;;;;;;;;;;;;;;;;;;;;;;;;;;;;;;;
H.4.4;Maquinas de ejercicios;;;;;27,27;0,01%;;;0,00%;0,00%;27,27;;;;;;;;;;;;;;;;;;;;;;;;;;;;;;;;;;;;;;;;;;;;;;;;;;;;;;;;;;;;;;;;;;;;;;;;;;;;;;;;;;;;;;;;;;;;;;;;;;;;;;;;;;;;;;;;;;;;
H.5;VEGETACIoN;;;;;195,84;0,06%;;;0,00%;0,00%;;;;;;;;;;;;;;;;;;;;;;;;;;;;;;;;;;;;;;;;;;;;;;;;;;;;;;;;;;;;;;;;;;;;;;;;;;;;;;;;;;;;;;;;;;;;;;;;;;;;;;;;;;;;;;;;;;;;;
H.5.2;arboles (incluye taza y tutor);;;;;195,84;0,06%;;;0,00%;0,00%;195,84;;;;;;;;;;;;;;;;;;;;;;;;;;;;;;;;;;;;;;;;;;;;;;;;;;;;;;;;;;;;;;;;;;;;;;;;;;;;;;;;;;;;;;;;;;;;;;;;;;;;;;;;;;;;;;;;;;;;
H.EX;PARTIDAS DE OBRAS DE aREAS VERDES Y RECREACIONALES AGREGADAS POR LA EMPRESA;;;;;846,37;0,24%;;;0,00%;0,00%;;;;;;;;;;;;;;;;;;;;;;;;;;;;;;;;;;;;;;;;;;;;;;;;;;;;;;;;;;;;;;;;;;;;;;;;;;;;;;;;;;;;;;;;;;;;;;;;;;;;;;;;;;;;;;;;;;;;;
H.EX.1;Bicicletero ;;;;;49,45;0,01%;;;0,00%;0,00%;49,45;;;;;;;;;;;;;;;;;;;;;;;;;;;;;;;;;;;;;;;;;;;;;;;;;;;;;;;;;;;;;;;;;;;;;;;;;;;;;;;;;;;;;;;;;;;;;;;;;;;;;;;;;;;;;;;;;;;;
H.EX.2;Paisajismo seco;;;;;796,92;0,23%;;;0,00%;0,00%;796,92;;;;;;;;;;;;;;;;;;;;;;;;;;;;;;;;;;;;;;;;;;;;;;;;;;;;;;;;;;;;;;;;;;;;;;;;;;;;;;;;;;;;;;;;;;;;;;;;;;;;;;;;;;;;;;;;;;;;
I;RECEPCION DOM Y DEPARTAMENTO PILOTO;0;0;0,00%;0;0;0,00%;;;0,00%;0,00%;;;;;;;;;;;;;;;;;;;;;;;;;;;;;;;;;;;;;;;;;;;;;;;;;;;;;;;;;;;;;;;;;;;;;;;;;;;;;;;;;;;;;;;;;;;;;;;;;;;;;;;;;;;;;;;;;;;;;
I.1;Recepcion Final ;;;;;0;0,00%;;;0,00%;0,00%;0;;;;;;;;;;;;;;;;;;;;;;;;;;;;;;;;;;;;;;;;;;;;;;;;;;;;;;;;;;;;;;;;;;;;;;;;;;;;;;;;;;;;;;;;;;;;;;;;;;;;;;;;;;;;;;;;;;;;
I.2;Departamento Piloto;;;;;0;0,00%;;;0,00%;0,00%;0;;;;;;;;;;;;;;;;;;;;;;;;;;;;;;;;;;;;;;;;;;;;;;;;;;;;;;;;;;;;;;;;;;;;;;;;;;;;;;;;;;;;;;;;;;;;;;;;;;;;;;;;;;;;;;;;;;;;
Z;Diferencia;0,031;0;0,00%;0;0,031;0,00%;;;0,00%;0,00%;0;;;;;;;;;;;;;;;;;;;;;;;;;;;;;;;;;;;;;;;;;;;;;;;;;;;;;;;;;;;;;;;;;;;;;;;;;;;;;;;;;;;;;;;;;;;;;;;;;;;;;;;;;;;;;;;;;;;;
;;;;;;;;;;;;;;;;;;;;;;;;;;;;;;;;;;;;;;;;;;;;;;;;;;;;;;;;;;;;;;;;;;;;;;;;;;;;;;;;;;;;;;;;;;;;;;;;;;;;;;;;;;;;;;;;;;;;;;;;;;;;;;;;
;TOTAL;345814,561;82311,948;23,80%;23,8023%;;;;;;;345814,53;82311,948;23,8023%;;;;;;;;;;;;;;;;;;;;;;;;;;;;;;;;;;;;;;;;;;;;;;;;;;;;;;;;;;;;;;;;;;;;;;;;;;;;;;;;;;;;;;;;;;;;;;;;;;;;;;;;;;;;;;;;;;
