"ID_S";"ID";"TIPO";"COSTO"
"O.E";"E";"R";"262175.590210"
"O.E.01";;;"14041.140881"
"O.E.01.L";"E01.L";"C";"1491.337000"
"O.E.01.L.0";"E01.L0";"R";"745.668500"
"O.E.01.L.1";"E01.L1";"R";"745.668500"
"O.E.01.N";"E01.N";"C";"768.548004"
"O.E.01.N.0";"E01.N0";"R";"384.274002"
"O.E.01.N.0.C";"E01.N0.C";"C";"384.274002"
"O.E.01.N.0.C.1";"E01.N0.C1";"H";"64.045667"
"O.E.01.N.0.C.2";"E01.N0.C2";"H";"64.045667"
"O.E.01.N.0.C.3";"E01.N0.C3";"H";"64.045667"
"O.E.01.N.0.C.4";"E01.N0.C4";"H";"64.045667"
"O.E.01.N.0.C.5";"E01.N0.C5";"H";"64.045667"
"O.E.01.N.0.C.6";"E01.N0.C6";"H";"64.045667"
"O.E.01.N.1";"E01.N1";"R";"384.274002"
"O.E.01.N.1.C";"E01.N1.C";"C";"384.274002"
"O.E.01.N.1.C.1";"E01.N1.C1";"H";"64.045667"
"O.E.01.N.1.C.2";"E01.N1.C2";"H";"64.045667"
"O.E.01.N.1.C.3";"E01.N1.C3";"H";"64.045667"
"O.E.01.N.1.C.4";"E01.N1.C4";"H";"64.045667"
"O.E.01.N.1.C.5";"E01.N1.C5";"H";"64.045667"
"O.E.01.N.1.C.6";"E01.N1.C6";"H";"64.045667"
"O.E.01.P";"E01.P";"C";"10977.695877"
"O.E.01.P.0";"E01.P0";"R";"1237.444365"
"O.E.01.P.0.D";"E01.P0.D";"C";"722.171216"
"O.E.01.P.0.D.01";"E01.P0.D01";"H";"361.085608"
"O.E.01.P.0.D.02";"E01.P0.D02";"H";"361.085608"
"O.E.01.P.1";"E01.P1";"R";"2409.729663"
"O.E.01.P.1.D";"E01.P1.D";"C";"1463.913201"
"O.E.01.P.1.D.11";"E01.P1.D11";"H";"361.085608"
"O.E.01.P.1.D.12";"E01.P1.D12";"H";"361.085608"
"O.E.01.P.1.D.13";"E01.P1.D13";"H";"380.656377"
"O.E.01.P.1.D.14";"E01.P1.D14";"H";"361.085608"
"O.E.01.P.2";"E01.P2";"R";"2443.507283"
"O.E.01.P.2.D";"E01.P2.D";"C";"1444.342432"
"O.E.01.P.2.D.21";"E01.P2.D21";"H";"361.085608"
"O.E.01.P.2.D.22";"E01.P2.D22";"H";"361.085608"
"O.E.01.P.2.D.23";"E01.P2.D23";"H";"361.085608"
"O.E.01.P.2.D.24";"E01.P2.D24";"H";"361.085608"
"O.E.01.P.3";"E01.P3";"R";"2082.421675"
"O.E.01.P.3.D";"E01.P3.D";"C";"1083.256824"
"O.E.01.P.3.D.31";"E01.P3.D31";"H";"361.085608"
"O.E.01.P.3.D.32";"E01.P3.D32";"H";"361.085608"
"O.E.01.P.3.D.33";"E01.P3.D33";"H";"361.085608"
"O.E.01.P.4";"E01.P4";"R";"2804.592891"
"O.E.01.P.4.D";"E01.P4.D";"C";"1805.428040"
"O.E.01.P.4.D.34";"E01.P4.D34";"H";"361.085608"
"O.E.01.P.4.D.41";"E01.P4.D41";"H";"361.085608"
"O.E.01.P.4.D.42";"E01.P4.D42";"H";"361.085608"
"O.E.01.P.4.D.43";"E01.P4.D43";"H";"361.085608"
"O.E.01.P.4.D.44";"E01.P4.D44";"H";"361.085608"
"O.E.02";;;"12803.696510"
"O.E.02.L";"E02.L";"C";"1491.337000"
"O.E.02.L.1";"E02.L1";"R";"1491.337000"
"O.E.02.N";"E02.N";"C";"768.547998"
"O.E.02.N.1";"E02.N1";"R";"768.547998"
"O.E.02.N.1.C";"E02.N1.C";"C";"768.547998"
"O.E.02.N.1.C.1";"E02.N1.C1";"H";"128.091333"
"O.E.02.N.1.C.2";"E02.N1.C2";"H";"128.091333"
"O.E.02.N.1.C.3";"E02.N1.C3";"H";"128.091333"
"O.E.02.N.1.C.4";"E02.N1.C4";"H";"128.091333"
"O.E.02.N.1.C.5";"E02.N1.C5";"H";"128.091333"
"O.E.02.N.1.C.6";"E02.N1.C6";"H";"128.091333"
"O.E.02.P";"E02.P";"C";"9740.251512"
"O.E.02.P.1";"E02.P1";"R";"2409.729663"
"O.E.02.P.1.D";"E02.P1.D";"C";"1463.913201"
"O.E.02.P.1.D.11";"E02.P1.D11";"H";"361.085608"
"O.E.02.P.1.D.12";"E02.P1.D12";"H";"361.085608"
"O.E.02.P.1.D.13";"E02.P1.D13";"H";"380.656377"
"O.E.02.P.1.D.14";"E02.P1.D14";"H";"361.085608"
"O.E.02.P.2";"E02.P2";"R";"2443.507283"
"O.E.02.P.2.D";"E02.P2.D";"C";"1444.342432"
"O.E.02.P.2.D.21";"E02.P2.D21";"H";"361.085608"
"O.E.02.P.2.D.22";"E02.P2.D22";"H";"361.085608"
"O.E.02.P.2.D.23";"E02.P2.D23";"H";"361.085608"
"O.E.02.P.2.D.24";"E02.P2.D24";"H";"361.085608"
"O.E.02.P.3";"E02.P3";"R";"2082.421675"
"O.E.02.P.3.D";"E02.P3.D";"C";"1083.256824"
"O.E.02.P.3.D.31";"E02.P3.D31";"H";"361.085608"
"O.E.02.P.3.D.32";"E02.P3.D32";"H";"361.085608"
"O.E.02.P.3.D.33";"E02.P3.D33";"H";"361.085608"
"O.E.02.P.4";"E02.P4";"H";"2804.592891"
"O.E.02.P.4.D";"E02.P4.D";"R";"1805.428040"
"O.E.02.P.4.D.34";"E02.P4.D34";"C";"361.085608"
"O.E.02.P.4.D.41";"E02.P4.D41";"H";"361.085608"
"O.E.02.P.4.D.42";"E02.P4.D42";"H";"361.085608"
"O.E.02.P.4.D.43";"E02.P4.D43";"H";"361.085608"
"O.E.02.P.4.D.44";"E02.P4.D44";"H";"361.085608"
"O.E.03";;;"12803.696510"
"O.E.03.L";"E03.L";"C";"1491.337000"
"O.E.03.L.1";"E03.L1";"R";"1491.337000"
"O.E.03.N";"E03.N";"C";"768.547998"
"O.E.03.N.1";"E03.N1";"R";"768.547998"
"O.E.03.N.1.C";"E03.N1.C";"C";"768.547998"
"O.E.03.N.1.C.1";"E03.N1.C1";"H";"128.091333"
"O.E.03.N.1.C.2";"E03.N1.C2";"H";"128.091333"
"O.E.03.N.1.C.3";"E03.N1.C3";"H";"128.091333"
"O.E.03.N.1.C.4";"E03.N1.C4";"H";"128.091333"
"O.E.03.N.1.C.5";"E03.N1.C5";"H";"128.091333"
"O.E.03.N.1.C.6";"E03.N1.C6";"H";"128.091333"
"O.E.03.P";"E03.P";"C";"9740.251512"
"O.E.03.P.1";"E03.P1";"R";"2409.729663"
"O.E.03.P.1.D";"E03.P1.D";"C";"1463.913201"
"O.E.03.P.1.D.11";"E03.P1.D11";"H";"361.085608"
"O.E.03.P.1.D.12";"E03.P1.D12";"H";"361.085608"
"O.E.03.P.1.D.13";"E03.P1.D13";"H";"380.656377"
"O.E.03.P.1.D.14";"E03.P1.D14";"H";"361.085608"
"O.E.03.P.2";"E03.P2";"R";"2443.507283"
"O.E.03.P.2.D";"E03.P2.D";"C";"1444.342432"
"O.E.03.P.2.D.21";"E03.P2.D21";"H";"361.085608"
"O.E.03.P.2.D.22";"E03.P2.D22";"H";"361.085608"
"O.E.03.P.2.D.23";"E03.P2.D23";"H";"361.085608"
"O.E.03.P.2.D.24";"E03.P2.D24";"H";"361.085608"
"O.E.03.P.3";"E03.P3";"R";"2082.421675"
"O.E.03.P.3.D";"E03.P3.D";"C";"1083.256824"
"O.E.03.P.3.D.31";"E03.P3.D31";"H";"361.085608"
"O.E.03.P.3.D.32";"E03.P3.D32";"H";"361.085608"
"O.E.03.P.3.D.33";"E03.P3.D33";"H";"361.085608"
"O.E.03.P.4";"E03.P4";"H";"2804.592891"
"O.E.03.P.4.D";"E03.P4.D";"R";"1805.428040"
"O.E.03.P.4.D.34";"E03.P4.D34";"C";"361.085608"
"O.E.03.P.4.D.41";"E03.P4.D41";"H";"361.085608"
"O.E.03.P.4.D.42";"E03.P4.D42";"H";"361.085608"
"O.E.03.P.4.D.43";"E03.P4.D43";"H";"361.085608"
"O.E.03.P.4.D.44";"E03.P4.D44";"H";"361.085608"
"O.E.04";;;"12803.696510"
"O.E.04.L";"E04.L";"C";"1491.337000"
"O.E.04.L.1";"E04.L1";"R";"1491.337000"
"O.E.04.N";"E04.N";"C";"768.547998"
"O.E.04.N.1";"E04.N1";"R";"768.547998"
"O.E.04.N.1.C";"E04.N1.C";"C";"768.547998"
"O.E.04.N.1.C.1";"E04.N1.C1";"H";"128.091333"
"O.E.04.N.1.C.2";"E04.N1.C2";"H";"128.091333"
"O.E.04.N.1.C.3";"E04.N1.C3";"H";"128.091333"
"O.E.04.N.1.C.4";"E04.N1.C4";"H";"128.091333"
"O.E.04.N.1.C.5";"E04.N1.C5";"H";"128.091333"
"O.E.04.N.1.C.6";"E04.N1.C6";"H";"128.091333"
"O.E.04.P";"E04.P";"C";"9740.251512"
"O.E.04.P.1";"E04.P1";"R";"2409.729663"
"O.E.04.P.1.D";"E04.P1.D";"C";"1463.913201"
"O.E.04.P.1.D.11";"E04.P1.D11";"H";"361.085608"
"O.E.04.P.1.D.12";"E04.P1.D12";"H";"361.085608"
"O.E.04.P.1.D.13";"E04.P1.D13";"H";"380.656377"
"O.E.04.P.1.D.14";"E04.P1.D14";"H";"361.085608"
"O.E.04.P.2";"E04.P2";"R";"2443.507283"
"O.E.04.P.2.D";"E04.P2.D";"C";"1444.342432"
"O.E.04.P.2.D.21";"E04.P2.D21";"H";"361.085608"
"O.E.04.P.2.D.22";"E04.P2.D22";"H";"361.085608"
"O.E.04.P.2.D.23";"E04.P2.D23";"H";"361.085608"
"O.E.04.P.2.D.24";"E04.P2.D24";"H";"361.085608"
"O.E.04.P.3";"E04.P3";"R";"2082.421675"
"O.E.04.P.3.D";"E04.P3.D";"C";"1083.256824"
"O.E.04.P.3.D.31";"E04.P3.D31";"H";"361.085608"
"O.E.04.P.3.D.32";"E04.P3.D32";"H";"361.085608"
"O.E.04.P.3.D.33";"E04.P3.D33";"H";"361.085608"
"O.E.04.P.4";"E04.P4";"H";"2804.592891"
"O.E.04.P.4.D";"E04.P4.D";"R";"1805.428040"
"O.E.04.P.4.D.34";"E04.P4.D34";"C";"361.085608"
"O.E.04.P.4.D.41";"E04.P4.D41";"H";"361.085608"
"O.E.04.P.4.D.42";"E04.P4.D42";"H";"361.085608"
"O.E.04.P.4.D.43";"E04.P4.D43";"H";"361.085608"
"O.E.04.P.4.D.44";"E04.P4.D44";"H";"361.085608"
"O.E.05";;;"12803.696510"
"O.E.05.L";"E05.L";"C";"1491.337000"
"O.E.05.L.1";"E05.L1";"R";"1491.337000"
"O.E.05.N";"E05.N";"C";"768.547998"
"O.E.05.N.1";"E05.N1";"R";"768.547998"
"O.E.05.N.1.C";"E05.N1.C";"C";"768.547998"
"O.E.05.N.1.C.1";"E05.N1.C1";"H";"128.091333"
"O.E.05.N.1.C.2";"E05.N1.C2";"H";"128.091333"
"O.E.05.N.1.C.3";"E05.N1.C3";"H";"128.091333"
"O.E.05.N.1.C.4";"E05.N1.C4";"H";"128.091333"
"O.E.05.N.1.C.5";"E05.N1.C5";"H";"128.091333"
"O.E.05.N.1.C.6";"E05.N1.C6";"H";"128.091333"
"O.E.05.P";"E05.P";"C";"9740.251512"
"O.E.05.P.1";"E05.P1";"R";"2409.729663"
"O.E.05.P.1.D";"E05.P1.D";"C";"1463.913201"
"O.E.05.P.1.D.11";"E05.P1.D11";"H";"361.085608"
"O.E.05.P.1.D.12";"E05.P1.D12";"H";"361.085608"
"O.E.05.P.1.D.13";"E05.P1.D13";"H";"380.656377"
"O.E.05.P.1.D.14";"E05.P1.D14";"H";"361.085608"
"O.E.05.P.2";"E05.P2";"R";"2443.507283"
"O.E.05.P.2.D";"E05.P2.D";"C";"1444.342432"
"O.E.05.P.2.D.21";"E05.P2.D21";"H";"361.085608"
"O.E.05.P.2.D.22";"E05.P2.D22";"H";"361.085608"
"O.E.05.P.2.D.23";"E05.P2.D23";"H";"361.085608"
"O.E.05.P.2.D.24";"E05.P2.D24";"H";"361.085608"
"O.E.05.P.3";"E05.P3";"R";"2082.421675"
"O.E.05.P.3.D";"E05.P3.D";"C";"1083.256824"
"O.E.05.P.3.D.31";"E05.P3.D31";"H";"361.085608"
"O.E.05.P.3.D.32";"E05.P3.D32";"H";"361.085608"
"O.E.05.P.3.D.33";"E05.P3.D33";"H";"361.085608"
"O.E.05.P.4";"E05.P4";"H";"2804.592891"
"O.E.05.P.4.D";"E05.P4.D";"R";"1805.428040"
"O.E.05.P.4.D.34";"E05.P4.D34";"C";"361.085608"
"O.E.05.P.4.D.41";"E05.P4.D41";"H";"361.085608"
"O.E.05.P.4.D.42";"E05.P4.D42";"H";"361.085608"
"O.E.05.P.4.D.43";"E05.P4.D43";"H";"361.085608"
"O.E.05.P.4.D.44";"E05.P4.D44";"H";"361.085608"
"O.E.06";;;"12803.696510"
"O.E.06.L";"E06.L";"C";"1491.337000"
"O.E.06.L.1";"E06.L1";"R";"1491.337000"
"O.E.06.N";"E06.N";"C";"768.547998"
"O.E.06.N.1";"E06.N1";"R";"768.547998"
"O.E.06.N.1.C";"E06.N1.C";"C";"768.547998"
"O.E.06.N.1.C.1";"E06.N1.C1";"H";"128.091333"
"O.E.06.N.1.C.2";"E06.N1.C2";"H";"128.091333"
"O.E.06.N.1.C.3";"E06.N1.C3";"H";"128.091333"
"O.E.06.N.1.C.4";"E06.N1.C4";"H";"128.091333"
"O.E.06.N.1.C.5";"E06.N1.C5";"H";"128.091333"
"O.E.06.N.1.C.6";"E06.N1.C6";"H";"128.091333"
"O.E.06.P";"E06.P";"C";"9740.251512"
"O.E.06.P.1";"E06.P1";"R";"2409.729663"
"O.E.06.P.1.D";"E06.P1.D";"C";"1463.913201"
"O.E.06.P.1.D.11";"E06.P1.D11";"H";"361.085608"
"O.E.06.P.1.D.12";"E06.P1.D12";"H";"361.085608"
"O.E.06.P.1.D.13";"E06.P1.D13";"H";"380.656377"
"O.E.06.P.1.D.14";"E06.P1.D14";"H";"361.085608"
"O.E.06.P.2";"E06.P2";"R";"2443.507283"
"O.E.06.P.2.D";"E06.P2.D";"C";"1444.342432"
"O.E.06.P.2.D.21";"E06.P2.D21";"H";"361.085608"
"O.E.06.P.2.D.22";"E06.P2.D22";"H";"361.085608"
"O.E.06.P.2.D.23";"E06.P2.D23";"H";"361.085608"
"O.E.06.P.2.D.24";"E06.P2.D24";"H";"361.085608"
"O.E.06.P.3";"E06.P3";"R";"2082.421675"
"O.E.06.P.3.D";"E06.P3.D";"C";"1083.256824"
"O.E.06.P.3.D.31";"E06.P3.D31";"H";"361.085608"
"O.E.06.P.3.D.32";"E06.P3.D32";"H";"361.085608"
"O.E.06.P.3.D.33";"E06.P3.D33";"H";"361.085608"
"O.E.06.P.4";"E06.P4";"H";"2804.592891"
"O.E.06.P.4.D";"E06.P4.D";"R";"1805.428040"
"O.E.06.P.4.D.34";"E06.P4.D34";"C";"361.085608"
"O.E.06.P.4.D.41";"E06.P4.D41";"H";"361.085608"
"O.E.06.P.4.D.42";"E06.P4.D42";"H";"361.085608"
"O.E.06.P.4.D.43";"E06.P4.D43";"H";"361.085608"
"O.E.06.P.4.D.44";"E06.P4.D44";"H";"361.085608"
"O.E.07";;;"12803.696510"
"O.E.07.L";"E07.L";"C";"1491.337000"
"O.E.07.L.1";"E07.L1";"R";"1491.337000"
"O.E.07.N";"E07.N";"C";"768.547998"
"O.E.07.N.1";"E07.N1";"R";"768.547998"
"O.E.07.N.1.C";"E07.N1.C";"C";"768.547998"
"O.E.07.N.1.C.1";"E07.N1.C1";"H";"128.091333"
"O.E.07.N.1.C.2";"E07.N1.C2";"H";"128.091333"
"O.E.07.N.1.C.3";"E07.N1.C3";"H";"128.091333"
"O.E.07.N.1.C.4";"E07.N1.C4";"H";"128.091333"
"O.E.07.N.1.C.5";"E07.N1.C5";"H";"128.091333"
"O.E.07.N.1.C.6";"E07.N1.C6";"H";"128.091333"
"O.E.07.P";"E07.P";"C";"9740.251512"
"O.E.07.P.1";"E07.P1";"R";"2409.729663"
"O.E.07.P.1.D";"E07.P1.D";"C";"1463.913201"
"O.E.07.P.1.D.11";"E07.P1.D11";"H";"361.085608"
"O.E.07.P.1.D.12";"E07.P1.D12";"H";"361.085608"
"O.E.07.P.1.D.13";"E07.P1.D13";"H";"380.656377"
"O.E.07.P.1.D.14";"E07.P1.D14";"H";"361.085608"
"O.E.07.P.2";"E07.P2";"R";"2443.507283"
"O.E.07.P.2.D";"E07.P2.D";"C";"1444.342432"
"O.E.07.P.2.D.21";"E07.P2.D21";"H";"361.085608"
"O.E.07.P.2.D.22";"E07.P2.D22";"H";"361.085608"
"O.E.07.P.2.D.23";"E07.P2.D23";"H";"361.085608"
"O.E.07.P.2.D.24";"E07.P2.D24";"H";"361.085608"
"O.E.07.P.3";"E07.P3";"R";"2082.421675"
"O.E.07.P.3.D";"E07.P3.D";"C";"1083.256824"
"O.E.07.P.3.D.31";"E07.P3.D31";"H";"361.085608"
"O.E.07.P.3.D.32";"E07.P3.D32";"H";"361.085608"
"O.E.07.P.3.D.33";"E07.P3.D33";"H";"361.085608"
"O.E.07.P.4";"E07.P4";"H";"2804.592891"
"O.E.07.P.4.D";"E07.P4.D";"R";"1805.428040"
"O.E.07.P.4.D.34";"E07.P4.D34";"C";"361.085608"
"O.E.07.P.4.D.41";"E07.P4.D41";"H";"361.085608"
"O.E.07.P.4.D.42";"E07.P4.D42";"H";"361.085608"
"O.E.07.P.4.D.43";"E07.P4.D43";"H";"361.085608"
"O.E.07.P.4.D.44";"E07.P4.D44";"H";"361.085608"
"O.E.08";;;"12809.842510"
"O.E.08.L";"E08.L";"C";"1491.337000"
"O.E.08.L.1";"E08.L1";"R";"1491.337000"
"O.E.08.N";"E08.N";"C";"768.547998"
"O.E.08.N.1";"E08.N1";"R";"768.547998"
"O.E.08.N.1.C";"E08.N1.C";"C";"768.547998"
"O.E.08.N.1.C.1";"E08.N1.C1";"H";"128.091333"
"O.E.08.N.1.C.2";"E08.N1.C2";"H";"128.091333"
"O.E.08.N.1.C.3";"E08.N1.C3";"H";"128.091333"
"O.E.08.N.1.C.4";"E08.N1.C4";"H";"128.091333"
"O.E.08.N.1.C.5";"E08.N1.C5";"H";"128.091333"
"O.E.08.N.1.C.6";"E08.N1.C6";"H";"128.091333"
"O.E.08.P";"E08.P";"C";"9746.397512"
"O.E.08.P.1";"E08.P1";"R";"2415.875663"
"O.E.08.P.1.D";"E08.P1.D";"C";"1470.059201"
"O.E.08.P.1.D.11";"E08.P1.D11";"H";"361.085608"
"O.E.08.P.1.D.12";"E08.P1.D12";"H";"361.085608"
"O.E.08.P.1.D.13";"E08.P1.D13";"H";"386.802377"
"O.E.08.P.1.D.14";"E08.P1.D14";"H";"361.085608"
"O.E.08.P.2";"E08.P2";"R";"2443.507283"
"O.E.08.P.2.D";"E08.P2.D";"C";"1444.342432"
"O.E.08.P.2.D.21";"E08.P2.D21";"H";"361.085608"
"O.E.08.P.2.D.22";"E08.P2.D22";"H";"361.085608"
"O.E.08.P.2.D.23";"E08.P2.D23";"H";"361.085608"
"O.E.08.P.2.D.24";"E08.P2.D24";"H";"361.085608"
"O.E.08.P.3";"E08.P3";"R";"2082.421675"
"O.E.08.P.3.D";"E08.P3.D";"C";"1083.256824"
"O.E.08.P.3.D.31";"E08.P3.D31";"H";"361.085608"
"O.E.08.P.3.D.32";"E08.P3.D32";"H";"361.085608"
"O.E.08.P.3.D.33";"E08.P3.D33";"H";"361.085608"
"O.E.08.P.4";"E08.P4";"H";"2804.592891"
"O.E.08.P.4.D";"E08.P4.D";"R";"1805.428040"
"O.E.08.P.4.D.34";"E08.P4.D34";"C";"361.085608"
"O.E.08.P.4.D.41";"E08.P4.D41";"H";"361.085608"
"O.E.08.P.4.D.42";"E08.P4.D42";"H";"361.085608"
"O.E.08.P.4.D.43";"E08.P4.D43";"H";"361.085608"
"O.E.08.P.4.D.44";"E08.P4.D44";"H";"361.085608"
"O.E.09";;;"12803.696510"
"O.E.09.L";"E09.L";"C";"1491.337000"
"O.E.09.L.1";"E09.L1";"R";"1491.337000"
"O.E.09.N";"E09.N";"C";"768.547998"
"O.E.09.N.1";"E09.N1";"R";"768.547998"
"O.E.09.N.1.C";"E09.N1.C";"C";"768.547998"
"O.E.09.N.1.C.1";"E09.N1.C1";"H";"128.091333"
"O.E.09.N.1.C.2";"E09.N1.C2";"H";"128.091333"
"O.E.09.N.1.C.3";"E09.N1.C3";"H";"128.091333"
"O.E.09.N.1.C.4";"E09.N1.C4";"H";"128.091333"
"O.E.09.N.1.C.5";"E09.N1.C5";"H";"128.091333"
"O.E.09.N.1.C.6";"E09.N1.C6";"H";"128.091333"
"O.E.09.P";"E09.P";"C";"9740.251512"
"O.E.09.P.1";"E09.P1";"R";"2409.729663"
"O.E.09.P.1.D";"E09.P1.D";"C";"1463.913201"
"O.E.09.P.1.D.11";"E09.P1.D11";"H";"361.085608"
"O.E.09.P.1.D.12";"E09.P1.D12";"H";"361.085608"
"O.E.09.P.1.D.13";"E09.P1.D13";"H";"380.656377"
"O.E.09.P.1.D.14";"E09.P1.D14";"H";"361.085608"
"O.E.09.P.2";"E09.P2";"R";"2443.507283"
"O.E.09.P.2.D";"E09.P2.D";"C";"1444.342432"
"O.E.09.P.2.D.21";"E09.P2.D21";"H";"361.085608"
"O.E.09.P.2.D.22";"E09.P2.D22";"H";"361.085608"
"O.E.09.P.2.D.23";"E09.P2.D23";"H";"361.085608"
"O.E.09.P.2.D.24";"E09.P2.D24";"H";"361.085608"
"O.E.09.P.3";"E09.P3";"R";"2082.421675"
"O.E.09.P.3.D";"E09.P3.D";"C";"1083.256824"
"O.E.09.P.3.D.31";"E09.P3.D31";"H";"361.085608"
"O.E.09.P.3.D.32";"E09.P3.D32";"H";"361.085608"
"O.E.09.P.3.D.33";"E09.P3.D33";"H";"361.085608"
"O.E.09.P.4";"E09.P4";"H";"2804.592891"
"O.E.09.P.4.D";"E09.P4.D";"R";"1805.428040"
"O.E.09.P.4.D.34";"E09.P4.D34";"C";"361.085608"
"O.E.09.P.4.D.41";"E09.P4.D41";"H";"361.085608"
"O.E.09.P.4.D.42";"E09.P4.D42";"H";"361.085608"
"O.E.09.P.4.D.43";"E09.P4.D43";"H";"361.085608"
"O.E.09.P.4.D.44";"E09.P4.D44";"H";"361.085608"
"O.E.10";;;"12809.842510"
"O.E.10.L";"E10.L";"C";"1491.337000"
"O.E.10.L.1";"E10.L1";"R";"1491.337000"
"O.E.10.N";"E10.N";"C";"768.547998"
"O.E.10.N.1";"E10.N1";"R";"768.547998"
"O.E.10.N.1.C";"E10.N1.C";"C";"768.547998"
"O.E.10.N.1.C.1";"E10.N1.C1";"H";"128.091333"
"O.E.10.N.1.C.2";"E10.N1.C2";"H";"128.091333"
"O.E.10.N.1.C.3";"E10.N1.C3";"H";"128.091333"
"O.E.10.N.1.C.4";"E10.N1.C4";"H";"128.091333"
"O.E.10.N.1.C.5";"E10.N1.C5";"H";"128.091333"
"O.E.10.N.1.C.6";"E10.N1.C6";"H";"128.091333"
"O.E.10.P";"E10.P";"C";"9746.397512"
"O.E.10.P.1";"E10.P1";"R";"2415.875663"
"O.E.10.P.1.D";"E10.P1.D";"C";"1470.059201"
"O.E.10.P.1.D.11";"E10.P1.D11";"H";"361.085608"
"O.E.10.P.1.D.12";"E10.P1.D12";"H";"361.085608"
"O.E.10.P.1.D.13";"E10.P1.D13";"H";"386.802377"
"O.E.10.P.1.D.14";"E10.P1.D14";"H";"361.085608"
"O.E.10.P.2";"E10.P2";"R";"2443.507283"
"O.E.10.P.2.D";"E10.P2.D";"C";"1444.342432"
"O.E.10.P.2.D.21";"E10.P2.D21";"H";"361.085608"
"O.E.10.P.2.D.22";"E10.P2.D22";"H";"361.085608"
"O.E.10.P.2.D.23";"E10.P2.D23";"H";"361.085608"
"O.E.10.P.2.D.24";"E10.P2.D24";"H";"361.085608"
"O.E.10.P.3";"E10.P3";"R";"2082.421675"
"O.E.10.P.3.D";"E10.P3.D";"C";"1083.256824"
"O.E.10.P.3.D.31";"E10.P3.D31";"H";"361.085608"
"O.E.10.P.3.D.32";"E10.P3.D32";"H";"361.085608"
"O.E.10.P.3.D.33";"E10.P3.D33";"H";"361.085608"
"O.E.10.P.4";"E10.P4";"H";"2804.592891"
"O.E.10.P.4.D";"E10.P4.D";"R";"1805.428040"
"O.E.10.P.4.D.34";"E10.P4.D34";"C";"361.085608"
"O.E.10.P.4.D.41";"E10.P4.D41";"H";"361.085608"
"O.E.10.P.4.D.42";"E10.P4.D42";"H";"361.085608"
"O.E.10.P.4.D.43";"E10.P4.D43";"H";"361.085608"
"O.E.10.P.4.D.44";"E10.P4.D44";"H";"361.085608"
"O.E.11";;;"12803.696510"
"O.E.11.L";"E11.L";"C";"1491.337000"
"O.E.11.L.1";"E11.L1";"R";"1491.337000"
"O.E.11.N";"E11.N";"C";"768.547998"
"O.E.11.N.1";"E11.N1";"R";"768.547998"
"O.E.11.N.1.C";"E11.N1.C";"C";"768.547998"
"O.E.11.N.1.C.1";"E11.N1.C1";"H";"128.091333"
"O.E.11.N.1.C.2";"E11.N1.C2";"H";"128.091333"
"O.E.11.N.1.C.3";"E11.N1.C3";"H";"128.091333"
"O.E.11.N.1.C.4";"E11.N1.C4";"H";"128.091333"
"O.E.11.N.1.C.5";"E11.N1.C5";"H";"128.091333"
"O.E.11.N.1.C.6";"E11.N1.C6";"H";"128.091333"
"O.E.11.P";"E11.P";"C";"9740.251512"
"O.E.11.P.1";"E11.P1";"R";"2409.729663"
"O.E.11.P.1.D";"E11.P1.D";"C";"1463.913201"
"O.E.11.P.1.D.11";"E11.P1.D11";"H";"361.085608"
"O.E.11.P.1.D.12";"E11.P1.D12";"H";"361.085608"
"O.E.11.P.1.D.13";"E11.P1.D13";"H";"380.656377"
"O.E.11.P.1.D.14";"E11.P1.D14";"H";"361.085608"
"O.E.11.P.2";"E11.P2";"R";"2443.507283"
"O.E.11.P.2.D";"E11.P2.D";"C";"1444.342432"
"O.E.11.P.2.D.21";"E11.P2.D21";"H";"361.085608"
"O.E.11.P.2.D.22";"E11.P2.D22";"H";"361.085608"
"O.E.11.P.2.D.23";"E11.P2.D23";"H";"361.085608"
"O.E.11.P.2.D.24";"E11.P2.D24";"H";"361.085608"
"O.E.11.P.3";"E11.P3";"R";"2082.421675"
"O.E.11.P.3.D";"E11.P3.D";"C";"1083.256824"
"O.E.11.P.3.D.31";"E11.P3.D31";"H";"361.085608"
"O.E.11.P.3.D.32";"E11.P3.D32";"H";"361.085608"
"O.E.11.P.3.D.33";"E11.P3.D33";"H";"361.085608"
"O.E.11.P.4";"E11.P4";"H";"2804.592891"
"O.E.11.P.4.D";"E11.P4.D";"R";"1805.428040"
"O.E.11.P.4.D.34";"E11.P4.D34";"C";"361.085608"
"O.E.11.P.4.D.41";"E11.P4.D41";"H";"361.085608"
"O.E.11.P.4.D.42";"E11.P4.D42";"H";"361.085608"
"O.E.11.P.4.D.43";"E11.P4.D43";"H";"361.085608"
"O.E.11.P.4.D.44";"E11.P4.D44";"H";"361.085608"
"O.E.12";;;"12803.696510"
"O.E.12.L";"E12.L";"C";"1491.337000"
"O.E.12.L.1";"E12.L1";"R";"1491.337000"
"O.E.12.N";"E12.N";"C";"768.547998"
"O.E.12.N.1";"E12.N1";"R";"768.547998"
"O.E.12.N.1.C";"E12.N1.C";"C";"768.547998"
"O.E.12.N.1.C.1";"E12.N1.C1";"H";"128.091333"
"O.E.12.N.1.C.2";"E12.N1.C2";"H";"128.091333"
"O.E.12.N.1.C.3";"E12.N1.C3";"H";"128.091333"
"O.E.12.N.1.C.4";"E12.N1.C4";"H";"128.091333"
"O.E.12.N.1.C.5";"E12.N1.C5";"H";"128.091333"
"O.E.12.N.1.C.6";"E12.N1.C6";"H";"128.091333"
"O.E.12.P";"E12.P";"C";"9740.251512"
"O.E.12.P.1";"E12.P1";"R";"2409.729663"
"O.E.12.P.1.D";"E12.P1.D";"C";"1463.913201"
"O.E.12.P.1.D.11";"E12.P1.D11";"H";"361.085608"
"O.E.12.P.1.D.12";"E12.P1.D12";"H";"361.085608"
"O.E.12.P.1.D.13";"E12.P1.D13";"H";"380.656377"
"O.E.12.P.1.D.14";"E12.P1.D14";"H";"361.085608"
"O.E.12.P.2";"E12.P2";"R";"2443.507283"
"O.E.12.P.2.D";"E12.P2.D";"C";"1444.342432"
"O.E.12.P.2.D.21";"E12.P2.D21";"H";"361.085608"
"O.E.12.P.2.D.22";"E12.P2.D22";"H";"361.085608"
"O.E.12.P.2.D.23";"E12.P2.D23";"H";"361.085608"
"O.E.12.P.2.D.24";"E12.P2.D24";"H";"361.085608"
"O.E.12.P.3";"E12.P3";"R";"2082.421675"
"O.E.12.P.3.D";"E12.P3.D";"C";"1083.256824"
"O.E.12.P.3.D.31";"E12.P3.D31";"H";"361.085608"
"O.E.12.P.3.D.32";"E12.P3.D32";"H";"361.085608"
"O.E.12.P.3.D.33";"E12.P3.D33";"H";"361.085608"
"O.E.12.P.4";"E12.P4";"H";"2804.592891"
"O.E.12.P.4.D";"E12.P4.D";"R";"1805.428040"
"O.E.12.P.4.D.34";"E12.P4.D34";"C";"361.085608"
"O.E.12.P.4.D.41";"E12.P4.D41";"H";"361.085608"
"O.E.12.P.4.D.42";"E12.P4.D42";"H";"361.085608"
"O.E.12.P.4.D.43";"E12.P4.D43";"H";"361.085608"
"O.E.12.P.4.D.44";"E12.P4.D44";"H";"361.085608"
"O.E.13";;;"12803.696510"
"O.E.13.L";"E13.L";"C";"1491.337000"
"O.E.13.L.1";"E13.L1";"R";"1491.337000"
"O.E.13.N";"E13.N";"C";"768.547998"
"O.E.13.N.1";"E13.N1";"R";"768.547998"
"O.E.13.N.1.C";"E13.N1.C";"C";"768.547998"
"O.E.13.N.1.C.1";"E13.N1.C1";"H";"128.091333"
"O.E.13.N.1.C.2";"E13.N1.C2";"H";"128.091333"
"O.E.13.N.1.C.3";"E13.N1.C3";"H";"128.091333"
"O.E.13.N.1.C.4";"E13.N1.C4";"H";"128.091333"
"O.E.13.N.1.C.5";"E13.N1.C5";"H";"128.091333"
"O.E.13.N.1.C.6";"E13.N1.C6";"H";"128.091333"
"O.E.13.P";"E13.P";"C";"9740.251512"
"O.E.13.P.1";"E13.P1";"R";"2409.729663"
"O.E.13.P.1.D";"E13.P1.D";"C";"1463.913201"
"O.E.13.P.1.D.11";"E13.P1.D11";"H";"361.085608"
"O.E.13.P.1.D.12";"E13.P1.D12";"H";"361.085608"
"O.E.13.P.1.D.13";"E13.P1.D13";"H";"380.656377"
"O.E.13.P.1.D.14";"E13.P1.D14";"H";"361.085608"
"O.E.13.P.2";"E13.P2";"R";"2443.507283"
"O.E.13.P.2.D";"E13.P2.D";"C";"1444.342432"
"O.E.13.P.2.D.21";"E13.P2.D21";"H";"361.085608"
"O.E.13.P.2.D.22";"E13.P2.D22";"H";"361.085608"
"O.E.13.P.2.D.23";"E13.P2.D23";"H";"361.085608"
"O.E.13.P.2.D.24";"E13.P2.D24";"H";"361.085608"
"O.E.13.P.3";"E13.P3";"R";"2082.421675"
"O.E.13.P.3.D";"E13.P3.D";"C";"1083.256824"
"O.E.13.P.3.D.31";"E13.P3.D31";"H";"361.085608"
"O.E.13.P.3.D.32";"E13.P3.D32";"H";"361.085608"
"O.E.13.P.3.D.33";"E13.P3.D33";"H";"361.085608"
"O.E.13.P.4";"E13.P4";"H";"2804.592891"
"O.E.13.P.4.D";"E13.P4.D";"R";"1805.428040"
"O.E.13.P.4.D.34";"E13.P4.D34";"C";"361.085608"
"O.E.13.P.4.D.41";"E13.P4.D41";"H";"361.085608"
"O.E.13.P.4.D.42";"E13.P4.D42";"H";"361.085608"
"O.E.13.P.4.D.43";"E13.P4.D43";"H";"361.085608"
"O.E.13.P.4.D.44";"E13.P4.D44";"H";"361.085608"
"O.E.14";;;"14041.140881"
"O.E.14.L";"E14.L";"C";"1491.337000"
"O.E.14.L.0";"E14.L0";"R";"745.668500"
"O.E.14.L.1";"E14.L1";"R";"745.668500"
"O.E.14.N";"E14.N";"C";"768.548004"
"O.E.14.N.0";"E14.N0";"R";"384.274002"
"O.E.14.N.0.C";"E14.N0.C";"C";"384.274002"
"O.E.14.N.0.C.1";"E14.N0.C1";"H";"64.045667"
"O.E.14.N.0.C.2";"E14.N0.C2";"H";"64.045667"
"O.E.14.N.0.C.3";"E14.N0.C3";"H";"64.045667"
"O.E.14.N.0.C.4";"E14.N0.C4";"H";"64.045667"
"O.E.14.N.0.C.5";"E14.N0.C5";"H";"64.045667"
"O.E.14.N.0.C.6";"E14.N0.C6";"H";"64.045667"
"O.E.14.N.1";"E14.N1";"R";"384.274002"
"O.E.14.N.1.C";"E14.N1.C";"C";"384.274002"
"O.E.14.N.1.C.1";"E14.N1.C1";"H";"64.045667"
"O.E.14.N.1.C.2";"E14.N1.C2";"H";"64.045667"
"O.E.14.N.1.C.3";"E14.N1.C3";"H";"64.045667"
"O.E.14.N.1.C.4";"E14.N1.C4";"H";"64.045667"
"O.E.14.N.1.C.5";"E14.N1.C5";"H";"64.045667"
"O.E.14.N.1.C.6";"E14.N1.C6";"H";"64.045667"
"O.E.14.P";"E14.P";"C";"10977.695877"
"O.E.14.P.0";"E14.P0";"R";"1237.444365"
"O.E.14.P.0.D";"E14.P0.D";"C";"722.171216"
"O.E.14.P.0.D.01";"E14.P0.D01";"H";"361.085608"
"O.E.14.P.0.D.02";"E14.P0.D02";"H";"361.085608"
"O.E.14.P.1";"E14.P1";"R";"2409.729663"
"O.E.14.P.1.D";"E14.P1.D";"C";"1463.913201"
"O.E.14.P.1.D.11";"E14.P1.D11";"H";"361.085608"
"O.E.14.P.1.D.12";"E14.P1.D12";"H";"361.085608"
"O.E.14.P.1.D.13";"E14.P1.D13";"H";"380.656377"
"O.E.14.P.1.D.14";"E14.P1.D14";"H";"361.085608"
"O.E.14.P.2";"E14.P2";"R";"2443.507283"
"O.E.14.P.2.D";"E14.P2.D";"C";"1444.342432"
"O.E.14.P.2.D.21";"E14.P2.D21";"H";"361.085608"
"O.E.14.P.2.D.22";"E14.P2.D22";"H";"361.085608"
"O.E.14.P.2.D.23";"E14.P2.D23";"H";"361.085608"
"O.E.14.P.2.D.24";"E14.P2.D24";"H";"361.085608"
"O.E.14.P.3";"E14.P3";"R";"2082.421675"
"O.E.14.P.3.D";"E14.P3.D";"C";"1083.256824"
"O.E.14.P.3.D.31";"E14.P3.D31";"H";"361.085608"
"O.E.14.P.3.D.32";"E14.P3.D32";"H";"361.085608"
"O.E.14.P.3.D.33";"E14.P3.D33";"H";"361.085608"
"O.E.14.P.4";"E14.P4";"R";"2804.592891"
"O.E.14.P.4.D";"E14.P4.D";"C";"1805.428040"
"O.E.14.P.4.D.34";"E14.P4.D34";"H";"361.085608"
"O.E.14.P.4.D.41";"E14.P4.D41";"H";"361.085608"
"O.E.14.P.4.D.42";"E14.P4.D42";"H";"361.085608"
"O.E.14.P.4.D.43";"E14.P4.D43";"H";"361.085608"
"O.E.14.P.4.D.44";"E14.P4.D44";"H";"361.085608"
"O.E.15";;;"14041.140881"
"O.E.15.L";"E15.L";"C";"1491.337000"
"O.E.15.L.0";"E15.L0";"R";"745.668500"
"O.E.15.L.1";"E15.L1";"R";"745.668500"
"O.E.15.N";"E15.N";"C";"768.548004"
"O.E.15.N.0";"E15.N0";"R";"384.274002"
"O.E.15.N.0.C";"E15.N0.C";"C";"384.274002"
"O.E.15.N.0.C.1";"E15.N0.C1";"H";"64.045667"
"O.E.15.N.0.C.2";"E15.N0.C2";"H";"64.045667"
"O.E.15.N.0.C.3";"E15.N0.C3";"H";"64.045667"
"O.E.15.N.0.C.4";"E15.N0.C4";"H";"64.045667"
"O.E.15.N.0.C.5";"E15.N0.C5";"H";"64.045667"
"O.E.15.N.0.C.6";"E15.N0.C6";"H";"64.045667"
"O.E.15.N.1";"E15.N1";"R";"384.274002"
"O.E.15.N.1.C";"E15.N1.C";"C";"384.274002"
"O.E.15.N.1.C.1";"E15.N1.C1";"H";"64.045667"
"O.E.15.N.1.C.2";"E15.N1.C2";"H";"64.045667"
"O.E.15.N.1.C.3";"E15.N1.C3";"H";"64.045667"
"O.E.15.N.1.C.4";"E15.N1.C4";"H";"64.045667"
"O.E.15.N.1.C.5";"E15.N1.C5";"H";"64.045667"
"O.E.15.N.1.C.6";"E15.N1.C6";"H";"64.045667"
"O.E.15.P";"E15.P";"C";"10977.695877"
"O.E.15.P.0";"E15.P0";"R";"1237.444365"
"O.E.15.P.0.D";"E15.P0.D";"C";"722.171216"
"O.E.15.P.0.D.01";"E15.P0.D01";"H";"361.085608"
"O.E.15.P.0.D.02";"E15.P0.D02";"H";"361.085608"
"O.E.15.P.1";"E15.P1";"R";"2409.729663"
"O.E.15.P.1.D";"E15.P1.D";"C";"1463.913201"
"O.E.15.P.1.D.11";"E15.P1.D11";"H";"361.085608"
"O.E.15.P.1.D.12";"E15.P1.D12";"H";"361.085608"
"O.E.15.P.1.D.13";"E15.P1.D13";"H";"380.656377"
"O.E.15.P.1.D.14";"E15.P1.D14";"H";"361.085608"
"O.E.15.P.2";"E15.P2";"R";"2443.507283"
"O.E.15.P.2.D";"E15.P2.D";"C";"1444.342432"
"O.E.15.P.2.D.21";"E15.P2.D21";"H";"361.085608"
"O.E.15.P.2.D.22";"E15.P2.D22";"H";"361.085608"
"O.E.15.P.2.D.23";"E15.P2.D23";"H";"361.085608"
"O.E.15.P.2.D.24";"E15.P2.D24";"H";"361.085608"
"O.E.15.P.3";"E15.P3";"R";"2082.421675"
"O.E.15.P.3.D";"E15.P3.D";"C";"1083.256824"
"O.E.15.P.3.D.31";"E15.P3.D31";"H";"361.085608"
"O.E.15.P.3.D.32";"E15.P3.D32";"H";"361.085608"
"O.E.15.P.3.D.33";"E15.P3.D33";"H";"361.085608"
"O.E.15.P.4";"E15.P4";"R";"2804.592891"
"O.E.15.P.4.D";"E15.P4.D";"C";"1805.428040"
"O.E.15.P.4.D.34";"E15.P4.D34";"H";"361.085608"
"O.E.15.P.4.D.41";"E15.P4.D41";"H";"361.085608"
"O.E.15.P.4.D.42";"E15.P4.D42";"H";"361.085608"
"O.E.15.P.4.D.43";"E15.P4.D43";"H";"361.085608"
"O.E.15.P.4.D.44";"E15.P4.D44";"H";"361.085608"
"O.E.16";;;"14021.570112"
"O.E.16.L";"E16.L";"C";"1491.337000"
"O.E.16.L.0";"E16.L0";"R";"745.668500"
"O.E.16.L.1";"E16.L1";"R";"745.668500"
"O.E.16.N";"E16.N";"C";"768.548004"
"O.E.16.N.0";"E16.N0";"R";"384.274002"
"O.E.16.N.0.C";"E16.N0.C";"C";"384.274002"
"O.E.16.N.0.C.1";"E16.N0.C1";"H";"64.045667"
"O.E.16.N.0.C.2";"E16.N0.C2";"H";"64.045667"
"O.E.16.N.0.C.3";"E16.N0.C3";"H";"64.045667"
"O.E.16.N.0.C.4";"E16.N0.C4";"H";"64.045667"
"O.E.16.N.0.C.5";"E16.N0.C5";"H";"64.045667"
"O.E.16.N.0.C.6";"E16.N0.C6";"H";"64.045667"
"O.E.16.N.1";"E16.N1";"R";"384.274002"
"O.E.16.N.1.C";"E16.N1.C";"C";"384.274002"
"O.E.16.N.1.C.1";"E16.N1.C1";"H";"64.045667"
"O.E.16.N.1.C.2";"E16.N1.C2";"H";"64.045667"
"O.E.16.N.1.C.3";"E16.N1.C3";"H";"64.045667"
"O.E.16.N.1.C.4";"E16.N1.C4";"H";"64.045667"
"O.E.16.N.1.C.5";"E16.N1.C5";"H";"64.045667"
"O.E.16.N.1.C.6";"E16.N1.C6";"H";"64.045667"
"O.E.16.P";"E16.P";"C";"10958.125108"
"O.E.16.P.0";"E16.P0";"R";"1237.444365"
"O.E.16.P.0.D";"E16.P0.D";"C";"722.171216"
"O.E.16.P.0.D.01";"E16.P0.D01";"H";"361.085608"
"O.E.16.P.0.D.02";"E16.P0.D02";"H";"361.085608"
"O.E.16.P.1";"E16.P1";"R";"2390.158894"
"O.E.16.P.1.D";"E16.P1.D";"C";"1444.342432"
"O.E.16.P.1.D.11";"E16.P1.D11";"H";"361.085608"
"O.E.16.P.1.D.12";"E16.P1.D12";"H";"361.085608"
"O.E.16.P.1.D.13";"E16.P1.D13";"H";"361.085608"
"O.E.16.P.1.D.14";"E16.P1.D14";"H";"361.085608"
"O.E.16.P.2";"E16.P2";"R";"2443.507283"
"O.E.16.P.2.D";"E16.P2.D";"C";"1444.342432"
"O.E.16.P.2.D.21";"E16.P2.D21";"H";"361.085608"
"O.E.16.P.2.D.22";"E16.P2.D22";"H";"361.085608"
"O.E.16.P.2.D.23";"E16.P2.D23";"H";"361.085608"
"O.E.16.P.2.D.24";"E16.P2.D24";"H";"361.085608"
"O.E.16.P.3";"E16.P3";"R";"2082.421675"
"O.E.16.P.3.D";"E16.P3.D";"C";"1083.256824"
"O.E.16.P.3.D.31";"E16.P3.D31";"H";"361.085608"
"O.E.16.P.3.D.32";"E16.P3.D32";"H";"361.085608"
"O.E.16.P.3.D.33";"E16.P3.D33";"H";"361.085608"
"O.E.16.P.4";"E16.P4";"R";"2804.592891"
"O.E.16.P.4.D";"E16.P4.D";"C";"1805.428040"
"O.E.16.P.4.D.34";"E16.P4.D34";"H";"361.085608"
"O.E.16.P.4.D.41";"E16.P4.D41";"H";"361.085608"
"O.E.16.P.4.D.42";"E16.P4.D42";"H";"361.085608"
"O.E.16.P.4.D.43";"E16.P4.D43";"H";"361.085608"
"O.E.16.P.4.D.44";"E16.P4.D44";"H";"361.085608"
"O.E.17";;;"14021.570112"
"O.E.17.L";"E17.L";"C";"1491.337000"
"O.E.17.L.0";"E17.L0";"R";"745.668500"
"O.E.17.L.1";"E17.L1";"R";"745.668500"
"O.E.17.N";"E17.N";"C";"768.548004"
"O.E.17.N.0";"E17.N0";"R";"384.274002"
"O.E.17.N.0.C";"E17.N0.C";"C";"384.274002"
"O.E.17.N.0.C.1";"E17.N0.C1";"H";"64.045667"
"O.E.17.N.0.C.2";"E17.N0.C2";"H";"64.045667"
"O.E.17.N.0.C.3";"E17.N0.C3";"H";"64.045667"
"O.E.17.N.0.C.4";"E17.N0.C4";"H";"64.045667"
"O.E.17.N.0.C.5";"E17.N0.C5";"H";"64.045667"
"O.E.17.N.0.C.6";"E17.N0.C6";"H";"64.045667"
"O.E.17.N.1";"E17.N1";"R";"384.274002"
"O.E.17.N.1.C";"E17.N1.C";"C";"384.274002"
"O.E.17.N.1.C.1";"E17.N1.C1";"H";"64.045667"
"O.E.17.N.1.C.2";"E17.N1.C2";"H";"64.045667"
"O.E.17.N.1.C.3";"E17.N1.C3";"H";"64.045667"
"O.E.17.N.1.C.4";"E17.N1.C4";"H";"64.045667"
"O.E.17.N.1.C.5";"E17.N1.C5";"H";"64.045667"
"O.E.17.N.1.C.6";"E17.N1.C6";"H";"64.045667"
"O.E.17.P";"E17.P";"C";"10958.125108"
"O.E.17.P.0";"E17.P0";"R";"1237.444365"
"O.E.17.P.0.D";"E17.P0.D";"C";"722.171216"
"O.E.17.P.0.D.01";"E17.P0.D01";"H";"361.085608"
"O.E.17.P.0.D.02";"E17.P0.D02";"H";"361.085608"
"O.E.17.P.1";"E17.P1";"R";"2390.158894"
"O.E.17.P.1.D";"E17.P1.D";"C";"1444.342432"
"O.E.17.P.1.D.11";"E17.P1.D11";"H";"361.085608"
"O.E.17.P.1.D.12";"E17.P1.D12";"H";"361.085608"
"O.E.17.P.1.D.13";"E17.P1.D13";"H";"361.085608"
"O.E.17.P.1.D.14";"E17.P1.D14";"H";"361.085608"
"O.E.17.P.2";"E17.P2";"R";"2443.507283"
"O.E.17.P.2.D";"E17.P2.D";"C";"1444.342432"
"O.E.17.P.2.D.21";"E17.P2.D21";"H";"361.085608"
"O.E.17.P.2.D.22";"E17.P2.D22";"H";"361.085608"
"O.E.17.P.2.D.23";"E17.P2.D23";"H";"361.085608"
"O.E.17.P.2.D.24";"E17.P2.D24";"H";"361.085608"
"O.E.17.P.3";"E17.P3";"R";"2082.421675"
"O.E.17.P.3.D";"E17.P3.D";"C";"1083.256824"
"O.E.17.P.3.D.31";"E17.P3.D31";"H";"361.085608"
"O.E.17.P.3.D.32";"E17.P3.D32";"H";"361.085608"
"O.E.17.P.3.D.33";"E17.P3.D33";"H";"361.085608"
"O.E.17.P.4";"E17.P4";"R";"2804.592891"
"O.E.17.P.4.D";"E17.P4.D";"C";"1805.428040"
"O.E.17.P.4.D.34";"E17.P4.D34";"H";"361.085608"
"O.E.17.P.4.D.41";"E17.P4.D41";"H";"361.085608"
"O.E.17.P.4.D.42";"E17.P4.D42";"H";"361.085608"
"O.E.17.P.4.D.43";"E17.P4.D43";"H";"361.085608"
"O.E.17.P.4.D.44";"E17.P4.D44";"H";"361.085608"
"O.E.18";;;"12784.125741"
"O.E.18.L";"E18.L";"C";"1491.337000"
"O.E.18.L.1";"E18.L1";"R";"1491.337000"
"O.E.18.N";"E18.N";"C";"768.547998"
"O.E.18.N.1";"E18.N1";"R";"768.547998"
"O.E.18.N.1.C";"E18.N1.C";"C";"768.547998"
"O.E.18.N.1.C.1";"E18.N1.C1";"H";"128.091333"
"O.E.18.N.1.C.2";"E18.N1.C2";"H";"128.091333"
"O.E.18.N.1.C.3";"E18.N1.C3";"H";"128.091333"
"O.E.18.N.1.C.4";"E18.N1.C4";"H";"128.091333"
"O.E.18.N.1.C.5";"E18.N1.C5";"H";"128.091333"
"O.E.18.N.1.C.6";"E18.N1.C6";"H";"128.091333"
"O.E.18.P";"E18.P";"C";"9720.680743"
"O.E.18.P.1";"E18.P1";"R";"2390.158894"
"O.E.18.P.1.D";"E18.P1.D";"C";"1444.342432"
"O.E.18.P.1.D.11";"E18.P1.D11";"H";"361.085608"
"O.E.18.P.1.D.12";"E18.P1.D12";"H";"361.085608"
"O.E.18.P.1.D.13";"E18.P1.D13";"H";"361.085608"
"O.E.18.P.1.D.14";"E18.P1.D14";"H";"361.085608"
"O.E.18.P.2";"E18.P2";"R";"2443.507283"
"O.E.18.P.2.D";"E18.P2.D";"C";"1444.342432"
"O.E.18.P.2.D.21";"E18.P2.D21";"H";"361.085608"
"O.E.18.P.2.D.22";"E18.P2.D22";"H";"361.085608"
"O.E.18.P.2.D.23";"E18.P2.D23";"H";"361.085608"
"O.E.18.P.2.D.24";"E18.P2.D24";"H";"361.085608"
"O.E.18.P.3";"E18.P3";"R";"2082.421675"
"O.E.18.P.3.D";"E18.P3.D";"C";"1083.256824"
"O.E.18.P.3.D.31";"E18.P3.D31";"H";"361.085608"
"O.E.18.P.3.D.32";"E18.P3.D32";"H";"361.085608"
"O.E.18.P.3.D.33";"E18.P3.D33";"H";"361.085608"
"O.E.18.P.4";"E18.P4";"H";"2804.592891"
"O.E.18.P.4.D";"E18.P4.D";"R";"1805.428040"
"O.E.18.P.4.D.34";"E18.P4.D34";"C";"361.085608"
"O.E.18.P.4.D.41";"E18.P4.D41";"H";"361.085608"
"O.E.18.P.4.D.42";"E18.P4.D42";"H";"361.085608"
"O.E.18.P.4.D.43";"E18.P4.D43";"H";"361.085608"
"O.E.18.P.4.D.44";"E18.P4.D44";"H";"361.085608"
"O.E.19";;;"12784.125741"
"O.E.19.L";"E19.L";"C";"1491.337000"
"O.E.19.L.1";"E19.L1";"R";"1491.337000"
"O.E.19.N";"E19.N";"C";"768.547998"
"O.E.19.N.1";"E19.N1";"R";"768.547998"
"O.E.19.N.1.C";"E19.N1.C";"C";"768.547998"
"O.E.19.N.1.C.1";"E19.N1.C1";"H";"128.091333"
"O.E.19.N.1.C.2";"E19.N1.C2";"H";"128.091333"
"O.E.19.N.1.C.3";"E19.N1.C3";"H";"128.091333"
"O.E.19.N.1.C.4";"E19.N1.C4";"H";"128.091333"
"O.E.19.N.1.C.5";"E19.N1.C5";"H";"128.091333"
"O.E.19.N.1.C.6";"E19.N1.C6";"H";"128.091333"
"O.E.19.P";"E19.P";"C";"9720.680743"
"O.E.19.P.1";"E19.P1";"R";"2390.158894"
"O.E.19.P.1.D";"E19.P1.D";"C";"1444.342432"
"O.E.19.P.1.D.11";"E19.P1.D11";"H";"361.085608"
"O.E.19.P.1.D.12";"E19.P1.D12";"H";"361.085608"
"O.E.19.P.1.D.13";"E19.P1.D13";"H";"361.085608"
"O.E.19.P.1.D.14";"E19.P1.D14";"H";"361.085608"
"O.E.19.P.2";"E19.P2";"R";"2443.507283"
"O.E.19.P.2.D";"E19.P2.D";"C";"1444.342432"
"O.E.19.P.2.D.21";"E19.P2.D21";"H";"361.085608"
"O.E.19.P.2.D.22";"E19.P2.D22";"H";"361.085608"
"O.E.19.P.2.D.23";"E19.P2.D23";"H";"361.085608"
"O.E.19.P.2.D.24";"E19.P2.D24";"H";"361.085608"
"O.E.19.P.3";"E19.P3";"R";"2082.421675"
"O.E.19.P.3.D";"E19.P3.D";"C";"1083.256824"
"O.E.19.P.3.D.31";"E19.P3.D31";"H";"361.085608"
"O.E.19.P.3.D.32";"E19.P3.D32";"H";"361.085608"
"O.E.19.P.3.D.33";"E19.P3.D33";"H";"361.085608"
"O.E.19.P.4";"E19.P4";"H";"2804.592891"
"O.E.19.P.4.D";"E19.P4.D";"R";"1805.428040"
"O.E.19.P.4.D.34";"E19.P4.D34";"C";"361.085608"
"O.E.19.P.4.D.41";"E19.P4.D41";"H";"361.085608"
"O.E.19.P.4.D.42";"E19.P4.D42";"H";"361.085608"
"O.E.19.P.4.D.43";"E19.P4.D43";"H";"361.085608"
"O.E.19.P.4.D.44";"E19.P4.D44";"H";"361.085608"
"O.E.20";;;"12784.125741"
"O.E.20.L";"E20.L";"C";"1491.337000"
"O.E.20.L.1";"E20.L1";"R";"1491.337000"
"O.E.20.N";"E20.N";"C";"768.547998"
"O.E.20.N.1";"E20.N1";"R";"768.547998"
"O.E.20.N.1.C";"E20.N1.C";"C";"768.547998"
"O.E.20.N.1.C.1";"E20.N1.C1";"H";"128.091333"
"O.E.20.N.1.C.2";"E20.N1.C2";"H";"128.091333"
"O.E.20.N.1.C.3";"E20.N1.C3";"H";"128.091333"
"O.E.20.N.1.C.4";"E20.N1.C4";"H";"128.091333"
"O.E.20.N.1.C.5";"E20.N1.C5";"H";"128.091333"
"O.E.20.N.1.C.6";"E20.N1.C6";"H";"128.091333"
"O.E.20.P";"E20.P";"C";"9720.680743"
"O.E.20.P.1";"E20.P1";"R";"2390.158894"
"O.E.20.P.1.D";"E20.P1.D";"C";"1444.342432"
"O.E.20.P.1.D.11";"E20.P1.D11";"H";"361.085608"
"O.E.20.P.1.D.12";"E20.P1.D12";"H";"361.085608"
"O.E.20.P.1.D.13";"E20.P1.D13";"H";"361.085608"
"O.E.20.P.1.D.14";"E20.P1.D14";"H";"361.085608"
"O.E.20.P.2";"E20.P2";"R";"2443.507283"
"O.E.20.P.2.D";"E20.P2.D";"C";"1444.342432"
"O.E.20.P.2.D.21";"E20.P2.D21";"H";"361.085608"
"O.E.20.P.2.D.22";"E20.P2.D22";"H";"361.085608"
"O.E.20.P.2.D.23";"E20.P2.D23";"H";"361.085608"
"O.E.20.P.2.D.24";"E20.P2.D24";"H";"361.085608"
"O.E.20.P.3";"E20.P3";"R";"2082.421675"
"O.E.20.P.3.D";"E20.P3.D";"C";"1083.256824"
"O.E.20.P.3.D.31";"E20.P3.D31";"H";"361.085608"
"O.E.20.P.3.D.32";"E20.P3.D32";"H";"361.085608"
"O.E.20.P.3.D.33";"E20.P3.D33";"H";"361.085608"
"O.E.20.P.4";"E20.P4";"H";"2804.592891"
"O.E.20.P.4.D";"E20.P4.D";"R";"1805.428040"
"O.E.20.P.4.D.34";"E20.P4.D34";"C";"361.085608"
"O.E.20.P.4.D.41";"E20.P4.D41";"H";"361.085608"
"O.E.20.P.4.D.42";"E20.P4.D42";"H";"361.085608"
"O.E.20.P.4.D.43";"E20.P4.D43";"H";"361.085608"
"O.E.20.P.4.D.44";"E20.P4.D44";"H";"361.085608"
"O.L.L";"L";"H";"21720.380000"
"O";NULL;NULL;"0.000000"
"O.L";NULL;NULL;"21720.380000"
"O.E.01.V";"E01";"R";"14041.140881"
"O.E.02.V";"E02";"R";"12803.696510"
"O.E.03.V";"E03";"R";"12803.696510"
"O.E.04.V";"E04";"R";"12803.696510"
"O.E.05.V";"E05";"R";"12803.696510"
"O.E.06.V";"E06";"R";"12803.696510"
"O.E.07.V";"E07";"R";"12803.696510"
"O.E.08.V";"E08";"R";"12809.842510"
"O.E.09.V";"E09";"R";"12803.696510"
"O.E.10.V";"E10";"R";"12809.842510"
"O.E.11.V";"E11";"R";"12803.696510"
"O.E.12.V";"E12";"R";"12803.696510"
"O.E.13.V";"E13";"R";"12803.696510"
"O.E.14.V";"E14";"R";"14041.140881"
"O.E.15.V";"E15";"R";"14041.140881"
"O.E.16.V";"E16";"R";"14021.570112"
"O.E.17.V";"E17";"R";"14021.570112"
"O.E.18.V";"E18";"R";"12784.125741"
"O.E.19.V";"E19";"R";"12784.125741"
"O.E.20.V";"E20";"R";"12784.125741"
