ID.S;ID;TIPO;COSTO
O;;R;345814.561
O.E;E;R;262175.590210
O.E.01;;R;14041.140881
O.E.01.G;;R;14041.140881
O.E.01.G.d;E01;R;14041.140881
O.E.01.L;E01.L;R;1491.337000
O.E.01.L.0;;R;745.668500
O.E.01.L.0.d;E01.L0;H;745.668500
O.E.01.L.1;;R;745.668500
O.E.01.L.1.d;E01.L1;H;745.668500
O.E.01.N;E01.N;R;768.548004
O.E.01.N.0;E01.N0;R;384.274002
O.E.01.N.0.C;E01.N0.C;R;384.274002
O.E.01.N.0.C.1;E01.N0.C1;H;64.045667
O.E.01.N.0.C.2;E01.N0.C2;H;64.045667
O.E.01.N.0.C.3;E01.N0.C3;H;64.045667
O.E.01.N.0.C.4;E01.N0.C4;H;64.045667
O.E.01.N.0.C.5;E01.N0.C5;H;64.045667
O.E.01.N.0.C.6;E01.N0.C6;H;64.045667
O.E.01.N.1;E01.N1;R;384.274002
O.E.01.N.1.C;E01.N1.C;R;384.274002
O.E.01.N.1.C.1;E01.N1.C1;H;64.045667
O.E.01.N.1.C.2;E01.N1.C2;H;64.045667
O.E.01.N.1.C.3;E01.N1.C3;H;64.045667
O.E.01.N.1.C.4;E01.N1.C4;H;64.045667
O.E.01.N.1.C.5;E01.N1.C5;H;64.045667
O.E.01.N.1.C.6;E01.N1.C6;H;64.045667
O.E.01.P;E01.P;R;10977.695877
O.E.01.P.0;;R;1237.444365
O.E.01.P.0.D;E01.P0.D;R;722.171216
O.E.01.P.0.D.01;;R;361.085608
O.E.01.P.0.D.01.d;E01.P0.D01;H;361.085608
O.E.01.P.0.D.02;;R;361.085608
O.E.01.P.0.D.02.d;E01.P0.D02;H;361.085608
O.E.01.P.0.G;;R;1237.444365
O.E.01.P.0.G.d;E01.P0;H;1237.444365
O.E.01.P.1;;R;2409.729663
O.E.01.P.1.D;E01.P1.D;R;1463.913201
O.E.01.P.1.D.11;;R;361.085608
O.E.01.P.1.D.11.d;E01.P1.D11;H;361.085608
O.E.01.P.1.D.12;;R;361.085608
O.E.01.P.1.D.12.d;E01.P1.D12;H;361.085608
O.E.01.P.1.D.13;;R;380.656377
O.E.01.P.1.D.13.d;E01.P1.D13;H;380.656377
O.E.01.P.1.D.14;;R;361.085608
O.E.01.P.1.D.14.d;E01.P1.D14;H;361.085608
O.E.01.P.1.G;;R;2409.729663
O.E.01.P.1.G.d;E01.P1;H;2409.729663
O.E.01.P.2;;R;2443.507283
O.E.01.P.2.D;E01.P2.D;R;1444.342432
O.E.01.P.2.D.21;;R;361.085608
O.E.01.P.2.D.21.d;E01.P2.D21;H;361.085608
O.E.01.P.2.D.22;;R;361.085608
O.E.01.P.2.D.22.d;E01.P2.D22;H;361.085608
O.E.01.P.2.D.23;;R;361.085608
O.E.01.P.2.D.23.d;E01.P2.D23;H;361.085608
O.E.01.P.2.D.24;;R;361.085608
O.E.01.P.2.D.24.d;E01.P2.D24;H;361.085608
O.E.01.P.2.G;;R;2443.507283
O.E.01.P.2.G.d;E01.P2;H;2443.507283
O.E.01.P.3;;H;2082.421675
O.E.01.P.3.D;E01.P3.D;H;1083.256824
O.E.01.P.3.D.31;;H;361.085608
O.E.01.P.3.D.31.d;E01.P3.D31;H;361.085608
O.E.01.P.3.D.32;;H;361.085608
O.E.01.P.3.D.32.d;E01.P3.D32;H;361.085608
O.E.01.P.3.D.33;;H;361.085608
O.E.01.P.3.D.33.d;E01.P3.D33;H;361.085608
O.E.01.P.3.D.34;;H;361.085608
O.E.01.P.3.D.34.d;E01.P3.D34;H;361.085608
O.E.01.P.3.G;;H;2082.421675
O.E.01.P.3.G.d;E01.P3;H;2082.421675
O.E.01.P.4;;H;2804.592891
O.E.01.P.4.D;E01.P4.D;H;1805.428040
O.E.01.P.4.D.41;;H;361.085608
O.E.01.P.4.D.41.d;E01.P4.D41;H;361.085608
O.E.01.P.4.D.42;;H;361.085608
O.E.01.P.4.D.42.d;E01.P4.D42;H;361.085608
O.E.01.P.4.D.43;;H;361.085608
O.E.01.P.4.D.43.d;E01.P4.D43;H;361.085608
O.E.01.P.4.D.44;;H;361.085608
O.E.01.P.4.D.44.d;E01.P4.D44;H;361.085608
O.E.01.P.4.G;;H;2804.592891
O.E.01.P.4.G.d;E01.P4;H;2804.592891
O.E.02;;H;12803.696510
O.E.02.G;;H;12803.696510
O.E.02.G.d;E02;H;12803.696510
O.E.02.L;E02.L;H;1491.337000
O.E.02.L.1;;H;1491.337000
O.E.02.L.1.d;E02.L1;H;1491.337000
O.E.02.N;E02.N;H;768.547998
O.E.02.N.1;E02.N1;H;768.547998
O.E.02.N.1.C;E02.N1.C;H;768.547998
O.E.02.N.1.C.1;E02.N1.C1;H;128.091333
O.E.02.N.1.C.2;E02.N1.C2;H;128.091333
O.E.02.N.1.C.3;E02.N1.C3;H;128.091333
O.E.02.N.1.C.4;E02.N1.C4;H;128.091333
O.E.02.N.1.C.5;E02.N1.C5;H;128.091333
O.E.02.N.1.C.6;E02.N1.C6;H;128.091333
O.E.02.P;E02.P;H;9740.251512
O.E.02.P.1;;H;2409.729663
O.E.02.P.1.D;E02.P1.D;H;1463.913201
O.E.02.P.1.D.11;;H;361.085608
O.E.02.P.1.D.11.d;E02.P1.D11;H;361.085608
O.E.02.P.1.D.12;;H;361.085608
O.E.02.P.1.D.12.d;E02.P1.D12;H;361.085608
O.E.02.P.1.D.13;;H;380.656377
O.E.02.P.1.D.13.d;E02.P1.D13;H;380.656377
O.E.02.P.1.D.14;;H;361.085608
O.E.02.P.1.D.14.d;E02.P1.D14;H;361.085608
O.E.02.P.1.G;;H;2409.729663
O.E.02.P.1.G.d;E02.P1;H;2409.729663
O.E.02.P.2;;H;2443.507283
O.E.02.P.2.D;E02.P2.D;H;1444.342432
O.E.02.P.2.D.21;;H;361.085608
O.E.02.P.2.D.21.d;E02.P2.D21;H;361.085608
O.E.02.P.2.D.22;;H;361.085608
O.E.02.P.2.D.22.d;E02.P2.D22;H;361.085608
O.E.02.P.2.D.23;;H;361.085608
O.E.02.P.2.D.23.d;E02.P2.D23;H;361.085608
O.E.02.P.2.D.24;;H;361.085608
O.E.02.P.2.D.24.d;E02.P2.D24;H;361.085608
O.E.02.P.2.G;;H;2443.507283
O.E.02.P.2.G.d;E02.P2;H;2443.507283
O.E.02.P.3;;H;2082.421675
O.E.02.P.3.D;E02.P3.D;H;1083.256824
O.E.02.P.3.D.31;;H;361.085608
O.E.02.P.3.D.31.d;E02.P3.D31;H;361.085608
O.E.02.P.3.D.32;;H;361.085608
O.E.02.P.3.D.32.d;E02.P3.D32;H;361.085608
O.E.02.P.3.D.33;;H;361.085608
O.E.02.P.3.D.33.d;E02.P3.D33;H;361.085608
O.E.02.P.3.D.34;;H;361.085608
O.E.02.P.3.D.34.d;E02.P3.D34;H;361.085608
O.E.02.P.3.G;;H;2082.421675
O.E.02.P.3.G.d;E02.P3;H;2082.421675
O.E.02.P.4;;H;1805.428040
O.E.02.P.4.D;E02.P4.D;H;1805.428040
O.E.02.P.4.D.41;;H;361.085608
O.E.02.P.4.D.41.d;E02.P4.D41;H;361.085608
O.E.02.P.4.D.42;;H;361.085608
O.E.02.P.4.D.42.d;E02.P4.D42;H;361.085608
O.E.02.P.4.D.43;;H;361.085608
O.E.02.P.4.D.43.d;E02.P4.D43;H;361.085608
O.E.02.P.4.D.44;;H;361.085608
O.E.02.P.4.D.44.d;E02.P4.D44;H;361.085608
O.E.02.P.4.G;;H;2804.592891
O.E.02.P.4.G.d;E02.P4;H;2804.592891
O.E.03;;H;12803.696510
O.E.03.G;;H;12803.696510
O.E.03.G.d;E03;H;12803.696510
O.E.03.L;E03.L;H;1491.337000
O.E.03.L.1;;H;1491.337000
O.E.03.L.1.d;E03.L1;H;1491.337000
O.E.03.N;E03.N;H;768.547998
O.E.03.N.1;E03.N1;H;768.547998
O.E.03.N.1.C;E03.N1.C;H;768.547998
O.E.03.N.1.C.1;E03.N1.C1;H;128.091333
O.E.03.N.1.C.2;E03.N1.C2;H;128.091333
O.E.03.N.1.C.3;E03.N1.C3;H;128.091333
O.E.03.N.1.C.4;E03.N1.C4;H;128.091333
O.E.03.N.1.C.5;E03.N1.C5;H;128.091333
O.E.03.N.1.C.6;E03.N1.C6;H;128.091333
O.E.03.P;E03.P;H;9740.251512
O.E.03.P.1;;H;2409.729663
O.E.03.P.1.D;E03.P1.D;H;1463.913201
O.E.03.P.1.D.11;;H;361.085608
O.E.03.P.1.D.11.d;E03.P1.D11;H;361.085608
O.E.03.P.1.D.12;;H;361.085608
O.E.03.P.1.D.12.d;E03.P1.D12;H;361.085608
O.E.03.P.1.D.13;;H;380.656377
O.E.03.P.1.D.13.d;E03.P1.D13;H;380.656377
O.E.03.P.1.D.14;;H;361.085608
O.E.03.P.1.D.14.d;E03.P1.D14;H;361.085608
O.E.03.P.1.G;;H;2409.729663
O.E.03.P.1.G.d;E03.P1;H;2409.729663
O.E.03.P.2;;H;2443.507283
O.E.03.P.2.D;E03.P2.D;H;1444.342432
O.E.03.P.2.D.21;;H;361.085608
O.E.03.P.2.D.21.d;E03.P2.D21;H;361.085608
O.E.03.P.2.D.22;;H;361.085608
O.E.03.P.2.D.22.d;E03.P2.D22;H;361.085608
O.E.03.P.2.D.23;;H;361.085608
O.E.03.P.2.D.23.d;E03.P2.D23;H;361.085608
O.E.03.P.2.D.24;;H;361.085608
O.E.03.P.2.D.24.d;E03.P2.D24;H;361.085608
O.E.03.P.2.G;;H;2443.507283
O.E.03.P.2.G.d;E03.P2;H;2443.507283
O.E.03.P.3;;H;2082.421675
O.E.03.P.3.D;E03.P3.D;H;1083.256824
O.E.03.P.3.D.31;;H;361.085608
O.E.03.P.3.D.31.d;E03.P3.D31;H;361.085608
O.E.03.P.3.D.32;;H;361.085608
O.E.03.P.3.D.32.d;E03.P3.D32;H;361.085608
O.E.03.P.3.D.33;;H;361.085608
O.E.03.P.3.D.33.d;E03.P3.D33;H;361.085608
O.E.03.P.3.D.34;;H;361.085608
O.E.03.P.3.D.34.d;E03.P3.D34;H;361.085608
O.E.03.P.3.G;;H;2082.421675
O.E.03.P.3.G.d;E03.P3;H;2082.421675
O.E.03.P.4;;H;1805.428040
O.E.03.P.4.D;E03.P4.D;H;1805.428040
O.E.03.P.4.D.41;;H;361.085608
O.E.03.P.4.D.41.d;E03.P4.D41;H;361.085608
O.E.03.P.4.D.42;;H;361.085608
O.E.03.P.4.D.42.d;E03.P4.D42;H;361.085608
O.E.03.P.4.D.43;;H;361.085608
O.E.03.P.4.D.43.d;E03.P4.D43;H;361.085608
O.E.03.P.4.D.44;;H;361.085608
O.E.03.P.4.D.44.d;E03.P4.D44;H;361.085608
O.E.03.P.4.G;;H;2804.592891
O.E.03.P.4.G.d;E03.P4;H;2804.592891
O.E.04;;H;12803.696510
O.E.04.G;;H;12803.696510
O.E.04.G.d;E04;H;12803.696510
O.E.04.L;E04.L;H;1491.337000
O.E.04.L.1;;H;1491.337000
O.E.04.L.1.d;E04.L1;H;1491.337000
O.E.04.N;E04.N;H;768.547998
O.E.04.N.1;E04.N1;H;768.547998
O.E.04.N.1.C;E04.N1.C;H;768.547998
O.E.04.N.1.C.1;E04.N1.C1;H;128.091333
O.E.04.N.1.C.2;E04.N1.C2;H;128.091333
O.E.04.N.1.C.3;E04.N1.C3;H;128.091333
O.E.04.N.1.C.4;E04.N1.C4;H;128.091333
O.E.04.N.1.C.5;E04.N1.C5;H;128.091333
O.E.04.N.1.C.6;E04.N1.C6;H;128.091333
O.E.04.P;E04.P;H;9740.251512
O.E.04.P.1;;H;2409.729663
O.E.04.P.1.D;E04.P1.D;H;1463.913201
O.E.04.P.1.D.11;;H;361.085608
O.E.04.P.1.D.11.d;E04.P1.D11;H;361.085608
O.E.04.P.1.D.12;;H;361.085608
O.E.04.P.1.D.12.d;E04.P1.D12;H;361.085608
O.E.04.P.1.D.13;;H;380.656377
O.E.04.P.1.D.13.d;E04.P1.D13;H;380.656377
O.E.04.P.1.D.14;;H;361.085608
O.E.04.P.1.D.14.d;E04.P1.D14;H;361.085608
O.E.04.P.1.G;;H;2409.729663
O.E.04.P.1.G.d;E04.P1;H;2409.729663
O.E.04.P.2;;H;2443.507283
O.E.04.P.2.D;E04.P2.D;H;1444.342432
O.E.04.P.2.D.21;;H;361.085608
O.E.04.P.2.D.21.d;E04.P2.D21;H;361.085608
O.E.04.P.2.D.22;;H;361.085608
O.E.04.P.2.D.22.d;E04.P2.D22;H;361.085608
O.E.04.P.2.D.23;;H;361.085608
O.E.04.P.2.D.23.d;E04.P2.D23;H;361.085608
O.E.04.P.2.D.24;;H;361.085608
O.E.04.P.2.D.24.d;E04.P2.D24;H;361.085608
O.E.04.P.2.G;;H;2443.507283
O.E.04.P.2.G.d;E04.P2;H;2443.507283
O.E.04.P.3;;H;2082.421675
O.E.04.P.3.D;E04.P3.D;H;1083.256824
O.E.04.P.3.D.31;;H;361.085608
O.E.04.P.3.D.31.d;E04.P3.D31;H;361.085608
O.E.04.P.3.D.32;;H;361.085608
O.E.04.P.3.D.32.d;E04.P3.D32;H;361.085608
O.E.04.P.3.D.33;;H;361.085608
O.E.04.P.3.D.33.d;E04.P3.D33;H;361.085608
O.E.04.P.3.D.34;;H;361.085608
O.E.04.P.3.D.34.d;E04.P3.D34;H;361.085608
O.E.04.P.3.G;;H;2082.421675
O.E.04.P.3.G.d;E04.P3;H;2082.421675
O.E.04.P.4;;H;1805.428040
O.E.04.P.4.D;E04.P4.D;H;1805.428040
O.E.04.P.4.D.41;;H;361.085608
O.E.04.P.4.D.41.d;E04.P4.D41;H;361.085608
O.E.04.P.4.D.42;;H;361.085608
O.E.04.P.4.D.42.d;E04.P4.D42;H;361.085608
O.E.04.P.4.D.43;;H;361.085608
O.E.04.P.4.D.43.d;E04.P4.D43;H;361.085608
O.E.04.P.4.D.44;;H;361.085608
O.E.04.P.4.D.44.d;E04.P4.D44;H;361.085608
O.E.04.P.4.G;;H;2804.592891
O.E.04.P.4.G.d;E04.P4;H;2804.592891
O.E.05;;H;12803.696510
O.E.05.G;;H;12803.696510
O.E.05.G.d;E05;H;12803.696510
O.E.05.L;E05.L;H;1491.337000
O.E.05.L.1;;H;1491.337000
O.E.05.L.1.d;E05.L1;H;1491.337000
O.E.05.N;E05.N;H;768.547998
O.E.05.N.1;E05.N1;H;768.547998
O.E.05.N.1.C;E05.N1.C;H;768.547998
O.E.05.N.1.C.1;E05.N1.C1;H;128.091333
O.E.05.N.1.C.2;E05.N1.C2;H;128.091333
O.E.05.N.1.C.3;E05.N1.C3;H;128.091333
O.E.05.N.1.C.4;E05.N1.C4;H;128.091333
O.E.05.N.1.C.5;E05.N1.C5;H;128.091333
O.E.05.N.1.C.6;E05.N1.C6;H;128.091333
O.E.05.P;E05.P;H;9740.251512
O.E.05.P.1;;H;2409.729663
O.E.05.P.1.D;E05.P1.D;H;1463.913201
O.E.05.P.1.D.11;;H;361.085608
O.E.05.P.1.D.11.d;E05.P1.D11;H;361.085608
O.E.05.P.1.D.12;;H;361.085608
O.E.05.P.1.D.12.d;E05.P1.D12;H;361.085608
O.E.05.P.1.D.13;;H;380.656377
O.E.05.P.1.D.13.d;E05.P1.D13;H;380.656377
O.E.05.P.1.D.14;;H;361.085608
O.E.05.P.1.D.14.d;E05.P1.D14;H;361.085608
O.E.05.P.1.G;;H;2409.729663
O.E.05.P.1.G.d;E05.P1;H;2409.729663
O.E.05.P.2;;H;2443.507283
O.E.05.P.2.D;E05.P2.D;H;1444.342432
O.E.05.P.2.D.21;;H;361.085608
O.E.05.P.2.D.21.d;E05.P2.D21;H;361.085608
O.E.05.P.2.D.22;;H;361.085608
O.E.05.P.2.D.22.d;E05.P2.D22;H;361.085608
O.E.05.P.2.D.23;;H;361.085608
O.E.05.P.2.D.23.d;E05.P2.D23;H;361.085608
O.E.05.P.2.D.24;;H;361.085608
O.E.05.P.2.D.24.d;E05.P2.D24;H;361.085608
O.E.05.P.2.G;;H;2443.507283
O.E.05.P.2.G.d;E05.P2;H;2443.507283
O.E.05.P.3;;H;2082.421675
O.E.05.P.3.D;E05.P3.D;H;1083.256824
O.E.05.P.3.D.31;;H;361.085608
O.E.05.P.3.D.31.d;E05.P3.D31;H;361.085608
O.E.05.P.3.D.32;;H;361.085608
O.E.05.P.3.D.32.d;E05.P3.D32;H;361.085608
O.E.05.P.3.D.33;;H;361.085608
O.E.05.P.3.D.33.d;E05.P3.D33;H;361.085608
O.E.05.P.3.D.34;;H;361.085608
O.E.05.P.3.D.34.d;E05.P3.D34;H;361.085608
O.E.05.P.3.G;;H;2082.421675
O.E.05.P.3.G.d;E05.P3;H;2082.421675
O.E.05.P.4;;H;1805.428040
O.E.05.P.4.D;E05.P4.D;H;1805.428040
O.E.05.P.4.D.41;;H;361.085608
O.E.05.P.4.D.41.d;E05.P4.D41;H;361.085608
O.E.05.P.4.D.42;;H;361.085608
O.E.05.P.4.D.42.d;E05.P4.D42;H;361.085608
O.E.05.P.4.D.43;;H;361.085608
O.E.05.P.4.D.43.d;E05.P4.D43;H;361.085608
O.E.05.P.4.D.44;;H;361.085608
O.E.05.P.4.D.44.d;E05.P4.D44;H;361.085608
O.E.05.P.4.G;;H;2804.592891
O.E.05.P.4.G.d;E05.P4;H;2804.592891
O.E.06;;H;12803.696510
O.E.06.G;;H;12803.696510
O.E.06.G.d;E06;H;12803.696510
O.E.06.L;E06.L;H;1491.337000
O.E.06.L.1;;H;1491.337000
O.E.06.L.1.d;E06.L1;H;1491.337000
O.E.06.N;E06.N;H;768.547998
O.E.06.N.1;E06.N1;H;768.547998
O.E.06.N.1.C;E06.N1.C;H;768.547998
O.E.06.N.1.C.1;E06.N1.C1;H;128.091333
O.E.06.N.1.C.2;E06.N1.C2;H;128.091333
O.E.06.N.1.C.3;E06.N1.C3;H;128.091333
O.E.06.N.1.C.4;E06.N1.C4;H;128.091333
O.E.06.N.1.C.5;E06.N1.C5;H;128.091333
O.E.06.N.1.C.6;E06.N1.C6;H;128.091333
O.E.06.P;E06.P;H;9740.251512
O.E.06.P.1;;H;2409.729663
O.E.06.P.1.D;E06.P1.D;H;1463.913201
O.E.06.P.1.D.11;;H;361.085608
O.E.06.P.1.D.11.d;E06.P1.D11;H;361.085608
O.E.06.P.1.D.12;;H;361.085608
O.E.06.P.1.D.12.d;E06.P1.D12;H;361.085608
O.E.06.P.1.D.13;;H;380.656377
O.E.06.P.1.D.13.d;E06.P1.D13;H;380.656377
O.E.06.P.1.D.14;;H;361.085608
O.E.06.P.1.D.14.d;E06.P1.D14;H;361.085608
O.E.06.P.1.G;;H;2409.729663
O.E.06.P.1.G.d;E06.P1;H;2409.729663
O.E.06.P.2;;H;2443.507283
O.E.06.P.2.D;E06.P2.D;H;1444.342432
O.E.06.P.2.D.21;;H;361.085608
O.E.06.P.2.D.21.d;E06.P2.D21;H;361.085608
O.E.06.P.2.D.22;;H;361.085608
O.E.06.P.2.D.22.d;E06.P2.D22;H;361.085608
O.E.06.P.2.D.23;;H;361.085608
O.E.06.P.2.D.23.d;E06.P2.D23;H;361.085608
O.E.06.P.2.D.24;;H;361.085608
O.E.06.P.2.D.24.d;E06.P2.D24;H;361.085608
O.E.06.P.2.G;;H;2443.507283
O.E.06.P.2.G.d;E06.P2;H;2443.507283
O.E.06.P.3;;H;2082.421675
O.E.06.P.3.D;E06.P3.D;H;1083.256824
O.E.06.P.3.D.31;;H;361.085608
O.E.06.P.3.D.31.d;E06.P3.D31;H;361.085608
O.E.06.P.3.D.32;;H;361.085608
O.E.06.P.3.D.32.d;E06.P3.D32;H;361.085608
O.E.06.P.3.D.33;;H;361.085608
O.E.06.P.3.D.33.d;E06.P3.D33;H;361.085608
O.E.06.P.3.D.34;;H;361.085608
O.E.06.P.3.D.34.d;E06.P3.D34;H;361.085608
O.E.06.P.3.G;;H;2082.421675
O.E.06.P.3.G.d;E06.P3;H;2082.421675
O.E.06.P.4;;H;1805.428040
O.E.06.P.4.D;E06.P4.D;H;1805.428040
O.E.06.P.4.D.41;;H;361.085608
O.E.06.P.4.D.41.d;E06.P4.D41;H;361.085608
O.E.06.P.4.D.42;;H;361.085608
O.E.06.P.4.D.42.d;E06.P4.D42;H;361.085608
O.E.06.P.4.D.43;;H;361.085608
O.E.06.P.4.D.43.d;E06.P4.D43;H;361.085608
O.E.06.P.4.D.44;;H;361.085608
O.E.06.P.4.D.44.d;E06.P4.D44;H;361.085608
O.E.06.P.4.G;;H;2804.592891
O.E.06.P.4.G.d;E06.P4;H;2804.592891
O.E.07;;H;12803.696510
O.E.07.G;;H;12803.696510
O.E.07.G.d;E07;H;12803.696510
O.E.07.L;E07.L;H;1491.337000
O.E.07.L.1;;H;1491.337000
O.E.07.L.1.d;E07.L1;H;1491.337000
O.E.07.N;E07.N;H;768.547998
O.E.07.N.1;E07.N1;H;768.547998
O.E.07.N.1.C;E07.N1.C;H;768.547998
O.E.07.N.1.C.1;E07.N1.C1;H;128.091333
O.E.07.N.1.C.2;E07.N1.C2;H;128.091333
O.E.07.N.1.C.3;E07.N1.C3;H;128.091333
O.E.07.N.1.C.4;E07.N1.C4;H;128.091333
O.E.07.N.1.C.5;E07.N1.C5;H;128.091333
O.E.07.N.1.C.6;E07.N1.C6;H;128.091333
O.E.07.P;E07.P;H;9740.251512
O.E.07.P.1;;H;2409.729663
O.E.07.P.1.D;E07.P1.D;H;1463.913201
O.E.07.P.1.D.11;;H;361.085608
O.E.07.P.1.D.11.d;E07.P1.D11;H;361.085608
O.E.07.P.1.D.12;;H;361.085608
O.E.07.P.1.D.12.d;E07.P1.D12;H;361.085608
O.E.07.P.1.D.13;;H;380.656377
O.E.07.P.1.D.13.d;E07.P1.D13;H;380.656377
O.E.07.P.1.D.14;;H;361.085608
O.E.07.P.1.D.14.d;E07.P1.D14;H;361.085608
O.E.07.P.1.G;;H;2409.729663
O.E.07.P.1.G.d;E07.P1;H;2409.729663
O.E.07.P.2;;H;2443.507283
O.E.07.P.2.D;E07.P2.D;H;1444.342432
O.E.07.P.2.D.21;;H;361.085608
O.E.07.P.2.D.21.d;E07.P2.D21;H;361.085608
O.E.07.P.2.D.22;;H;361.085608
O.E.07.P.2.D.22.d;E07.P2.D22;H;361.085608
O.E.07.P.2.D.23;;H;361.085608
O.E.07.P.2.D.23.d;E07.P2.D23;H;361.085608
O.E.07.P.2.D.24;;H;361.085608
O.E.07.P.2.D.24.d;E07.P2.D24;H;361.085608
O.E.07.P.2.G;;H;2443.507283
O.E.07.P.2.G.d;E07.P2;H;2443.507283
O.E.07.P.3;;H;2082.421675
O.E.07.P.3.D;E07.P3.D;H;1083.256824
O.E.07.P.3.D.31;;H;361.085608
O.E.07.P.3.D.31.d;E07.P3.D31;H;361.085608
O.E.07.P.3.D.32;;H;361.085608
O.E.07.P.3.D.32.d;E07.P3.D32;H;361.085608
O.E.07.P.3.D.33;;H;361.085608
O.E.07.P.3.D.33.d;E07.P3.D33;H;361.085608
O.E.07.P.3.D.34;;H;361.085608
O.E.07.P.3.D.34.d;E07.P3.D34;H;361.085608
O.E.07.P.3.G;;H;2082.421675
O.E.07.P.3.G.d;E07.P3;H;2082.421675
O.E.07.P.4;;H;1805.428040
O.E.07.P.4.D;E07.P4.D;H;1805.428040
O.E.07.P.4.D.41;;H;361.085608
O.E.07.P.4.D.41.d;E07.P4.D41;H;361.085608
O.E.07.P.4.D.42;;H;361.085608
O.E.07.P.4.D.42.d;E07.P4.D42;H;361.085608
O.E.07.P.4.D.43;;H;361.085608
O.E.07.P.4.D.43.d;E07.P4.D43;H;361.085608
O.E.07.P.4.D.44;;H;361.085608
O.E.07.P.4.D.44.d;E07.P4.D44;H;361.085608
O.E.07.P.4.G;;H;2804.592891
O.E.07.P.4.G.d;E07.P4;H;2804.592891
O.E.08;;H;12809.842510
O.E.08.G;;H;12809.842510
O.E.08.G.d;E08;H;12809.842510
O.E.08.L;E08.L;H;1491.337000
O.E.08.L.1;;H;1491.337000
O.E.08.L.1.d;E08.L1;H;1491.337000
O.E.08.N;E08.N;H;768.547998
O.E.08.N.1;E08.N1;H;768.547998
O.E.08.N.1.C;E08.N1.C;H;768.547998
O.E.08.N.1.C.1;E08.N1.C1;H;128.091333
O.E.08.N.1.C.2;E08.N1.C2;H;128.091333
O.E.08.N.1.C.3;E08.N1.C3;H;128.091333
O.E.08.N.1.C.4;E08.N1.C4;H;128.091333
O.E.08.N.1.C.5;E08.N1.C5;H;128.091333
O.E.08.N.1.C.6;E08.N1.C6;H;128.091333
O.E.08.P;E08.P;H;9746.397512
O.E.08.P.1;;H;2415.875663
O.E.08.P.1.D;E08.P1.D;H;1470.059201
O.E.08.P.1.D.11;;H;361.085608
O.E.08.P.1.D.11.d;E08.P1.D11;H;361.085608
O.E.08.P.1.D.12;;H;361.085608
O.E.08.P.1.D.12.d;E08.P1.D12;H;361.085608
O.E.08.P.1.D.13;;H;386.802377
O.E.08.P.1.D.13.d;E08.P1.D13;H;386.802377
O.E.08.P.1.D.14;;H;361.085608
O.E.08.P.1.D.14.d;E08.P1.D14;H;361.085608
O.E.08.P.1.G;;H;2415.875663
O.E.08.P.1.G.d;E08.P1;H;2415.875663
O.E.08.P.2;;H;2443.507283
O.E.08.P.2.D;E08.P2.D;H;1444.342432
O.E.08.P.2.D.21;;H;361.085608
O.E.08.P.2.D.21.d;E08.P2.D21;H;361.085608
O.E.08.P.2.D.22;;H;361.085608
O.E.08.P.2.D.22.d;E08.P2.D22;H;361.085608
O.E.08.P.2.D.23;;H;361.085608
O.E.08.P.2.D.23.d;E08.P2.D23;H;361.085608
O.E.08.P.2.D.24;;H;361.085608
O.E.08.P.2.D.24.d;E08.P2.D24;H;361.085608
O.E.08.P.2.G;;H;2443.507283
O.E.08.P.2.G.d;E08.P2;H;2443.507283
O.E.08.P.3;;H;2082.421675
O.E.08.P.3.D;E08.P3.D;H;1083.256824
O.E.08.P.3.D.31;;H;361.085608
O.E.08.P.3.D.31.d;E08.P3.D31;H;361.085608
O.E.08.P.3.D.32;;H;361.085608
O.E.08.P.3.D.32.d;E08.P3.D32;H;361.085608
O.E.08.P.3.D.33;;H;361.085608
O.E.08.P.3.D.33.d;E08.P3.D33;H;361.085608
O.E.08.P.3.D.34;;H;361.085608
O.E.08.P.3.D.34.d;E08.P3.D34;H;361.085608
O.E.08.P.3.G;;H;2082.421675
O.E.08.P.3.G.d;E08.P3;H;2082.421675
O.E.08.P.4;;H;1805.428040
O.E.08.P.4.D;E08.P4.D;H;1805.428040
O.E.08.P.4.D.41;;H;361.085608
O.E.08.P.4.D.41.d;E08.P4.D41;H;361.085608
O.E.08.P.4.D.42;;H;361.085608
O.E.08.P.4.D.42.d;E08.P4.D42;H;361.085608
O.E.08.P.4.D.43;;H;361.085608
O.E.08.P.4.D.43.d;E08.P4.D43;H;361.085608
O.E.08.P.4.D.44;;H;361.085608
O.E.08.P.4.D.44.d;E08.P4.D44;H;361.085608
O.E.08.P.4.G;;H;2804.592891
O.E.08.P.4.G.d;E08.P4;H;2804.592891
O.E.09;;H;12803.696510
O.E.09.G;;H;12803.696510
O.E.09.G.d;E09;H;12803.696510
O.E.09.L;E09.L;H;1491.337000
O.E.09.L.1;;H;1491.337000
O.E.09.L.1.d;E09.L1;H;1491.337000
O.E.09.N;E09.N;H;768.547998
O.E.09.N.1;E09.N1;H;768.547998
O.E.09.N.1.C;E09.N1.C;H;768.547998
O.E.09.N.1.C.1;E09.N1.C1;H;128.091333
O.E.09.N.1.C.2;E09.N1.C2;H;128.091333
O.E.09.N.1.C.3;E09.N1.C3;H;128.091333
O.E.09.N.1.C.4;E09.N1.C4;H;128.091333
O.E.09.N.1.C.5;E09.N1.C5;H;128.091333
O.E.09.N.1.C.6;E09.N1.C6;H;128.091333
O.E.09.P;E09.P;H;9740.251512
O.E.09.P.1;;H;2409.729663
O.E.09.P.1.D;E09.P1.D;H;1463.913201
O.E.09.P.1.D.11;;H;361.085608
O.E.09.P.1.D.11.d;E09.P1.D11;H;361.085608
O.E.09.P.1.D.12;;H;361.085608
O.E.09.P.1.D.12.d;E09.P1.D12;H;361.085608
O.E.09.P.1.D.13;;H;380.656377
O.E.09.P.1.D.13.d;E09.P1.D13;H;380.656377
O.E.09.P.1.D.14;;H;361.085608
O.E.09.P.1.D.14.d;E09.P1.D14;H;361.085608
O.E.09.P.1.G;;H;2409.729663
O.E.09.P.1.G.d;E09.P1;H;2409.729663
O.E.09.P.2;;H;2443.507283
O.E.09.P.2.D;E09.P2.D;H;1444.342432
O.E.09.P.2.D.21;;H;361.085608
O.E.09.P.2.D.21.d;E09.P2.D21;H;361.085608
O.E.09.P.2.D.22;;H;361.085608
O.E.09.P.2.D.22.d;E09.P2.D22;H;361.085608
O.E.09.P.2.D.23;;H;361.085608
O.E.09.P.2.D.23.d;E09.P2.D23;H;361.085608
O.E.09.P.2.D.24;;H;361.085608
O.E.09.P.2.D.24.d;E09.P2.D24;H;361.085608
O.E.09.P.2.G;;H;2443.507283
O.E.09.P.2.G.d;E09.P2;H;2443.507283
O.E.09.P.3;;H;2082.421675
O.E.09.P.3.D;E09.P3.D;H;1083.256824
O.E.09.P.3.D.31;;H;361.085608
O.E.09.P.3.D.31.d;E09.P3.D31;H;361.085608
O.E.09.P.3.D.32;;H;361.085608
O.E.09.P.3.D.32.d;E09.P3.D32;H;361.085608
O.E.09.P.3.D.33;;H;361.085608
O.E.09.P.3.D.33.d;E09.P3.D33;H;361.085608
O.E.09.P.3.D.34;;H;361.085608
O.E.09.P.3.D.34.d;E09.P3.D34;H;361.085608
O.E.09.P.3.G;;H;2082.421675
O.E.09.P.3.G.d;E09.P3;H;2082.421675
O.E.09.P.4;;H;1805.428040
O.E.09.P.4.D;E09.P4.D;H;1805.428040
O.E.09.P.4.D.41;;H;361.085608
O.E.09.P.4.D.41.d;E09.P4.D41;H;361.085608
O.E.09.P.4.D.42;;H;361.085608
O.E.09.P.4.D.42.d;E09.P4.D42;H;361.085608
O.E.09.P.4.D.43;;H;361.085608
O.E.09.P.4.D.43.d;E09.P4.D43;H;361.085608
O.E.09.P.4.D.44;;H;361.085608
O.E.09.P.4.D.44.d;E09.P4.D44;H;361.085608
O.E.09.P.4.G;;H;2804.592891
O.E.09.P.4.G.d;E09.P4;H;2804.592891
O.E.10;;H;12809.842510
O.E.10.G;;H;12809.842510
O.E.10.G.d;E10;H;12809.842510
O.E.10.L;E10.L;H;1491.337000
O.E.10.L.1;;H;1491.337000
O.E.10.L.1.d;E10.L1;H;1491.337000
O.E.10.N;E10.N;H;768.547998
O.E.10.N.1;E10.N1;H;768.547998
O.E.10.N.1.C;E10.N1.C;H;768.547998
O.E.10.N.1.C.1;E10.N1.C1;H;128.091333
O.E.10.N.1.C.2;E10.N1.C2;H;128.091333
O.E.10.N.1.C.3;E10.N1.C3;H;128.091333
O.E.10.N.1.C.4;E10.N1.C4;H;128.091333
O.E.10.N.1.C.5;E10.N1.C5;H;128.091333
O.E.10.N.1.C.6;E10.N1.C6;H;128.091333
O.E.10.P;E10.P;H;9746.397512
O.E.10.P.1;;H;2415.875663
O.E.10.P.1.D;E10.P1.D;H;1470.059201
O.E.10.P.1.D.11;;H;361.085608
O.E.10.P.1.D.11.d;E10.P1.D11;H;361.085608
O.E.10.P.1.D.12;;H;361.085608
O.E.10.P.1.D.12.d;E10.P1.D12;H;361.085608
O.E.10.P.1.D.13;;H;386.802377
O.E.10.P.1.D.13.d;E10.P1.D13;H;386.802377
O.E.10.P.1.D.14;;H;361.085608
O.E.10.P.1.D.14.d;E10.P1.D14;H;361.085608
O.E.10.P.1.G;;H;2415.875663
O.E.10.P.1.G.d;E10.P1;H;2415.875663
O.E.10.P.2;;H;2443.507283
O.E.10.P.2.D;E10.P2.D;H;1444.342432
O.E.10.P.2.D.21;;H;361.085608
O.E.10.P.2.D.21.d;E10.P2.D21;H;361.085608
O.E.10.P.2.D.22;;H;361.085608
O.E.10.P.2.D.22.d;E10.P2.D22;H;361.085608
O.E.10.P.2.D.23;;H;361.085608
O.E.10.P.2.D.23.d;E10.P2.D23;H;361.085608
O.E.10.P.2.D.24;;H;361.085608
O.E.10.P.2.D.24.d;E10.P2.D24;H;361.085608
O.E.10.P.2.G;;H;2443.507283
O.E.10.P.2.G.d;E10.P2;H;2443.507283
O.E.10.P.3;;H;2082.421675
O.E.10.P.3.D;E10.P3.D;H;1083.256824
O.E.10.P.3.D.31;;H;361.085608
O.E.10.P.3.D.31.d;E10.P3.D31;H;361.085608
O.E.10.P.3.D.32;;H;361.085608
O.E.10.P.3.D.32.d;E10.P3.D32;H;361.085608
O.E.10.P.3.D.33;;H;361.085608
O.E.10.P.3.D.33.d;E10.P3.D33;H;361.085608
O.E.10.P.3.D.34;;H;361.085608
O.E.10.P.3.D.34.d;E10.P3.D34;H;361.085608
O.E.10.P.3.G;;H;2082.421675
O.E.10.P.3.G.d;E10.P3;H;2082.421675
O.E.10.P.4;;H;1805.428040
O.E.10.P.4.D;E10.P4.D;H;1805.428040
O.E.10.P.4.D.41;;H;361.085608
O.E.10.P.4.D.41.d;E10.P4.D41;H;361.085608
O.E.10.P.4.D.42;;H;361.085608
O.E.10.P.4.D.42.d;E10.P4.D42;H;361.085608
O.E.10.P.4.D.43;;H;361.085608
O.E.10.P.4.D.43.d;E10.P4.D43;H;361.085608
O.E.10.P.4.D.44;;H;361.085608
O.E.10.P.4.D.44.d;E10.P4.D44;H;361.085608
O.E.10.P.4.G;;H;2804.592891
O.E.10.P.4.G.d;E10.P4;H;2804.592891
O.E.11;;H;12803.696510
O.E.11.G;;H;12803.696510
O.E.11.G.d;E11;H;12803.696510
O.E.11.L;E11.L;H;1491.337000
O.E.11.L.1;;H;1491.337000
O.E.11.L.1.d;E11.L1;H;1491.337000
O.E.11.N;E11.N;H;768.547998
O.E.11.N.1;E11.N1;H;768.547998
O.E.11.N.1.C;E11.N1.C;H;768.547998
O.E.11.N.1.C.1;E11.N1.C1;H;128.091333
O.E.11.N.1.C.2;E11.N1.C2;H;128.091333
O.E.11.N.1.C.3;E11.N1.C3;H;128.091333
O.E.11.N.1.C.4;E11.N1.C4;H;128.091333
O.E.11.N.1.C.5;E11.N1.C5;H;128.091333
O.E.11.N.1.C.6;E11.N1.C6;H;128.091333
O.E.11.P;E11.P;H;9740.251512
O.E.11.P.1;;H;2409.729663
O.E.11.P.1.D;E11.P1.D;H;1463.913201
O.E.11.P.1.D.11;;H;361.085608
O.E.11.P.1.D.11.d;E11.P1.D11;H;361.085608
O.E.11.P.1.D.12;;H;361.085608
O.E.11.P.1.D.12.d;E11.P1.D12;H;361.085608
O.E.11.P.1.D.13;;H;380.656377
O.E.11.P.1.D.13.d;E11.P1.D13;H;380.656377
O.E.11.P.1.D.14;;H;361.085608
O.E.11.P.1.D.14.d;E11.P1.D14;H;361.085608
O.E.11.P.1.G;;H;2409.729663
O.E.11.P.1.G.d;E11.P1;H;2409.729663
O.E.11.P.2;;H;2443.507283
O.E.11.P.2.D;E11.P2.D;H;1444.342432
O.E.11.P.2.D.21;;H;361.085608
O.E.11.P.2.D.21.d;E11.P2.D21;H;361.085608
O.E.11.P.2.D.22;;H;361.085608
O.E.11.P.2.D.22.d;E11.P2.D22;H;361.085608
O.E.11.P.2.D.23;;H;361.085608
O.E.11.P.2.D.23.d;E11.P2.D23;H;361.085608
O.E.11.P.2.D.24;;H;361.085608
O.E.11.P.2.D.24.d;E11.P2.D24;H;361.085608
O.E.11.P.2.G;;H;2443.507283
O.E.11.P.2.G.d;E11.P2;H;2443.507283
O.E.11.P.3;;H;2082.421675
O.E.11.P.3.D;E11.P3.D;H;1083.256824
O.E.11.P.3.D.31;;H;361.085608
O.E.11.P.3.D.31.d;E11.P3.D31;H;361.085608
O.E.11.P.3.D.32;;H;361.085608
O.E.11.P.3.D.32.d;E11.P3.D32;H;361.085608
O.E.11.P.3.D.33;;H;361.085608
O.E.11.P.3.D.33.d;E11.P3.D33;H;361.085608
O.E.11.P.3.D.34;;H;361.085608
O.E.11.P.3.D.34.d;E11.P3.D34;H;361.085608
O.E.11.P.3.G;;H;2082.421675
O.E.11.P.3.G.d;E11.P3;H;2082.421675
O.E.11.P.4;;H;1805.428040
O.E.11.P.4.D;E11.P4.D;H;1805.428040
O.E.11.P.4.D.41;;H;361.085608
O.E.11.P.4.D.41.d;E11.P4.D41;H;361.085608
O.E.11.P.4.D.42;;H;361.085608
O.E.11.P.4.D.42.d;E11.P4.D42;H;361.085608
O.E.11.P.4.D.43;;H;361.085608
O.E.11.P.4.D.43.d;E11.P4.D43;H;361.085608
O.E.11.P.4.D.44;;H;361.085608
O.E.11.P.4.D.44.d;E11.P4.D44;H;361.085608
O.E.11.P.4.G;;H;2804.592891
O.E.11.P.4.G.d;E11.P4;H;2804.592891
O.E.12;;H;12803.696510
O.E.12.G;;H;12803.696510
O.E.12.G.d;E12;H;12803.696510
O.E.12.L;E12.L;H;1491.337000
O.E.12.L.1;;H;1491.337000
O.E.12.L.1.d;E12.L1;H;1491.337000
O.E.12.N;E12.N;H;768.547998
O.E.12.N.1;E12.N1;H;768.547998
O.E.12.N.1.C;E12.N1.C;H;768.547998
O.E.12.N.1.C.1;E12.N1.C1;H;128.091333
O.E.12.N.1.C.2;E12.N1.C2;H;128.091333
O.E.12.N.1.C.3;E12.N1.C3;H;128.091333
O.E.12.N.1.C.4;E12.N1.C4;H;128.091333
O.E.12.N.1.C.5;E12.N1.C5;H;128.091333
O.E.12.N.1.C.6;E12.N1.C6;H;128.091333
O.E.12.P;E12.P;H;9740.251512
O.E.12.P.1;;H;2409.729663
O.E.12.P.1.D;E12.P1.D;H;1463.913201
O.E.12.P.1.D.11;;H;361.085608
O.E.12.P.1.D.11.d;E12.P1.D11;H;361.085608
O.E.12.P.1.D.12;;H;361.085608
O.E.12.P.1.D.12.d;E12.P1.D12;H;361.085608
O.E.12.P.1.D.13;;H;380.656377
O.E.12.P.1.D.13.d;E12.P1.D13;H;380.656377
O.E.12.P.1.D.14;;H;361.085608
O.E.12.P.1.D.14.d;E12.P1.D14;H;361.085608
O.E.12.P.1.G;;H;2409.729663
O.E.12.P.1.G.d;E12.P1;H;2409.729663
O.E.12.P.2;;H;2443.507283
O.E.12.P.2.D;E12.P2.D;H;1444.342432
O.E.12.P.2.D.21;;H;361.085608
O.E.12.P.2.D.21.d;E12.P2.D21;H;361.085608
O.E.12.P.2.D.22;;H;361.085608
O.E.12.P.2.D.22.d;E12.P2.D22;H;361.085608
O.E.12.P.2.D.23;;H;361.085608
O.E.12.P.2.D.23.d;E12.P2.D23;H;361.085608
O.E.12.P.2.D.24;;H;361.085608
O.E.12.P.2.D.24.d;E12.P2.D24;H;361.085608
O.E.12.P.2.G;;H;2443.507283
O.E.12.P.2.G.d;E12.P2;H;2443.507283
O.E.12.P.3;;H;2082.421675
O.E.12.P.3.D;E12.P3.D;H;1083.256824
O.E.12.P.3.D.31;;H;361.085608
O.E.12.P.3.D.31.d;E12.P3.D31;H;361.085608
O.E.12.P.3.D.32;;H;361.085608
O.E.12.P.3.D.32.d;E12.P3.D32;H;361.085608
O.E.12.P.3.D.33;;H;361.085608
O.E.12.P.3.D.33.d;E12.P3.D33;H;361.085608
O.E.12.P.3.D.34;;H;361.085608
O.E.12.P.3.D.34.d;E12.P3.D34;H;361.085608
O.E.12.P.3.G;;H;2082.421675
O.E.12.P.3.G.d;E12.P3;H;2082.421675
O.E.12.P.4;;H;1805.428040
O.E.12.P.4.D;E12.P4.D;H;1805.428040
O.E.12.P.4.D.41;;H;361.085608
O.E.12.P.4.D.41.d;E12.P4.D41;H;361.085608
O.E.12.P.4.D.42;;H;361.085608
O.E.12.P.4.D.42.d;E12.P4.D42;H;361.085608
O.E.12.P.4.D.43;;H;361.085608
O.E.12.P.4.D.43.d;E12.P4.D43;H;361.085608
O.E.12.P.4.D.44;;H;361.085608
O.E.12.P.4.D.44.d;E12.P4.D44;H;361.085608
O.E.12.P.4.G;;H;2804.592891
O.E.12.P.4.G.d;E12.P4;H;2804.592891
O.E.13;;H;12803.696510
O.E.13.G;;H;12803.696510
O.E.13.G.d;E13;H;12803.696510
O.E.13.L;E13.L;H;1491.337000
O.E.13.L.1;;H;1491.337000
O.E.13.L.1.d;E13.L1;H;1491.337000
O.E.13.N;E13.N;H;768.547998
O.E.13.N.1;E13.N1;H;768.547998
O.E.13.N.1.C;E13.N1.C;H;768.547998
O.E.13.N.1.C.1;E13.N1.C1;H;128.091333
O.E.13.N.1.C.2;E13.N1.C2;H;128.091333
O.E.13.N.1.C.3;E13.N1.C3;H;128.091333
O.E.13.N.1.C.4;E13.N1.C4;H;128.091333
O.E.13.N.1.C.5;E13.N1.C5;H;128.091333
O.E.13.N.1.C.6;E13.N1.C6;H;128.091333
O.E.13.P;E13.P;H;9740.251512
O.E.13.P.1;;H;2409.729663
O.E.13.P.1.D;E13.P1.D;H;1463.913201
O.E.13.P.1.D.11;;H;361.085608
O.E.13.P.1.D.11.d;E13.P1.D11;H;361.085608
O.E.13.P.1.D.12;;H;361.085608
O.E.13.P.1.D.12.d;E13.P1.D12;H;361.085608
O.E.13.P.1.D.13;;H;380.656377
O.E.13.P.1.D.13.d;E13.P1.D13;H;380.656377
O.E.13.P.1.D.14;;H;361.085608
O.E.13.P.1.D.14.d;E13.P1.D14;H;361.085608
O.E.13.P.1.G;;H;2409.729663
O.E.13.P.1.G.d;E13.P1;H;2409.729663
O.E.13.P.2;;H;2443.507283
O.E.13.P.2.D;E13.P2.D;H;1444.342432
O.E.13.P.2.D.21;;H;361.085608
O.E.13.P.2.D.21.d;E13.P2.D21;H;361.085608
O.E.13.P.2.D.22;;H;361.085608
O.E.13.P.2.D.22.d;E13.P2.D22;H;361.085608
O.E.13.P.2.D.23;;H;361.085608
O.E.13.P.2.D.23.d;E13.P2.D23;H;361.085608
O.E.13.P.2.D.24;;H;361.085608
O.E.13.P.2.D.24.d;E13.P2.D24;H;361.085608
O.E.13.P.2.G;;H;2443.507283
O.E.13.P.2.G.d;E13.P2;H;2443.507283
O.E.13.P.3;;H;2082.421675
O.E.13.P.3.D;E13.P3.D;H;1083.256824
O.E.13.P.3.D.31;;H;361.085608
O.E.13.P.3.D.31.d;E13.P3.D31;H;361.085608
O.E.13.P.3.D.32;;H;361.085608
O.E.13.P.3.D.32.d;E13.P3.D32;H;361.085608
O.E.13.P.3.D.33;;H;361.085608
O.E.13.P.3.D.33.d;E13.P3.D33;H;361.085608
O.E.13.P.3.D.34;;H;361.085608
O.E.13.P.3.D.34.d;E13.P3.D34;H;361.085608
O.E.13.P.3.G;;H;2082.421675
O.E.13.P.3.G.d;E13.P3;H;2082.421675
O.E.13.P.4;;H;1805.428040
O.E.13.P.4.D;E13.P4.D;H;1805.428040
O.E.13.P.4.D.41;;H;361.085608
O.E.13.P.4.D.41.d;E13.P4.D41;H;361.085608
O.E.13.P.4.D.42;;H;361.085608
O.E.13.P.4.D.42.d;E13.P4.D42;H;361.085608
O.E.13.P.4.D.43;;H;361.085608
O.E.13.P.4.D.43.d;E13.P4.D43;H;361.085608
O.E.13.P.4.D.44;;H;361.085608
O.E.13.P.4.D.44.d;E13.P4.D44;H;361.085608
O.E.13.P.4.G;;H;2804.592891
O.E.13.P.4.G.d;E13.P4;H;2804.592891
O.E.14;;H;14041.140881
O.E.14.G;;H;14041.140881
O.E.14.G.d;E14;H;14041.140881
O.E.14.L;E14.L;H;1491.337000
O.E.14.L.0;;H;745.668500
O.E.14.L.0.d;E14.L0;H;745.668500
O.E.14.L.1;;H;745.668500
O.E.14.L.1.d;E14.L1;H;745.668500
O.E.14.N;E14.N;H;768.548004
O.E.14.N.0;E14.N0;H;384.274002
O.E.14.N.0.C;E14.N0.C;H;384.274002
O.E.14.N.0.C.1;E14.N0.C1;H;64.045667
O.E.14.N.0.C.2;E14.N0.C2;H;64.045667
O.E.14.N.0.C.3;E14.N0.C3;H;64.045667
O.E.14.N.0.C.4;E14.N0.C4;H;64.045667
O.E.14.N.0.C.5;E14.N0.C5;H;64.045667
O.E.14.N.0.C.6;E14.N0.C6;H;64.045667
O.E.14.N.1;E14.N1;H;384.274002
O.E.14.N.1.C;E14.N1.C;H;384.274002
O.E.14.N.1.C.1;E14.N1.C1;H;64.045667
O.E.14.N.1.C.2;E14.N1.C2;H;64.045667
O.E.14.N.1.C.3;E14.N1.C3;H;64.045667
O.E.14.N.1.C.4;E14.N1.C4;H;64.045667
O.E.14.N.1.C.5;E14.N1.C5;H;64.045667
O.E.14.N.1.C.6;E14.N1.C6;H;64.045667
O.E.14.P;E14.P;H;10977.695877
O.E.14.P.0;;H;1237.444365
O.E.14.P.0.D;E14.P0.D;H;722.171216
O.E.14.P.0.D.01;;H;361.085608
O.E.14.P.0.D.01.d;E14.P0.D01;H;361.085608
O.E.14.P.0.D.02;;H;361.085608
O.E.14.P.0.D.02.d;E14.P0.D02;H;361.085608
O.E.14.P.0.G;;H;1237.444365
O.E.14.P.0.G.d;E14.P0;H;1237.444365
O.E.14.P.1;;H;2409.729663
O.E.14.P.1.D;E14.P1.D;H;1463.913201
O.E.14.P.1.D.11;;H;361.085608
O.E.14.P.1.D.11.d;E14.P1.D11;H;361.085608
O.E.14.P.1.D.12;;H;361.085608
O.E.14.P.1.D.12.d;E14.P1.D12;H;361.085608
O.E.14.P.1.D.13;;H;380.656377
O.E.14.P.1.D.13.d;E14.P1.D13;H;380.656377
O.E.14.P.1.D.14;;H;361.085608
O.E.14.P.1.D.14.d;E14.P1.D14;H;361.085608
O.E.14.P.1.G;;H;2409.729663
O.E.14.P.1.G.d;E14.P1;H;2409.729663
O.E.14.P.2;;H;2443.507283
O.E.14.P.2.D;E14.P2.D;H;1444.342432
O.E.14.P.2.D.21;;H;361.085608
O.E.14.P.2.D.21.d;E14.P2.D21;H;361.085608
O.E.14.P.2.D.22;;H;361.085608
O.E.14.P.2.D.22.d;E14.P2.D22;H;361.085608
O.E.14.P.2.D.23;;H;361.085608
O.E.14.P.2.D.23.d;E14.P2.D23;H;361.085608
O.E.14.P.2.D.24;;H;361.085608
O.E.14.P.2.D.24.d;E14.P2.D24;H;361.085608
O.E.14.P.2.G;;H;2443.507283
O.E.14.P.2.G.d;E14.P2;H;2443.507283
O.E.14.P.3;;H;2082.421675
O.E.14.P.3.D;E14.P3.D;H;1083.256824
O.E.14.P.3.D.31;;H;361.085608
O.E.14.P.3.D.31.d;E14.P3.D31;H;361.085608
O.E.14.P.3.D.32;;H;361.085608
O.E.14.P.3.D.32.d;E14.P3.D32;H;361.085608
O.E.14.P.3.D.33;;H;361.085608
O.E.14.P.3.D.33.d;E14.P3.D33;H;361.085608
O.E.14.P.3.D.34;;H;361.085608
O.E.14.P.3.D.34.d;E14.P3.D34;H;361.085608
O.E.14.P.3.G;;H;2082.421675
O.E.14.P.3.G.d;E14.P3;H;2082.421675
O.E.14.P.4;;H;2804.592891
O.E.14.P.4.D;E14.P4.D;H;1805.428040
O.E.14.P.4.D.41;;H;361.085608
O.E.14.P.4.D.41.d;E14.P4.D41;H;361.085608
O.E.14.P.4.D.42;;H;361.085608
O.E.14.P.4.D.42.d;E14.P4.D42;H;361.085608
O.E.14.P.4.D.43;;H;361.085608
O.E.14.P.4.D.43.d;E14.P4.D43;H;361.085608
O.E.14.P.4.D.44;;H;361.085608
O.E.14.P.4.D.44.d;E14.P4.D44;H;361.085608
O.E.14.P.4.G;;H;2804.592891
O.E.14.P.4.G.d;E14.P4;H;2804.592891
O.E.15;;H;14041.140881
O.E.15.G;;H;14041.140881
O.E.15.G.d;E15;H;14041.140881
O.E.15.L;E15.L;H;1491.337000
O.E.15.L.0;;H;745.668500
O.E.15.L.0.d;E15.L0;H;745.668500
O.E.15.L.1;;H;745.668500
O.E.15.L.1.d;E15.L1;H;745.668500
O.E.15.N;E15.N;H;768.548004
O.E.15.N.0;E15.N0;H;384.274002
O.E.15.N.0.C;E15.N0.C;H;384.274002
O.E.15.N.0.C.1;E15.N0.C1;H;64.045667
O.E.15.N.0.C.2;E15.N0.C2;H;64.045667
O.E.15.N.0.C.3;E15.N0.C3;H;64.045667
O.E.15.N.0.C.4;E15.N0.C4;H;64.045667
O.E.15.N.0.C.5;E15.N0.C5;H;64.045667
O.E.15.N.0.C.6;E15.N0.C6;H;64.045667
O.E.15.N.1;E15.N1;H;384.274002
O.E.15.N.1.C;E15.N1.C;H;384.274002
O.E.15.N.1.C.1;E15.N1.C1;H;64.045667
O.E.15.N.1.C.2;E15.N1.C2;H;64.045667
O.E.15.N.1.C.3;E15.N1.C3;H;64.045667
O.E.15.N.1.C.4;E15.N1.C4;H;64.045667
O.E.15.N.1.C.5;E15.N1.C5;H;64.045667
O.E.15.N.1.C.6;E15.N1.C6;H;64.045667
O.E.15.P;E15.P;H;10977.695877
O.E.15.P.0;;H;1237.444365
O.E.15.P.0.D;E15.P0.D;H;722.171216
O.E.15.P.0.D.01;;H;361.085608
O.E.15.P.0.D.01.d;E15.P0.D01;H;361.085608
O.E.15.P.0.D.02;;H;361.085608
O.E.15.P.0.D.02.d;E15.P0.D02;H;361.085608
O.E.15.P.0.G;;H;1237.444365
O.E.15.P.0.G.d;E15.P0;H;1237.444365
O.E.15.P.1;;H;2409.729663
O.E.15.P.1.D;E15.P1.D;H;1463.913201
O.E.15.P.1.D.11;;H;361.085608
O.E.15.P.1.D.11.d;E15.P1.D11;H;361.085608
O.E.15.P.1.D.12;;H;361.085608
O.E.15.P.1.D.12.d;E15.P1.D12;H;361.085608
O.E.15.P.1.D.13;;H;380.656377
O.E.15.P.1.D.13.d;E15.P1.D13;H;380.656377
O.E.15.P.1.D.14;;H;361.085608
O.E.15.P.1.D.14.d;E15.P1.D14;H;361.085608
O.E.15.P.1.G;;H;2409.729663
O.E.15.P.1.G.d;E15.P1;H;2409.729663
O.E.15.P.2;;H;2443.507283
O.E.15.P.2.D;E15.P2.D;H;1444.342432
O.E.15.P.2.D.21;;H;361.085608
O.E.15.P.2.D.21.d;E15.P2.D21;H;361.085608
O.E.15.P.2.D.22;;H;361.085608
O.E.15.P.2.D.22.d;E15.P2.D22;H;361.085608
O.E.15.P.2.D.23;;H;361.085608
O.E.15.P.2.D.23.d;E15.P2.D23;H;361.085608
O.E.15.P.2.D.24;;H;361.085608
O.E.15.P.2.D.24.d;E15.P2.D24;H;361.085608
O.E.15.P.2.G;;H;2443.507283
O.E.15.P.2.G.d;E15.P2;H;2443.507283
O.E.15.P.3;;H;2082.421675
O.E.15.P.3.D;E15.P3.D;H;1083.256824
O.E.15.P.3.D.31;;H;361.085608
O.E.15.P.3.D.31.d;E15.P3.D31;H;361.085608
O.E.15.P.3.D.32;;H;361.085608
O.E.15.P.3.D.32.d;E15.P3.D32;H;361.085608
O.E.15.P.3.D.33;;H;361.085608
O.E.15.P.3.D.33.d;E15.P3.D33;H;361.085608
O.E.15.P.3.D.34;;H;361.085608
O.E.15.P.3.D.34.d;E15.P3.D34;H;361.085608
O.E.15.P.3.G;;H;2082.421675
O.E.15.P.3.G.d;E15.P3;H;2082.421675
O.E.15.P.4;;H;2804.592891
O.E.15.P.4.D;E15.P4.D;H;1805.428040
O.E.15.P.4.D.41;;H;361.085608
O.E.15.P.4.D.41.d;E15.P4.D41;H;361.085608
O.E.15.P.4.D.42;;H;361.085608
O.E.15.P.4.D.42.d;E15.P4.D42;H;361.085608
O.E.15.P.4.D.43;;H;361.085608
O.E.15.P.4.D.43.d;E15.P4.D43;H;361.085608
O.E.15.P.4.D.44;;H;361.085608
O.E.15.P.4.D.44.d;E15.P4.D44;H;361.085608
O.E.15.P.4.G;;H;2804.592891
O.E.15.P.4.G.d;E15.P4;H;2804.592891
O.E.16;;H;14021.570112
O.E.16.G;;H;14021.570112
O.E.16.G.d;E16;H;14021.570112
O.E.16.L;E16.L;H;1491.337000
O.E.16.L.0;;H;745.668500
O.E.16.L.0.d;E16.L0;H;745.668500
O.E.16.L.1;;H;745.668500
O.E.16.L.1.d;E16.L1;H;745.668500
O.E.16.N;E16.N;H;768.548004
O.E.16.N.0;E16.N0;H;384.274002
O.E.16.N.0.C;E16.N0.C;H;384.274002
O.E.16.N.0.C.1;E16.N0.C1;H;64.045667
O.E.16.N.0.C.2;E16.N0.C2;H;64.045667
O.E.16.N.0.C.3;E16.N0.C3;H;64.045667
O.E.16.N.0.C.4;E16.N0.C4;H;64.045667
O.E.16.N.0.C.5;E16.N0.C5;H;64.045667
O.E.16.N.0.C.6;E16.N0.C6;H;64.045667
O.E.16.N.1;E16.N1;H;384.274002
O.E.16.N.1.C;E16.N1.C;H;384.274002
O.E.16.N.1.C.1;E16.N1.C1;H;64.045667
O.E.16.N.1.C.2;E16.N1.C2;H;64.045667
O.E.16.N.1.C.3;E16.N1.C3;H;64.045667
O.E.16.N.1.C.4;E16.N1.C4;H;64.045667
O.E.16.N.1.C.5;E16.N1.C5;H;64.045667
O.E.16.N.1.C.6;E16.N1.C6;H;64.045667
O.E.16.P;E16.P;H;10958.125108
O.E.16.P.0;;H;1237.444365
O.E.16.P.0.D;E16.P0.D;H;722.171216
O.E.16.P.0.D.01;;H;361.085608
O.E.16.P.0.D.01.d;E16.P0.D01;H;361.085608
O.E.16.P.0.D.02;;H;361.085608
O.E.16.P.0.D.02.d;E16.P0.D02;H;361.085608
O.E.16.P.0.G;;H;1237.444365
O.E.16.P.0.G.d;E16.P0;H;1237.444365
O.E.16.P.1;;H;2390.158894
O.E.16.P.1.D;E16.P1.D;H;1444.342432
O.E.16.P.1.D.11;;H;361.085608
O.E.16.P.1.D.11.d;E16.P1.D11;H;361.085608
O.E.16.P.1.D.12;;H;361.085608
O.E.16.P.1.D.12.d;E16.P1.D12;H;361.085608
O.E.16.P.1.D.13;;H;361.085608
O.E.16.P.1.D.13.d;E16.P1.D13;H;361.085608
O.E.16.P.1.D.14;;H;361.085608
O.E.16.P.1.D.14.d;E16.P1.D14;H;361.085608
O.E.16.P.1.G;;H;2390.158894
O.E.16.P.1.G.d;E16.P1;H;2390.158894
O.E.16.P.2;;H;2443.507283
O.E.16.P.2.D;E16.P2.D;H;1444.342432
O.E.16.P.2.D.21;;H;361.085608
O.E.16.P.2.D.21.d;E16.P2.D21;H;361.085608
O.E.16.P.2.D.22;;H;361.085608
O.E.16.P.2.D.22.d;E16.P2.D22;H;361.085608
O.E.16.P.2.D.23;;H;361.085608
O.E.16.P.2.D.23.d;E16.P2.D23;H;361.085608
O.E.16.P.2.D.24;;H;361.085608
O.E.16.P.2.D.24.d;E16.P2.D24;H;361.085608
O.E.16.P.2.G;;H;2443.507283
O.E.16.P.2.G.d;E16.P2;H;2443.507283
O.E.16.P.3;;H;2082.421675
O.E.16.P.3.D;E16.P3.D;H;1083.256824
O.E.16.P.3.D.31;;H;361.085608
O.E.16.P.3.D.31.d;E16.P3.D31;H;361.085608
O.E.16.P.3.D.32;;H;361.085608
O.E.16.P.3.D.32.d;E16.P3.D32;H;361.085608
O.E.16.P.3.D.33;;H;361.085608
O.E.16.P.3.D.33.d;E16.P3.D33;H;361.085608
O.E.16.P.3.D.34;;H;361.085608
O.E.16.P.3.D.34.d;E16.P3.D34;H;361.085608
O.E.16.P.3.G;;H;2082.421675
O.E.16.P.3.G.d;E16.P3;H;2082.421675
O.E.16.P.4;;H;2804.592891
O.E.16.P.4.D;E16.P4.D;H;1805.428040
O.E.16.P.4.D.41;;H;361.085608
O.E.16.P.4.D.41.d;E16.P4.D41;H;361.085608
O.E.16.P.4.D.42;;H;361.085608
O.E.16.P.4.D.42.d;E16.P4.D42;H;361.085608
O.E.16.P.4.D.43;;H;361.085608
O.E.16.P.4.D.43.d;E16.P4.D43;H;361.085608
O.E.16.P.4.D.44;;H;361.085608
O.E.16.P.4.D.44.d;E16.P4.D44;H;361.085608
O.E.16.P.4.G;;H;2804.592891
O.E.16.P.4.G.d;E16.P4;H;2804.592891
O.E.17;;H;14021.570112
O.E.17.G;;H;14021.570112
O.E.17.G.d;E17;H;14021.570112
O.E.17.L;E17.L;H;1491.337000
O.E.17.L.0;;H;745.668500
O.E.17.L.0.d;E17.L0;H;745.668500
O.E.17.L.1;;H;745.668500
O.E.17.L.1.d;E17.L1;H;745.668500
O.E.17.N;E17.N;H;768.548004
O.E.17.N.0;E17.N0;H;384.274002
O.E.17.N.0.C;E17.N0.C;H;384.274002
O.E.17.N.0.C.1;E17.N0.C1;H;64.045667
O.E.17.N.0.C.2;E17.N0.C2;H;64.045667
O.E.17.N.0.C.3;E17.N0.C3;H;64.045667
O.E.17.N.0.C.4;E17.N0.C4;H;64.045667
O.E.17.N.0.C.5;E17.N0.C5;H;64.045667
O.E.17.N.0.C.6;E17.N0.C6;H;64.045667
O.E.17.N.1;E17.N1;H;384.274002
O.E.17.N.1.C;E17.N1.C;H;384.274002
O.E.17.N.1.C.1;E17.N1.C1;H;64.045667
O.E.17.N.1.C.2;E17.N1.C2;H;64.045667
O.E.17.N.1.C.3;E17.N1.C3;H;64.045667
O.E.17.N.1.C.4;E17.N1.C4;H;64.045667
O.E.17.N.1.C.5;E17.N1.C5;H;64.045667
O.E.17.N.1.C.6;E17.N1.C6;H;64.045667
O.E.17.P;E17.P;H;10958.125108
O.E.17.P.0;;H;1237.444365
O.E.17.P.0.D;E17.P0.D;H;722.171216
O.E.17.P.0.D.01;;H;361.085608
O.E.17.P.0.D.01.d;E17.P0.D01;H;361.085608
O.E.17.P.0.D.02;;H;361.085608
O.E.17.P.0.D.02.d;E17.P0.D02;H;361.085608
O.E.17.P.0.G;;H;1237.444365
O.E.17.P.0.G.d;E17.P0;H;1237.444365
O.E.17.P.1;;H;2390.158894
O.E.17.P.1.D;E17.P1.D;H;1444.342432
O.E.17.P.1.D.11;;H;361.085608
O.E.17.P.1.D.11.d;E17.P1.D11;H;361.085608
O.E.17.P.1.D.12;;H;361.085608
O.E.17.P.1.D.12.d;E17.P1.D12;H;361.085608
O.E.17.P.1.D.13;;H;361.085608
O.E.17.P.1.D.13.d;E17.P1.D13;H;361.085608
O.E.17.P.1.D.14;;H;361.085608
O.E.17.P.1.D.14.d;E17.P1.D14;H;361.085608
O.E.17.P.1.G;;H;2390.158894
O.E.17.P.1.G.d;E17.P1;H;2390.158894
O.E.17.P.2;;H;2443.507283
O.E.17.P.2.D;E17.P2.D;H;1444.342432
O.E.17.P.2.D.21;;H;361.085608
O.E.17.P.2.D.21.d;E17.P2.D21;H;361.085608
O.E.17.P.2.D.22;;H;361.085608
O.E.17.P.2.D.22.d;E17.P2.D22;H;361.085608
O.E.17.P.2.D.23;;H;361.085608
O.E.17.P.2.D.23.d;E17.P2.D23;H;361.085608
O.E.17.P.2.D.24;;H;361.085608
O.E.17.P.2.D.24.d;E17.P2.D24;H;361.085608
O.E.17.P.2.G;;H;2443.507283
O.E.17.P.2.G.d;E17.P2;H;2443.507283
O.E.17.P.3;;H;2082.421675
O.E.17.P.3.D;E17.P3.D;H;1083.256824
O.E.17.P.3.D.31;;H;361.085608
O.E.17.P.3.D.31.d;E17.P3.D31;H;361.085608
O.E.17.P.3.D.32;;H;361.085608
O.E.17.P.3.D.32.d;E17.P3.D32;H;361.085608
O.E.17.P.3.D.33;;H;361.085608
O.E.17.P.3.D.33.d;E17.P3.D33;H;361.085608
O.E.17.P.3.D.34;;H;361.085608
O.E.17.P.3.D.34.d;E17.P3.D34;H;361.085608
O.E.17.P.3.G;;H;2082.421675
O.E.17.P.3.G.d;E17.P3;H;2082.421675
O.E.17.P.4;;H;2804.592891
O.E.17.P.4.D;E17.P4.D;H;1805.428040
O.E.17.P.4.D.41;;H;361.085608
O.E.17.P.4.D.41.d;E17.P4.D41;H;361.085608
O.E.17.P.4.D.42;;H;361.085608
O.E.17.P.4.D.42.d;E17.P4.D42;H;361.085608
O.E.17.P.4.D.43;;H;361.085608
O.E.17.P.4.D.43.d;E17.P4.D43;H;361.085608
O.E.17.P.4.D.44;;H;361.085608
O.E.17.P.4.D.44.d;E17.P4.D44;H;361.085608
O.E.17.P.4.G;;H;2804.592891
O.E.17.P.4.G.d;E17.P4;H;2804.592891
O.E.18;;H;12784.125741
O.E.18.G;;H;12784.125741
O.E.18.G.d;E18;H;12784.125741
O.E.18.L;E18.L;H;1491.337000
O.E.18.L.1;;H;1491.337000
O.E.18.L.1.d;E18.L1;H;1491.337000
O.E.18.N;E18.N;H;768.547998
O.E.18.N.1;E18.N1;H;768.547998
O.E.18.N.1.C;E18.N1.C;H;768.547998
O.E.18.N.1.C.1;E18.N1.C1;H;128.091333
O.E.18.N.1.C.2;E18.N1.C2;H;128.091333
O.E.18.N.1.C.3;E18.N1.C3;H;128.091333
O.E.18.N.1.C.4;E18.N1.C4;H;128.091333
O.E.18.N.1.C.5;E18.N1.C5;H;128.091333
O.E.18.N.1.C.6;E18.N1.C6;H;128.091333
O.E.18.P;E18.P;H;9720.680743
O.E.18.P.1;;H;2390.158894
O.E.18.P.1.D;E18.P1.D;H;1444.342432
O.E.18.P.1.D.11;;H;361.085608
O.E.18.P.1.D.11.d;E18.P1.D11;H;361.085608
O.E.18.P.1.D.12;;H;361.085608
O.E.18.P.1.D.12.d;E18.P1.D12;H;361.085608
O.E.18.P.1.D.13;;H;361.085608
O.E.18.P.1.D.13.d;E18.P1.D13;H;361.085608
O.E.18.P.1.D.14;;H;361.085608
O.E.18.P.1.D.14.d;E18.P1.D14;H;361.085608
O.E.18.P.1.G;;H;2390.158894
O.E.18.P.1.G.d;E18.P1;H;2390.158894
O.E.18.P.2;;H;2443.507283
O.E.18.P.2.D;E18.P2.D;H;1444.342432
O.E.18.P.2.D.21;;H;361.085608
O.E.18.P.2.D.21.d;E18.P2.D21;H;361.085608
O.E.18.P.2.D.22;;H;361.085608
O.E.18.P.2.D.22.d;E18.P2.D22;H;361.085608
O.E.18.P.2.D.23;;H;361.085608
O.E.18.P.2.D.23.d;E18.P2.D23;H;361.085608
O.E.18.P.2.D.24;;H;361.085608
O.E.18.P.2.D.24.d;E18.P2.D24;H;361.085608
O.E.18.P.2.G;;H;2443.507283
O.E.18.P.2.G.d;E18.P2;H;2443.507283
O.E.18.P.3;;H;2082.421675
O.E.18.P.3.D;E18.P3.D;H;1083.256824
O.E.18.P.3.D.31;;H;361.085608
O.E.18.P.3.D.31.d;E18.P3.D31;H;361.085608
O.E.18.P.3.D.32;;H;361.085608
O.E.18.P.3.D.32.d;E18.P3.D32;H;361.085608
O.E.18.P.3.D.33;;H;361.085608
O.E.18.P.3.D.33.d;E18.P3.D33;H;361.085608
O.E.18.P.3.D.34;;H;361.085608
O.E.18.P.3.D.34.d;E18.P3.D34;H;361.085608
O.E.18.P.3.G;;H;2082.421675
O.E.18.P.3.G.d;E18.P3;H;2082.421675
O.E.18.P.4;;H;1805.428040
O.E.18.P.4.D;E18.P4.D;H;1805.428040
O.E.18.P.4.D.41;;H;361.085608
O.E.18.P.4.D.41.d;E18.P4.D41;H;361.085608
O.E.18.P.4.D.42;;H;361.085608
O.E.18.P.4.D.42.d;E18.P4.D42;H;361.085608
O.E.18.P.4.D.43;;H;361.085608
O.E.18.P.4.D.43.d;E18.P4.D43;H;361.085608
O.E.18.P.4.D.44;;H;361.085608
O.E.18.P.4.D.44.d;E18.P4.D44;H;361.085608
O.E.18.P.4.G;;H;2804.592891
O.E.18.P.4.G.d;E18.P4;H;2804.592891
O.E.19;;H;12784.125741
O.E.19.G;;H;12784.125741
O.E.19.G.d;E19;H;12784.125741
O.E.19.L;E19.L;H;1491.337000
O.E.19.L.1;;H;1491.337000
O.E.19.L.1.d;E19.L1;H;1491.337000
O.E.19.N;E19.N;H;768.547998
O.E.19.N.1;E19.N1;H;768.547998
O.E.19.N.1.C;E19.N1.C;H;768.547998
O.E.19.N.1.C.1;E19.N1.C1;H;128.091333
O.E.19.N.1.C.2;E19.N1.C2;H;128.091333
O.E.19.N.1.C.3;E19.N1.C3;H;128.091333
O.E.19.N.1.C.4;E19.N1.C4;H;128.091333
O.E.19.N.1.C.5;E19.N1.C5;H;128.091333
O.E.19.N.1.C.6;E19.N1.C6;H;128.091333
O.E.19.P;E19.P;H;9720.680743
O.E.19.P.1;;H;2390.158894
O.E.19.P.1.D;E19.P1.D;H;1444.342432
O.E.19.P.1.D.11;;H;361.085608
O.E.19.P.1.D.11.d;E19.P1.D11;H;361.085608
O.E.19.P.1.D.12;;H;361.085608
O.E.19.P.1.D.12.d;E19.P1.D12;H;361.085608
O.E.19.P.1.D.13;;H;361.085608
O.E.19.P.1.D.13.d;E19.P1.D13;H;361.085608
O.E.19.P.1.D.14;;H;361.085608
O.E.19.P.1.D.14.d;E19.P1.D14;H;361.085608
O.E.19.P.1.G;;H;2390.158894
O.E.19.P.1.G.d;E19.P1;H;2390.158894
O.E.19.P.2;;H;2443.507283
O.E.19.P.2.D;E19.P2.D;H;1444.342432
O.E.19.P.2.D.21;;H;361.085608
O.E.19.P.2.D.21.d;E19.P2.D21;H;361.085608
O.E.19.P.2.D.22;;H;361.085608
O.E.19.P.2.D.22.d;E19.P2.D22;H;361.085608
O.E.19.P.2.D.23;;H;361.085608
O.E.19.P.2.D.23.d;E19.P2.D23;H;361.085608
O.E.19.P.2.D.24;;H;361.085608
O.E.19.P.2.D.24.d;E19.P2.D24;H;361.085608
O.E.19.P.2.G;;H;2443.507283
O.E.19.P.2.G.d;E19.P2;H;2443.507283
O.E.19.P.3;;H;2082.421675
O.E.19.P.3.D;E19.P3.D;H;1083.256824
O.E.19.P.3.D.31;;H;361.085608
O.E.19.P.3.D.31.d;E19.P3.D31;H;361.085608
O.E.19.P.3.D.32;;H;361.085608
O.E.19.P.3.D.32.d;E19.P3.D32;H;361.085608
O.E.19.P.3.D.33;;H;361.085608
O.E.19.P.3.D.33.d;E19.P3.D33;H;361.085608
O.E.19.P.3.D.34;;H;361.085608
O.E.19.P.3.D.34.d;E19.P3.D34;H;361.085608
O.E.19.P.3.G;;H;2082.421675
O.E.19.P.3.G.d;E19.P3;H;2082.421675
O.E.19.P.4;;H;1805.428040
O.E.19.P.4.D;E19.P4.D;H;1805.428040
O.E.19.P.4.D.41;;H;361.085608
O.E.19.P.4.D.41.d;E19.P4.D41;H;361.085608
O.E.19.P.4.D.42;;H;361.085608
O.E.19.P.4.D.42.d;E19.P4.D42;H;361.085608
O.E.19.P.4.D.43;;H;361.085608
O.E.19.P.4.D.43.d;E19.P4.D43;H;361.085608
O.E.19.P.4.D.44;;H;361.085608
O.E.19.P.4.D.44.d;E19.P4.D44;H;361.085608
O.E.19.P.4.G;;H;2804.592891
O.E.19.P.4.G.d;E19.P4;H;2804.592891
O.E.20;;H;12784.125741
O.E.20.G;;H;12784.125741
O.E.20.G.d;E20;H;12784.125741
O.E.20.L;E20.L;H;1491.337000
O.E.20.L.1;;H;1491.337000
O.E.20.L.1.d;E20.L1;H;1491.337000
O.E.20.N;E20.N;H;768.547998
O.E.20.N.1;E20.N1;H;768.547998
O.E.20.N.1.C;E20.N1.C;H;768.547998
O.E.20.N.1.C.1;E20.N1.C1;H;128.091333
O.E.20.N.1.C.2;E20.N1.C2;H;128.091333
O.E.20.N.1.C.3;E20.N1.C3;H;128.091333
O.E.20.N.1.C.4;E20.N1.C4;H;128.091333
O.E.20.N.1.C.5;E20.N1.C5;H;128.091333
O.E.20.N.1.C.6;E20.N1.C6;H;128.091333
O.E.20.P;E20.P;H;9720.680743
O.E.20.P.1;;H;2390.158894
O.E.20.P.1.D;E20.P1.D;H;1444.342432
O.E.20.P.1.D.11;;H;361.085608
O.E.20.P.1.D.11.d;E20.P1.D11;H;361.085608
O.E.20.P.1.D.12;;H;361.085608
O.E.20.P.1.D.12.d;E20.P1.D12;H;361.085608
O.E.20.P.1.D.13;;H;361.085608
O.E.20.P.1.D.13.d;E20.P1.D13;H;361.085608
O.E.20.P.1.D.14;;H;361.085608
O.E.20.P.1.D.14.d;E20.P1.D14;H;361.085608
O.E.20.P.1.G;;H;2390.158894
O.E.20.P.1.G.d;E20.P1;H;2390.158894
O.E.20.P.2;;H;2443.507283
O.E.20.P.2.D;E20.P2.D;H;1444.342432
O.E.20.P.2.D.21;;H;361.085608
O.E.20.P.2.D.21.d;E20.P2.D21;H;361.085608
O.E.20.P.2.D.22;;H;361.085608
O.E.20.P.2.D.22.d;E20.P2.D22;H;361.085608
O.E.20.P.2.D.23;;H;361.085608
O.E.20.P.2.D.23.d;E20.P2.D23;H;361.085608
O.E.20.P.2.D.24;;H;361.085608
O.E.20.P.2.D.24.d;E20.P2.D24;H;361.085608
O.E.20.P.2.G;;H;2443.507283
O.E.20.P.2.G.d;E20.P2;H;2443.507283
O.E.20.P.3;;H;2082.421675
O.E.20.P.3.D;E20.P3.D;H;1083.256824
O.E.20.P.3.D.31;;H;361.085608
O.E.20.P.3.D.31.d;E20.P3.D31;H;361.085608
O.E.20.P.3.D.32;;H;361.085608
O.E.20.P.3.D.32.d;E20.P3.D32;H;361.085608
O.E.20.P.3.D.33;;H;361.085608
O.E.20.P.3.D.33.d;E20.P3.D33;H;361.085608
O.E.20.P.3.D.34;;H;361.085608
O.E.20.P.3.D.34.d;E20.P3.D34;H;361.085608
O.E.20.P.3.G;;H;2082.421675
O.E.20.P.3.G.d;E20.P3;H;2082.421675
O.E.20.P.4;;H;1805.428040
O.E.20.P.4.D;E20.P4.D;H;1805.428040
O.E.20.P.4.D.41;;H;361.085608
O.E.20.P.4.D.41.d;E20.P4.D41;H;361.085608
O.E.20.P.4.D.42;;H;361.085608
O.E.20.P.4.D.42.d;E20.P4.D42;H;361.085608
O.E.20.P.4.D.43;;H;361.085608
O.E.20.P.4.D.43.d;E20.P4.D43;H;361.085608
O.E.20.P.4.D.44;;H;361.085608
O.E.20.P.4.D.44.d;E20.P4.D44;H;361.085608
O.E.20.P.4.G;;H;2804.592891
O.E.20.P.4.G.d;E20.P4;H;2804.592891
O.L;;H;21720.380000
O.L.d;L;H;21720.380000
