ITEM;ORD;I1;I2;DSC;CONTEXTO;UNI_LINEA;CNT_LINEA;MONTO_LINEA;UNIDAD;CANTIDAD;PRECIO;TOTAL_CALC;diff;TOTAL_INF;MONTO_X_DIA;PORC_PARTICIP;P_INICIO;P_DIAS;P_FIN;R_INICIO;R_DIAS;R_FIN;TIPO;CNT_REF;CNT_DESC;MEDICION
A;A;A;A;OBRAS PRELIMINARES Y COMPLEMENTARIAS;LOTE EDIF_A EDIF_B EDIF_C DEPTO_TIPO DEPTO_MR DEPTO_INV;;NULL;NULL;;NULL;NULL;NULL;NULL;NULL;NULL;NULL;NULL;NULL;NULL;NULL;NULL;NULL;INI;NULL;;
A.1;A.1;A;A.1;INSTALACION DE FAENAS Y OBRAS PRELIMINARES;LOTE;;NULL;NULL;;NULL;NULL;NULL;NULL;NULL;NULL;NULL;NULL;NULL;NULL;NULL;NULL;NULL;;NULL;;
A.1.1;A.1.1;A;A.1;Construcciones provisorias;LOTE;;NULL;1783.1600;m2;687.950;2.590;1781.790;1.370;1783.160;39.626;0.520;2020-04-01;45;2020-05-15;2020-05-21;68;2020-07-27;;NULL;;LOTE
A.1.2;A.1.2;A;A.1;Empalmes y conexiones provisorias;LOTE;;NULL;494.9000;n;9.000;54.990;494.910;-0.010;494.900;10.998;0.140;2020-04-01;45;2020-05-15;NULL;0;NULL;;NULL;;LOTE
A.1.4;A.1.4;A;A.1;Cierros provisorios;LOTE;;NULL;459.8800;ml;601.160;0.770;462.890;-3.010;459.880;9.198;0.130;2020-04-01;50;2020-05-20;2020-05-21;54;2020-07-13;;NULL;;LOTE
A.2;A.2;A;A.2;OBRAS COMPLEMENTARIAS;LOTE;;NULL;NULL;;NULL;NULL;NULL;NULL;NULL;NULL;NULL;NULL;NULL;NULL;NULL;NULL;NULL;;NULL;;
A.2.1;A.2.1;A;A.2;Letreros de obra;LOTE;;NULL;53.6200;n;1.000;53.620;53.620;0.000;53.620;1.787;0.020;2020-04-01;30;2020-05-01;NULL;0;NULL;;NULL;;LOTE
A.2.2;A.2.2;A;A.2;Aseo y entrega;LOTE;;NULL;2187.2100;n;330.000;6.630;2187.900;-0.690;2187.210;24.302;0.630;2021-09-06;90;2021-12-05;NULL;0;NULL;;NULL;;LOTE
A.2.3;A.2.3;A;A.2;Retiro de escombros;LOTE;;NULL;3969.6400;m3;12767.560;0.310;3957.940;11.700;3969.640;132.321;1.150;2020-04-01;30;2020-05-01;2020-06-04;57;2020-07-30;;NULL;;LOTE
A.3;A.3;A;A.3;CONTROL CALIDAD OBRAS (ensayos);EDIF_A EDIF_B EDIF_C;;NULL;NULL;;NULL;NULL;NULL;NULL;NULL;NULL;NULL;NULL;NULL;NULL;NULL;NULL;NULL;;NULL;;
A.3.1;A.3.01;A;A.3;Suelos;EDIF_A EDIF_B EDIF_C;;NULL;NULL;;NULL;NULL;NULL;NULL;NULL;NULL;NULL;NULL;NULL;NULL;NULL;NULL;NULL;;NULL;;
A.3.1.1;A.3.01.1;A;A.3;Proctor;EDIF_A EDIF_B EDIF_C;20 edificios;NULL;0.8280;n;2.000;8.280;16.560;0.000;16.560;0.104;0.000;2020-05-04;160;2020-10-11;2020-08-07;NULL;NULL;;NULL;;EDIFICIO
A.3.1.2;A.3.01.2;A;A.3;CBR o Densidad relativa;EDIF_A EDIF_B EDIF_C;20 edificios;NULL;0.2400;n;2.000;2.400;4.800;0.000;4.800;0.030;0.000;2020-05-04;160;2020-10-11;NULL;0;NULL;;NULL;;EDIFICIO
A.3.1.3;A.3.01.3;A;A.3;Limites de Aterberg;EDIF_A EDIF_B EDIF_C;20 edificios;NULL;0.2500;n;2.000;2.500;5.000;0.000;5.000;0.031;0.000;2020-05-04;160;2020-10-11;NULL;0;NULL;;NULL;;EDIFICIO
A.3.1.4;A.3.01.4;A;A.3;Densidad maxima compactada seca;EDIF_A EDIF_B EDIF_C;20 edificios;NULL;0.6300;n;36.000;0.350;12.600;0.000;12.600;0.074;0.000;2020-05-11;170;2020-10-28;2020-08-01;NULL;NULL;;NULL;;EDIFICIO
A.3.10;A.3.10;A;A.3;Aceras;CALLE;;NULL;NULL;;NULL;NULL;NULL;NULL;NULL;NULL;NULL;NULL;NULL;NULL;NULL;NULL;NULL;;NULL;;
A.3.10.1;A.3.10.1;A;A.3;R Compresion;CALLE;;NULL;NULL;n;3.000;2.730;8.190;0.000;8.190;0.091;0.000;2021-02-27;90;2021-05-28;NULL;0;NULL;;NULL;;LOTE
A.3.11;A.3.11;A;A.3;Soleras;CALLE;;NULL;NULL;;NULL;NULL;NULL;NULL;NULL;NULL;NULL;NULL;NULL;NULL;NULL;NULL;NULL;;NULL;;
A.3.11.1;A.3.11.1;A;A.3;Resistencia a Compresion;CALLE;;NULL;NULL;n;1.000;4.370;4.370;0.000;4.370;0.049;0.000;2021-01-29;90;2021-04-29;NULL;0;NULL;;NULL;;LOTE
A.3.2;A.3.02;A;A.3;Madera;;;NULL;NULL;;NULL;NULL;NULL;NULL;NULL;NULL;NULL;NULL;NULL;NULL;NULL;NULL;NULL;;NULL;;
A.3.3;A.3.03;A;A.3;Hormigon;EDIF_A EDIF_B EDIF_C;;NULL;NULL;;NULL;NULL;NULL;NULL;NULL;NULL;NULL;NULL;NULL;NULL;NULL;NULL;NULL;;NULL;;
A.3.3.1;A.3.03.1;A;A.3;R Compresion;EDIF_A EDIF_B EDIF_C;20 edificios;NULL;108.2250;n;117.000;1.850;216.450;0.000;216.450;1.082;0.060;2020-09-04;200;2021-03-23;NULL;0;NULL;;117;por piso + fund+techo;PISO
A.3.3.2;A.3.03.2;A;A.3;Docilidad ;EDIF_A EDIF_B EDIF_C;20 edificios;NULL;2.3400;n;117.000;0.400;46.800;0.000;46.800;0.234;0.010;2020-09-04;200;2021-03-23;NULL;0;NULL;;117;por piso + fund+techo;PISO
A.3.4;A.3.04;A;A.3;Albanileria;;;NULL;NULL;;NULL;NULL;NULL;NULL;NULL;NULL;NULL;NULL;NULL;NULL;NULL;NULL;NULL;;NULL;;
A.3.5;A.3.05;A;A.3;Instalaciones sanitarias;DEPTO_TIPO DEPTO_MR DEPTO_INV;;NULL;NULL;;NULL;NULL;NULL;NULL;NULL;NULL;NULL;NULL;NULL;NULL;NULL;NULL;NULL;;NULL;;
A.3.5.1;A.3.05.1;A;A.3;Pruebas red agua potable;DEPTO_TIPO DEPTO_MR DEPTO_INV;330 deptos;NULL;0.1900;n;330.000;0.190;62.700;0.000;62.700;0.285;0.020;2020-09-25;220;2021-05-03;NULL;0;NULL;;85;por piso;DEPTO
A.3.5.2;A.3.05.2;A;A.3;Pruebas red alcantarillado;DEPTO_TIPO DEPTO_MR DEPTO_INV;330 deptos;NULL;0.0800;n;330.000;0.080;26.400;0.000;26.400;0.120;0.010;2020-09-25;220;2021-05-03;NULL;0;NULL;;85;por piso;DEPTO
A.3.6;A.3.06;A;A.3;Subrasante;CALLE;;NULL;NULL;;NULL;NULL;NULL;NULL;NULL;NULL;NULL;NULL;NULL;NULL;NULL;NULL;NULL;;NULL;;
A.3.6.1;A.3.06.1;A;A.3;Proctor;CALLE;;NULL;NULL;n;2.000;8.280;16.560;0.000;16.560;0.184;0.000;2021-03-31;90;2021-06-29;NULL;0;NULL;;NULL;;LOTE
A.3.6.2;A.3.06.2;A;A.3;CBR o Densidad relativa;CALLE;;NULL;NULL;n;2.000;2.400;4.800;0.000;4.800;0.053;0.000;2021-03-31;90;2021-06-29;NULL;0;NULL;;NULL;;LOTE
A.3.6.3;A.3.06.3;A;A.3;Limites de Aterberg;CALLE;;NULL;NULL;n;2.000;2.500;5.000;0.000;5.000;0.056;0.000;2021-03-31;90;2021-06-29;NULL;0;NULL;;NULL;;LOTE
A.3.6.4;A.3.06.4;A;A.3;Densidad maxima compactada seca;CALLE;;NULL;NULL;n;39.000;0.350;13.650;0.000;13.650;0.161;0.000;2021-04-05;85;2021-06-29;NULL;0;NULL;;NULL;;LOTE
A.3.7;A.3.07;A;A.3;Sub base, base o mejoramientos;CALLE;;NULL;NULL;;NULL;NULL;NULL;NULL;NULL;NULL;NULL;NULL;NULL;NULL;NULL;NULL;NULL;;NULL;;
A.3.7.1;A.3.07.1;A;A.3;Proctor;CALLE;;NULL;NULL;n;6.000;8.280;49.680;0.000;49.680;0.497;0.010;2021-02-05;100;2021-05-16;NULL;0;NULL;;NULL;;LOTE
A.3.7.2;A.3.07.2;A;A.3;CBR o Densidad relativa;CALLE;;NULL;NULL;n;6.000;2.400;14.400;0.000;14.400;0.144;0.000;2021-02-05;100;2021-05-16;NULL;0;NULL;;NULL;;LOTE
A.3.7.3;A.3.07.3;A;A.3;Limistes de Aterberg;CALLE;;NULL;NULL;n;6.000;2.500;15.000;0.000;15.000;0.150;0.000;2021-02-05;100;2021-05-16;NULL;0;NULL;;NULL;;LOTE
A.3.7.5;A.3.07.5;A;A.3;Densidad maxima compactada seca;CALLE;;NULL;NULL;n;39.000;0.350;13.650;0.000;13.650;0.152;0.000;2021-02-12;90;2021-05-13;NULL;0;NULL;;NULL;;LOTE
A.3.8;A.3.08;A;A.3;Cemento Asfaltico;CALLE;;NULL;NULL;;NULL;NULL;NULL;NULL;NULL;NULL;NULL;NULL;NULL;NULL;NULL;NULL;NULL;;NULL;;
A.3.8.1;A.3.08.1;A;A.3;Ensayos de ligante;CALLE;;NULL;NULL;n;2.000;4.360;8.720;0.000;8.720;0.291;0.000;2021-05-13;30;2021-06-12;NULL;0;NULL;;NULL;;LOTE
A.3.9;A.3.09;A;A.3;Mezcla asfaltica;CALLE;;NULL;NULL;;NULL;NULL;NULL;NULL;NULL;NULL;NULL;NULL;NULL;NULL;NULL;NULL;NULL;;NULL;;
A.3.9.1;A.3.09.1;A;A.3;Ensayo Marshall;CALLE;;NULL;NULL;n;1.000;2.500;2.500;0.000;2.500;0.083;0.000;2021-04-13;30;2021-05-13;NULL;0;NULL;;NULL;;LOTE
A.3.9.2;A.3.09.2;A;A.3;Ensayo de extraccion;CALLE;;NULL;NULL;n;4.000;6.500;26.000;0.000;26.000;0.867;0.010;2021-05-13;30;2021-06-12;NULL;0;NULL;;NULL;;LOTE
A.3.9.3;A.3.09.3;A;A.3;Espesores;CALLE;;NULL;NULL;n;4.000;3.000;12.000;0.000;12.000;0.800;0.000;2021-06-12;15;2021-06-27;NULL;0;NULL;;NULL;;LOTE
A.3.9.4;A.3.09.4;A;A.3;Granulometria de la mezcla;CALLE;;NULL;NULL;n;4.000;3.500;14.000;0.000;14.000;0.467;0.000;2021-05-13;30;2021-06-12;NULL;0;NULL;;NULL;;LOTE
A.3.9.5;A.3.09.5;A;A.3;HI - LOW;CALLE;;NULL;NULL;n;1.000;12.800;12.800;0.000;12.800;0.427;0.000;2021-06-12;30;2021-07-12;NULL;0;NULL;;NULL;;LOTE
B;B;B;B;OBRA GRUESA;LOSA PISO0 PISO1 PISO2 PISO3 PISO4 EDIF_A EDIF_B EDIF_C;;NULL;NULL;;NULL;NULL;NULL;NULL;NULL;NULL;NULL;NULL;NULL;NULL;NULL;NULL;NULL;EDIFICIO;NULL;;
B.1;B.1;B;B.1;FUNDACIONES;LOSA;;NULL;NULL;;NULL;NULL;NULL;NULL;NULL;NULL;NULL;NULL;NULL;NULL;NULL;NULL;NULL;;NULL;;
B.1.1;B.1.1;B;B.1;Replanteo, trazado y niveles;LOSA;20 edificios;NULL;126.9350;m2;1586.690;0.160;253.870;0.000;253.870;1.090;0.070;2020-05-25;233;2021-01-13;2020-06-01;NULL;NULL;;20;por edificio;EDIFICIO
B.1.2;B.1.2;B;B.1;Excavacion;LOSA;20 edificios;NULL;233.2250;m3;748.810;0.620;464.260;2.190;466.450;2.002;0.130;2020-05-26;233;2021-01-14;2020-06-16;45;2020-07-30;;20;por edificio;EDIFICIO
B.1.3;B.1.3;B;B.1;Emplantillado;LOSA;20 edificios;NULL;43.0120;m3;296.880;2.900;860.950;-0.710;860.240;3.692;0.250;2020-06-02;233;2021-01-21;2020-08-17;NULL;NULL;;20;por edificio;EDIFICIO
B.1.4;B.1.4;B;B.1;Hormigon cimientos ;LOSA;20 edificios;NULL;486.0315;m3;2793.280;3.480;9720.610;0.020;9720.630;64.804;2.810;2020-09-04;150;2021-02-01;NULL;0;NULL;;20;por edificio;EDIFICIO
B.1.6;B.1.6;B;B.1;Enfierradura;LOSA;20 edificios;NULL;511.9290;kg;255964.380;0.040;10238.580;0.000;10238.580;68.257;2.960;2020-08-27;150;2021-01-24;2020-08-14;NULL;NULL;;20;por edificio;EDIFICIO
B.1.7;B.1.7;B;B.1;Moldajes;LOSA;20 edificios;NULL;414.3485;m2;23019.350;0.360;8286.970;0.000;8286.970;55.246;2.400;2020-09-03;150;2021-01-31;NULL;0;NULL;;20;por edificio;EDIFICIO
B.3;B.3;B;B.3;MUROS 1 piso ;PISO0 PISO1 PISO2 PISO3 PISO4;;NULL;NULL;;NULL;NULL;NULL;NULL;NULL;NULL;NULL;NULL;NULL;NULL;NULL;NULL;NULL;;NULL;;
B.3.1;B.3.1;B;B.3;Hormigon Armado;PISO0 PISO1;;NULL;NULL;;NULL;NULL;NULL;NULL;NULL;NULL;NULL;NULL;NULL;NULL;NULL;NULL;NULL;;NULL;;
B.3.1.1;B.3.1.1;B;B.3;Hormigon pilares Vigas y Cadenas;PISO0 PISO1;20 edificios+5medios;NULL;152.0924;m3;1069.400;3.200;3422.080;0.000;3422.080;19.012;0.990;2020-09-24;180;2021-03-23;NULL;0;NULL;;40;por ciclo, solo nvl1;PISO
B.3.1.2;B.3.1.2;B;B.3;Enfierradura pilares,vigas y cadenas;PISO0 PISO1;20 edificios+5medios;NULL;194.8307;kg;109592.340;0.040;4383.690;0.000;4383.690;24.354;1.270;2020-09-21;180;2021-03-20;NULL;0;NULL;;40;por ciclo, solo nvl1;PISO
B.3.1.3;B.3.1.3;B;B.3;Moldajes pilares vigas y cadenas;PISO0 PISO1;20 edificios+5medios;NULL;119.0787;m2;7442.410;0.360;2679.270;0.000;2679.270;14.885;0.770;2020-09-22;180;2021-03-21;NULL;0;NULL;;40;por ciclo, solo nvl1;PISO
B.4;B.4;B;B.4;ENTREPISO 1 piso - 2 piso - 3 piso - Losa 4 piso;PISO0 PISO1 PISO2 PISO3 PISO4;;NULL;NULL;;NULL;NULL;NULL;NULL;NULL;NULL;NULL;NULL;NULL;NULL;NULL;NULL;NULL;;NULL;;
B.4.1;B.4.1;B;B.4;Losa de hormigon armado;PISO0 PISO1 PISO2 PISO3 PISO4;;NULL;NULL;;NULL;NULL;NULL;NULL;NULL;NULL;NULL;NULL;NULL;NULL;NULL;NULL;NULL;;NULL;;
B.4.1.1;B.4.1.1;B;B.4;Hormigon ;PISO0 PISO1 PISO2 PISO3 PISO4;4 x20 edificios+5medios;NULL;127.6044;m3;3289.800;3.200;10527.360;0.000;10527.360;56.905;3.040;2020-09-24;185;2021-04-30;NULL;0;NULL;;165;por ciclo x piso;PISO
B.4.1.2;B.4.1.2;B;B.4;Enfierradura;PISO0 PISO1 PISO2 PISO3 PISO4;4 x20 edificios+5medios;NULL;153.1133;kg;315796.230;0.040;12631.850;0.000;12631.850;68.280;3.650;2020-09-23;185;2021-04-30;NULL;0;NULL;;165;por ciclo x piso;PISO
B.4.1.3;B.4.1.3;B;B.4;Moldajes;PISO0 PISO1 PISO2 PISO3 PISO4;4 x20 edificios+5medios;NULL;113.3368;m2;25973.040;0.360;9350.290;0.000;9350.290;50.542;2.700;2020-09-22;185;2021-04-30;NULL;0;NULL;;165;por ciclo x piso;PISO
B.5;B.5;B;B.5;MUROS 2 PISO - 3 PISO - 4 PISO;PISO2 PISO3 PISO4;;NULL;NULL;;NULL;NULL;NULL;NULL;NULL;NULL;NULL;NULL;NULL;NULL;NULL;NULL;NULL;;NULL;;
B.5.1;B.5.1;B;B.5;Hormigon armado;PISO2 PISO3 PISO4;;NULL;NULL;;NULL;NULL;NULL;NULL;NULL;NULL;NULL;NULL;NULL;NULL;NULL;NULL;NULL;;NULL;;
B.5.1.1;B.5.1.1;B;B.5;Hormigon pilares Vigas y Cadenas;PISO2 PISO3 PISO4;3 x20 edificios;NULL;161.1870;m3;3022.260;3.200;9671.230;-0.010;9671.220;53.729;2.800;2020-09-26;180;2021-04-30;NULL;0;NULL;;130;por ciclo x 3 pisos;PISO
B.5.1.2;B.5.1.2;B;B.5;Enfierradura pilares,vigas y cadenas;PISO2 PISO3 PISO4;3 x20 edificios;NULL;205.5952;kg;308392.750;0.040;12335.710;0.000;12335.710;68.532;3.570;2020-09-25;180;2021-04-30;NULL;0;NULL;;130;por ciclo x 3 pisos;PISO
B.5.1.3;B.5.1.3;B;B.5;Moldajes pilares vigas y cadenas;PISO2 PISO3 PISO4;3 x20 edificios;NULL;152.5680;m2;25427.990;0.360;9154.080;0.000;9154.080;50.856;2.650;2020-09-26;180;2021-04-30;NULL;0;NULL;;130;por ciclo x 3 pisos;PISO
B.6;B.6;B;B.6;CUBIERTA;EDIF_A EDIF_B EDIF_C;;NULL;NULL;;NULL;NULL;NULL;NULL;NULL;NULL;NULL;NULL;NULL;NULL;NULL;NULL;NULL;;NULL;;
B.6.1;B.6.1;B;B.6;Estructura ;EDIF_A EDIF_B EDIF_C;;NULL;NULL;;NULL;NULL;NULL;NULL;NULL;NULL;NULL;NULL;NULL;NULL;NULL;NULL;NULL;;NULL;;
B.6.3.2;B.6.3.2;B;B.6;Bajadas;EDIF_A EDIF_B EDIF_C;;NULL;NULL;ml;425.000;2.200;935.000;0.000;935.000;5.844;0.270;2021-02-02;160;2021-04-30;NULL;0;NULL;;NULL;;PISO
B.7;B.7;B;B.7;ESCALERAS ESPACIOS COMUNES;PISO0 PISO1 PISO2 PISO3 PISO4;;NULL;NULL;;NULL;NULL;NULL;NULL;NULL;NULL;NULL;NULL;NULL;NULL;NULL;NULL;NULL;;NULL;;
B.7.1;B.7.1;B;B.7;Escalera (estructura, peldanos, baranda y pasamanos);PISO0 PISO1 PISO2 PISO3 PISO4;65 escaleras dobles pero incl pasillo;NULL;20.7300;n;85.000;20.730;1762.050;0.000;1762.050;11.747;0.510;2020-11-30;150;2021-04-30;NULL;0;NULL;;85;(80)por piso+(5)nvl-1;PISO
B.EX;B.EX;B;B.EX;PARTIDAS DE OBRA GRUESA AGREGADAS POR LA EMPRESA;EDIF_A EDIF_B EDIF_C;;NULL;NULL;;NULL;NULL;NULL;NULL;NULL;NULL;NULL;NULL;NULL;NULL;NULL;NULL;NULL;;NULL;;
B.EX.1;B.EX.1;B;B.EX;Sobrelosa techumbre;EDIF_A EDIF_B EDIF_C;20 edificios;NULL;141.5185;m2;5896.600;0.480;2830.370;0.000;2830.370;17.690;0.820;2021-01-02;160;2021-05-15;NULL;0;NULL;;40;por ciclo edificio;EDIFICIO
B.EX.2;B.EX.2;B;B.EX;Junta dilatacion;EDIF_A EDIF_B EDIF_C;15 edificios 10-11-12  8-7  6-5-4 1-2-3  13-14  15-16;NULL;206.2330;m2;542.720;0.570;309.350;0.000;309.350;1.406;0.090;2020-09-04;220;2021-05-15;NULL;0;NULL;;40;por ciclo edificio;EDIFICIO
C;C;C;C;OBRAS DE TERMINACIoN;PISO0 PISO1 PISO2 PISO3 PISO4 EDIF_A EDIF_B EDIF_C DEPTO_TIPO DEPTO_MR DEPTO_INV;;NULL;NULL;;NULL;NULL;NULL;NULL;NULL;NULL;NULL;NULL;NULL;NULL;NULL;NULL;NULL;DEPTO;NULL;;
C.1;C.01;C;C.1;REVESTIMIENTOS MUROS Y TABIQUES ;DEPTO_TIPO DEPTO_MR DEPTO_INV;;NULL;NULL;;NULL;NULL;NULL;NULL;NULL;NULL;NULL;NULL;NULL;NULL;NULL;NULL;NULL;;NULL;;
C.1.1;C.01.1;C;C.1;Exterior;DEPTO_TIPO DEPTO_MR DEPTO_INV;;NULL;NULL;;NULL;NULL;NULL;NULL;NULL;NULL;NULL;NULL;NULL;NULL;NULL;NULL;NULL;;NULL;;
C.1.1.1;C.01.1.1;C;C.1;Estuco(Maquillaje de superficies);DEPTO_TIPO DEPTO_MR DEPTO_INV;330 deptos;NULL;272.6110;m2;15035.440;0.600;9021.260;-25.100;8996.160;49.979;2.600;2020-12-01;180;2021-05-30;NULL;0;NULL;;330;por depto;DEPTO
C.1.2;C.01.2;C;C.1;Interior zona seca;DEPTO_TIPO DEPTO_MR DEPTO_INV;;NULL;NULL;;NULL;NULL;NULL;NULL;NULL;NULL;NULL;NULL;NULL;NULL;NULL;NULL;NULL;;NULL;;
C.1.2.1;C.01.2.1;C;C.1;Estuco(Maquillaje de superficies);DEPTO_TIPO DEPTO_MR DEPTO_INV;330 deptos;NULL;165.6820;m2;25656.120;0.210;5387.790;79.710;5467.500;30.375;1.580;2020-12-01;180;2021-05-30;NULL;0;NULL;;330;por depto;DEPTO
C.1.2.2;C.01.2.2;C;C.1;Yeso carton;DEPTO_TIPO DEPTO_MR DEPTO_INV;330 deptos;NULL;139.2220;m2;8075.460;0.570;4603.010;-8.690;4594.320;25.524;1.330;2020-12-08;180;2021-06-06;NULL;0;NULL;;330;por depto;DEPTO
C.1.3;C.01.3;C;C.1;Interior zona humeda;DEPTO_TIPO DEPTO_MR DEPTO_INV;;NULL;NULL;;NULL;NULL;NULL;NULL;NULL;NULL;NULL;NULL;NULL;NULL;NULL;NULL;NULL;;NULL;;
C.1.3.3;C.01.3.3;C;C.1;Yeso carton RH;DEPTO_TIPO DEPTO_MR DEPTO_INV;330 deptos;NULL;223.5420;m2;9268.000;0.800;7414.400;-37.520;7376.880;40.983;2.130;2020-12-08;180;2021-06-06;NULL;0;NULL;;330;por depto;DEPTO
C.10;C.10;C;C.10;MOLDURAS;DEPTO_TIPO DEPTO_MR DEPTO_INV;;NULL;NULL;;NULL;NULL;NULL;NULL;NULL;NULL;NULL;NULL;NULL;NULL;NULL;NULL;NULL;;NULL;;
C.10.2;C.10.2;C;C.10;Cornizas;DEPTO_TIPO DEPTO_MR DEPTO_INV;330 deptos;NULL;30.8460;ml;13987.670;0.070;979.140;38.780;1017.920;5.655;0.290;2020-12-28;180;2021-06-26;NULL;0;NULL;;330;por depto;DEPTO
C.11;C.11;C;C.11;PINTURAS;DEPTO_TIPO DEPTO_MR DEPTO_INV;;NULL;NULL;;NULL;NULL;NULL;NULL;NULL;NULL;NULL;NULL;NULL;NULL;NULL;NULL;NULL;;NULL;;
C.11.1;C.11.1;C;C.11;oleo;DEPTO_TIPO DEPTO_MR DEPTO_INV;330 deptos;NULL;0.2161;m2;467.250;0.150;70.090;1.210;71.300;0.357;0.020;2021-01-07;200;2021-07-26;NULL;0;NULL;;330;por depto;DEPTO
C.11.2;C.11.2;C;C.11;Esmalte;DEPTO_TIPO DEPTO_MR DEPTO_INV;330 deptos;NULL;93.0380;m2;17057.050;0.180;3070.270;0.000;3070.270;15.351;0.890;2020-12-15;200;2021-07-03;NULL;0;NULL;;330;por depto;DEPTO
C.11.5;C.11.5;C;C.11;Antioxidos;DEPTO_TIPO DEPTO_MR DEPTO_INV;330 deptos;NULL;16.1120;m2;1626.030;0.330;536.590;-4.890;531.700;2.659;0.150;2020-12-15;200;2021-07-03;NULL;0;NULL;;330;por depto;DEPTO
C.11.6;C.11.6;C;C.11;Impermeabilizacion muro;DEPTO_TIPO DEPTO_MR DEPTO_INV;330 deptos;NULL;26.9360;m2;3136.550;0.280;878.230;10.650;888.880;5.926;0.260;2020-12-15;150;2021-05-14;NULL;0;NULL;;330;por depto;DEPTO
C.11.7;C.11.7;C;C.11;Preparacion de superficie;DEPTO_TIPO DEPTO_MR DEPTO_INV;330 deptos;NULL;97.7150;m2;59168.030;0.050;2958.400;266.190;3224.590;14.020;0.930;2020-12-15;230;2021-08-02;NULL;0;NULL;;330;por depto;DEPTO
C.12;C.12;C;C.12;OBRAS EXTERIORES;EDIF_A EDIF_B EDIF_C;;NULL;NULL;;NULL;NULL;NULL;NULL;NULL;NULL;NULL;NULL;NULL;NULL;NULL;NULL;NULL;;NULL;;
C.12.1;C.12.1;C;C.12;Pavimento de Acceso ;EDIF_A EDIF_B EDIF_C;;NULL;NULL;;NULL;NULL;NULL;NULL;NULL;NULL;NULL;NULL;NULL;NULL;NULL;NULL;NULL;;NULL;;
C.12.1.2;C.12.1.2;C;C.12;Acera hormigon;EDIF_A EDIF_B EDIF_C;n x20 edificios;NULL;200.2050;m2;1696.660;0.240;407.200;-6.790;400.410;4.449;0.120;2021-05-15;90;2021-08-13;NULL;0;NULL;;NULL;;EDIFICIO
C.12.2;C.12.2;C;C.12;Cierros;EDIF_A EDIF_B EDIF_C;;NULL;NULL;;NULL;NULL;NULL;NULL;NULL;NULL;NULL;NULL;NULL;NULL;NULL;NULL;NULL;;NULL;;
C.12.2.1;C.12.2.1;C;C.12;Reja antejardin (incluye puertas y portones, alt. 1.80 m.);EDIF_A EDIF_B EDIF_C;n x20 edificios;NULL;418.6550;ml;220.870;3.790;837.100;0.210;837.310;9.303;0.240;2021-06-05;90;2021-09-03;NULL;0;NULL;;NULL;?;EDIFICIO
C.3;C.03;C;C.3;CIELO;DEPTO_TIPO DEPTO_MR DEPTO_INV;;NULL;NULL;;NULL;NULL;NULL;NULL;NULL;NULL;NULL;NULL;NULL;NULL;NULL;NULL;NULL;;NULL;;
C.3.1;C.03.1;C;C.3;Enlucido losa;DEPTO_TIPO DEPTO_MR DEPTO_INV;330 deptos;NULL;136.4360;m2;19437.870;0.230;4470.710;31.680;4502.390;25.013;1.300;2020-12-01;180;2021-05-30;NULL;0;NULL;;330;por depto;DEPTO
C.4;C.04;C;C.4;AISLACIoN TeRMICA CUBIERTA;DEPTO_TIPO DEPTO_MR DEPTO_INV;;NULL;NULL;;NULL;NULL;NULL;NULL;NULL;NULL;NULL;NULL;NULL;NULL;NULL;NULL;NULL;;NULL;;
C.4.1;C.04.1;C;C.4;Poliestireno expandido;DEPTO_TIPO DEPTO_MR DEPTO_INV;;NULL;NULL;m2;5896.600;0.250;1474.150;0.000;1474.150;9.213;0.430;2020-12-01;160;2021-05-10;NULL;0;NULL;;20;por edificio;DEPTO
C.5;C.05;C;C.5;REVESTIMIENTO PISOS;DEPTO_TIPO DEPTO_MR DEPTO_INV;;NULL;NULL;;NULL;NULL;NULL;NULL;NULL;NULL;NULL;NULL;NULL;NULL;NULL;NULL;NULL;;NULL;;
C.5.1;C.05.1;C;C.5;Ceramica;DEPTO_TIPO DEPTO_MR DEPTO_INV;330 deptos;NULL;100.5830;m2;6157.780;0.540;3325.200;-5.970;3319.230;18.440;0.960;2021-01-07;180;2021-07-06;NULL;0;NULL;;330;por depto;DEPTO
C.7;C.07;C;C.7;ESCALERA INTERIOR;PISO0 PISO1 PISO2 PISO3 PISO4;;NULL;NULL;;NULL;NULL;NULL;NULL;NULL;NULL;NULL;NULL;NULL;NULL;NULL;NULL;NULL;;NULL;;
C.7.1;C.07.1;C;C.7;Escalera Edificios (Terminacion, peldanos, baranda y pasamanos);PISO0 PISO1 PISO2 PISO3 PISO4;65 escaleras dobles pero incl pasillo;NULL;175.9280;n;85.000;17.590;1495.150;0.240;1495.390;9.969;0.430;2020-12-30;150;2021-05-29;NULL;0;NULL;;NULL;NO CONSIDERAR;PISO
C.9;C.09;C;C.9;PUERTAS Y VENTANAS;DEPTO_TIPO DEPTO_MR DEPTO_INV;;NULL;NULL;;NULL;NULL;NULL;NULL;NULL;NULL;NULL;NULL;NULL;NULL;NULL;NULL;NULL;;NULL;;
C.9.1;C.09.1;C;C.9;Marcos;DEPTO_TIPO DEPTO_MR DEPTO_INV;;NULL;NULL;;NULL;NULL;NULL;NULL;NULL;NULL;NULL;NULL;NULL;NULL;NULL;NULL;NULL;;NULL;;
C.9.1.1;C.09.1.1;C;C.9;Madera;DEPTO_TIPO DEPTO_MR DEPTO_INV;6 x330 deptos;NULL;32.6990;n;1978.000;0.550;1087.900;-8.840;1079.060;5.995;0.310;2020-12-28;180;2021-06-26;NULL;0;NULL;;330;(6) por depto;DEPTO
C.9.2;C.09.2;C;C.9;Puertas interiores;DEPTO_TIPO DEPTO_INV;;NULL;NULL;;NULL;NULL;NULL;NULL;NULL;NULL;NULL;NULL;NULL;NULL;NULL;NULL;NULL;;NULL;;
C.9.2.1;C.09.2.1;C;C.9;Puerta ancho 70;DEPTO_TIPO DEPTO_INV;4 x328 deptos;NULL;63.4230;n;1312.000;1.590;2086.080;-5.820;2080.260;11.557;0.600;2020-12-28;180;2021-06-26;NULL;0;NULL;;330;(4) por depto;DEPTOTIPO
C.9.3;C.09.3;C;C.9;Puerta exteriores;DEPTO_TIPO DEPTO_MR DEPTO_INV;;NULL;NULL;;NULL;NULL;NULL;NULL;NULL;NULL;NULL;NULL;NULL;NULL;NULL;NULL;NULL;;NULL;;
C.9.3.2;C.09.3.2;C;C.9;Puerta ancho 85;DEPTO_TIPO DEPTO_INV;1 x328 deptos;NULL;29.2550;n;328.000;2.930;961.040;-1.480;959.560;5.331;0.280;2020-12-28;180;2021-06-26;NULL;0;NULL;;328;por depto - MR;DEPTOTIPO
C.9.3.3;C.09.3.3;C;C.9;Puerta ventana;DEPTO_TIPO DEPTO_MR DEPTO_INV;1 x330 deptos;NULL;4.7150;n;330.000;4.720;1557.600;-1.650;1555.950;8.644;0.450;2020-12-28;180;2021-06-26;NULL;0;NULL;;330;por depto;DEPTO
C.9.4;C.09.4;C;C.9;Quincalleria (incluye chapas, perillas, bisagras y topes);DEPTO_TIPO DEPTO_MR DEPTO_INV;;NULL;NULL;;NULL;NULL;NULL;NULL;NULL;NULL;NULL;NULL;NULL;NULL;NULL;NULL;NULL;;NULL;;
C.9.4.1;C.09.4.1;C;C.9;Puerta principal;DEPTO_TIPO DEPTO_MR DEPTO_INV;1 x330 deptos;NULL;15.4120;n;330.000;1.540;508.200;0.380;508.580;2.825;0.150;2020-12-30;180;2021-06-28;NULL;0;NULL;;330;por depto;DEPTO
C.9.4.2;C.09.4.2;C;C.9;Bano;DEPTO_TIPO DEPTO_INV;1 x328 deptos;NULL;0.5255;n;328.000;0.530;173.840;-1.460;172.380;0.958;0.050;2020-12-30;180;2021-06-28;NULL;0;NULL;;328;por depto - MR;DEPTOTIPO
C.9.4.3;C.09.4.3;C;C.9;Interior;DEPTO_TIPO DEPTO_INV;3 x328 deptos;NULL;16.0660;n;984.000;0.540;531.360;-4.380;526.980;2.928;0.150;2020-12-30;180;2021-06-28;NULL;0;NULL;;330;(3) por depto;DEPTO
C.9.5;C.09.5;C;C.9;Ventanas (incluye quincalleria);DEPTO_TIPO DEPTO_MR DEPTO_INV;;NULL;NULL;;NULL;NULL;NULL;NULL;NULL;NULL;NULL;NULL;NULL;NULL;NULL;NULL;NULL;;NULL;;
C.9.5.1;C.09.5.1;C;C.9;Aluminio;DEPTO_TIPO DEPTO_MR DEPTO_INV;5 x330 deptos;NULL;422.5310;m2;4156.040;3.360;13964.290;-20.760;13943.530;77.464;4.030;2020-12-15;180;2021-06-13;NULL;0;NULL;;330;(5) por depto;DEPTO
C.9.6;C.09.6;C;C.9;Vidrios;DEPTO_TIPO DEPTO_MR DEPTO_INV;5 x330 deptos;NULL;22.6690;m2;4156.040;0.180;748.090;0.000;748.090;4.156;0.220;2020-12-15;180;2021-06-13;NULL;0;NULL;;330;(5) por depto;DEPTO
C.9.7;C.09.7;C;C.9;Alfeizar;DEPTO_TIPO DEPTO_MR DEPTO_INV;;NULL;NULL;;NULL;NULL;NULL;NULL;NULL;NULL;NULL;NULL;NULL;NULL;NULL;NULL;NULL;;NULL;;
C.9.7.2;C.09.7.2;C;C.9;Hormigon;DEPTO_TIPO DEPTO_MR DEPTO_INV;330 deptos;NULL;14.0240;ml;1157.000;0.400;462.800;0.000;462.800;3.085;0.130;2020-12-01;150;2021-04-30;NULL;0;NULL;;330;por depto;DEPTO
C.EX;C.EX;C;C.EX;PARTIDAS DE OBRAS DE TERMINACIoN  AGREGADAS POR LA EMPRESA;EDIF_A EDIF_B EDIF_C DEPTO_TIPO DEPTO_MR DEPTO_INV PISO0 PISO1 PISO2 PISO3 PISO4;;NULL;NULL;;NULL;NULL;NULL;NULL;NULL;NULL;NULL;NULL;NULL;NULL;NULL;NULL;NULL;;NULL;;
C.EX.1;C.EX.01;C;C.EX;Ceramica Muro ;DEPTO_TIPO DEPTO_MR DEPTO_INV;330 deptos;NULL;3.0580;m2;1881.290;0.540;1015.900;-6.770;1009.130;5.606;0.290;2021-01-07;180;2021-07-06;NULL;0;NULL;;330;por depto;DEPTO
C.EX.10;C.EX.10;C;C.EX;Quincalleria Puerta Movilidad Reducida (Dormitorios);DEPTO_MR;2 x2 deptos;NULL;2.0050;n;4.000;1.000;4.000;0.010;4.010;0.022;0.000;2020-12-06;180;2021-06-04;NULL;0;NULL;;4;(2) por MR;DEPTOMR
C.EX.11;C.EX.11;C;C.EX;Pintura Fachada ;DEPTO_TIPO DEPTO_MR DEPTO_INV;330 deptos;NULL;305.7890;m2;24612.280;0.410;10091.030;0.010;10091.040;43.874;2.920;2021-01-04;230;2021-08-22;NULL;0;NULL;;330;por depto;PISO
C.EX.12;C.EX.12;C;C.EX;Carpinteria metalica;DEPTO_TIPO DEPTO_MR DEPTO_INV;;NULL;NULL;kg;9893.940;0.130;1286.210;-8.090;1278.120;8.521;0.370;2020-12-30;150;2021-05-29;NULL;0;NULL;;330;por depto;DEPTO
C.EX.13;C.EX.13;C;C.EX;Puertas nichos gas;EDIF_A EDIF_B EDIF_C;2 x20 edificios;NULL;116.2650;n;40.000;5.810;232.400;0.130;232.530;1.057;0.070;2021-02-15;220;2021-09-23;NULL;0;NULL;;40;piso intermedio;PISO
C.EX.14;C.EX.14;C;C.EX;Impermeabilizacion cubierta;DEPTO_TIPO DEPTO_MR DEPTO_INV;;NULL;NULL;m2;5896.600;0.180;1061.390;-29.480;1031.910;6.449;0.300;2021-01-09;160;2021-06-18;NULL;0;NULL;;20;por edificio;PISO
C.EX.15;C.EX.15;C;C.EX;Muebles (cocina, closet ecologico, puertas closet casas mov. reducida);PISO0 PISO1 PISO2 PISO3 PISO4 DEPTO_TIPO DEPTO_MR DEPTO_INV;1x piso + 330 dpto;NULL;4.0790;n;415.000;4.080;1693.200;-0.410;1692.790;9.404;0.490;2021-01-22;180;2021-07-21;NULL;0;NULL;;415;no se;DEPTO
C.EX.16;C.EX.16;C;C.EX;Endurecedor superficial;DEPTO_TIPO DEPTO_MR DEPTO_INV;;NULL;NULL;m2;14500.200;0.150;2175.030;0.000;2175.030;11.757;0.630;2020-09-24;185;2021-03-28;NULL;0;NULL;;330;por depto;PISO
C.EX.17;C.EX.17;C;C.EX;Estructura acera galvanizado tabiqueria;DEPTO_TIPO DEPTO_MR DEPTO_INV;330 deptos;NULL;82.1330;m2;17374.230;0.160;2779.880;-69.500;2710.380;15.058;0.780;2020-12-08;180;2021-06-06;NULL;0;NULL;;330;por depto;DEPTO
C.EX.2;C.EX.02;C;C.EX;Puerta de instalaciones shaft(ancho 135);EDIF_A EDIF_B EDIF_C;20 edificios;NULL;5.7380;n;20.000;5.740;114.800;-0.040;114.760;0.765;0.030;2021-03-08;150;2021-08-05;NULL;0;NULL;;20;por edif;EDIFICIO
C.EX.3;C.EX.03;C;C.EX;Puerta de instalaciones (ancho 90);EDIF_A EDIF_B EDIF_C;20 edificios;NULL;2.8690;n;20.000;2.870;57.400;-0.020;57.380;0.383;0.020;2021-03-08;150;2021-08-05;NULL;0;NULL;;20;por edif;EDIFICIO
C.EX.4;C.EX.04;C;C.EX;Puerta de instalaciones (ancho 75);PISO0 PISO1 PISO2 PISO3 PISO4;85 pisos;NULL;2.4980;n;85.000;2.500;212.500;-0.170;212.330;1.416;0.060;2021-03-08;150;2021-08-05;NULL;0;NULL;;85;por piso;PISO
C.EX.5;C.EX.05;C;C.EX;Quincalleria Puerta Instalaciones ;EDIF_A EDIF_B EDIF_C;n x20 edificios;NULL;6.8030;n;125.000;1.090;136.250;-0.190;136.060;0.907;0.040;2021-03-10;150;2021-08-07;NULL;0;NULL;;125;por puertas;PISO
C.EX.6;C.EX.06;C;C.EX;Puerta Movilidad Reducida (Acceso);DEPTO_MR;2 deptos;NULL;2.4000;n;2.000;2.400;4.800;0.000;4.800;0.027;0.000;2020-12-28;180;2021-06-26;NULL;0;NULL;;2;por MR;DEPTOMR
C.EX.7;C.EX.07;C;C.EX;Puerta Movilidad Reducida  (Bano);DEPTO_MR;2 deptos;NULL;3.2450;n;2.000;3.250;6.500;-0.010;6.490;0.036;0.000;2020-12-28;180;2021-06-26;NULL;0;NULL;;2;por MR;DEPTOMR
C.EX.8;C.EX.08;C;C.EX;Puerta Movilidad Reducida (Dormitorios);DEPTO_MR;2 x2 deptos;NULL;6.4900;n;4.000;3.250;13.000;-0.020;12.980;0.072;0.000;2020-12-28;180;2021-06-26;NULL;0;NULL;;4;(2) por MR;DEPTOMR
C.EX.9;C.EX.09;C;C.EX;Quincalleria Puerta Movilidad Reducida (Bano);DEPTO_MR;2 deptos;NULL;1.0750;n;2.000;1.080;2.160;-0.010;2.150;0.012;0.000;2020-12-29;180;2021-06-27;NULL;0;NULL;;2;por MR;DEPTOMR
D;D;D;D;INSTALACIONES ;LOTE EDIF_A EDIF_B EDIF_C DEPTO_TIPO DEPTO_MR DEPTO_INV PISO0 PISO1 PISO2 PISO3 PISO4;;NULL;NULL;;NULL;NULL;NULL;NULL;NULL;NULL;NULL;NULL;NULL;NULL;NULL;NULL;NULL;DEPTO;NULL;;
D.1;D.1;D;D.1;ARTEFACTOS SANITARIOS (Incl. griferia);DEPTO_TIPO DEPTO_MR DEPTO_INV;;NULL;NULL;;NULL;NULL;NULL;NULL;NULL;NULL;NULL;NULL;NULL;NULL;NULL;NULL;NULL;;NULL;;
D.1.1;D.1.01;D;D.1;WC;DEPTO_TIPO DEPTO_INV;328 deptos;NULL;21.9510;n;328.000;2.200;721.600;-1.610;719.990;3.600;0.210;2021-02-06;200;2021-08-25;NULL;0;NULL;;328;por depto -MR;DEPTOTIPO
D.1.10;D.1.10;D;D.1;Barras ducha (discapacidad);DEPTO_INV;13 deptos;NULL;20.7920;jgo;13.000;2.080;27.040;-0.010;27.030;0.451;0.010;2021-07-13;60;2021-09-11;NULL;0;NULL;;13;por Discap.;DEPTOINV
D.1.2;D.1.02;D;D.1;Lavamanos con pedestal;DEPTO_TIPO DEPTO_INV;328 deptos;NULL;15.0520;n;328.000;1.510;495.280;-1.580;493.700;2.469;0.140;2021-02-06;200;2021-08-25;NULL;0;NULL;;328;por depto -MR;DEPTOTIPO
D.1.3;D.1.03;D;D.1;Lavamanos sin pedestal (viv. Movilidad Reducida);DEPTO_MR;2 deptos;NULL;7.9050;n;2.000;7.910;15.820;-0.010;15.810;0.079;0.000;2021-02-06;200;2021-08-25;NULL;0;NULL;;2;por MR;DEPTOMR
D.1.4;D.1.04;D;D.1;Tina ;DEPTO_TIPO DEPTO_INV;328 deptos;NULL;22.4510;n;328.000;2.250;738.000;-1.610;736.390;3.682;0.210;2021-02-06;200;2021-08-25;NULL;0;NULL;;328;por depto -MR;DEPTOTIPO
D.1.5;D.1.05;D;D.1;Base ducha;DEPTO_MR;2 deptos;NULL;10.3750;n;2.000;10.370;20.740;0.010;20.750;0.104;0.010;2021-02-06;200;2021-08-25;NULL;0;NULL;;2;por MR;DEPTOMR
D.1.6;D.1.06;D;D.1;Lavadero;DEPTO_TIPO DEPTO_MR DEPTO_INV;330 deptos;NULL;13.6510;n;330.000;1.370;452.100;-1.620;450.480;2.252;0.130;2021-02-06;200;2021-08-25;NULL;0;NULL;;330;por depto;DEPTO
D.1.7;D.1.07;D;D.1;Lavaplatos para mueble ;DEPTO_TIPO DEPTO_INV;328 deptos;NULL;15.3790;n;328.000;1.540;505.120;-0.680;504.440;2.522;0.150;2021-02-06;200;2021-08-25;NULL;0;NULL;;328;por depto -MR;DEPTOTIPO
D.1.8;D.1.08;D;D.1;Accesorios (portarrollo);DEPTO_TIPO DEPTO_MR DEPTO_INV;330 deptos;NULL;0.2491;jgo;330.000;0.250;82.500;-0.310;82.190;0.411;0.020;2021-03-08;200;2021-09-24;NULL;0;NULL;;330;por depto;DEPTO
D.1.9;D.1.09;D;D.1;Barras W.C.;DEPTO_MR;2 deptos;NULL;3.4650;jgo;2.000;3.470;6.940;-0.010;6.930;0.116;0.000;2021-07-13;60;2021-09-11;NULL;0;NULL;;2;por MR;DEPTOMR
D.2;D.2;D;D.2;RED AGUA POTABLE;LOTE PISO2 PISO3 PISO4 DEPTO_TIPO DEPTO_MR DEPTO_INV;;NULL;NULL;;NULL;NULL;NULL;NULL;NULL;NULL;NULL;NULL;NULL;NULL;NULL;NULL;NULL;;NULL;;
D.2.1;D.2.1;D;D.2;MAP ;LOTE;;NULL;200.0000;n;1.000;200.000;200.000;0.000;200.000;4.444;0.060;2021-07-19;45;2021-09-02;NULL;0;NULL;;NULL;;LOTE
D.2.2;D.2.2;D;D.2;Remarcadores (condominios y edificios);LOTE;;NULL;9.0900;n;1.000;9.090;9.090;0.000;9.090;0.152;0.000;2021-07-19;60;2021-09-17;NULL;0;NULL;;NULL;;LOTE
D.2.3;D.2.3;D;D.2;Red  areas comunes (condominios y edificios);PISO2 PISO3 PISO4 DEPTO_TIPO DEPTO_MR DEPTO_INV;330 deptos;NULL;13.0800;n;330.000;13.080;4316.400;0.000;4316.400;23.980;1.250;2021-02-15;180;2021-08-14;NULL;0;NULL;;NULL;? Por piso;PISO
D.2.4;D.2.4;D;D.2;Red interior agua fria;PISO2 PISO3 PISO4 DEPTO_TIPO DEPTO_MR DEPTO_INV;330 deptos;NULL;11.5000;n;330.000;11.500;3795.000;0.000;3795.000;21.083;1.100;2020-09-25;180;2021-03-24;2020-08-10;NULL;NULL;;85;por piso;DEPTO
D.2.5;D.2.5;D;D.2;Red interior agua caliente;PISO2 PISO3 PISO4 DEPTO_TIPO DEPTO_MR DEPTO_INV;330 deptos;NULL;7.4000;n;330.000;7.400;2442.000;0.000;2442.000;13.567;0.710;2020-09-25;180;2021-03-24;2020-08-10;NULL;NULL;;85;por piso;DEPTO
D.3;D.3;D;D.3;RED ALCANTARILLADO;PISO0 PISO1 EDIF_A EDIF_B EDIF_C DEPTO_TIPO DEPTO_MR DEPTO_INV;;NULL;NULL;;NULL;NULL;NULL;NULL;NULL;NULL;NULL;NULL;NULL;NULL;NULL;NULL;NULL;;NULL;;
D.3.1;D.3.1;D;D.3;UD;EDIF_A EDIF_B EDIF_C;20 edificios;NULL;16.3700;n;20.000;16.370;327.400;0.000;327.400;2.183;0.090;2020-08-27;150;2021-01-24;NULL;0;NULL;;20;por edif;EDIFICIO
D.3.2;D.3.2;D;D.3;Red interior ;PISO0 PISO1 DEPTO_TIPO DEPTO_MR DEPTO_INV;330 deptos;NULL;10.3000;n;330.000;10.300;3399.000;0.000;3399.000;19.994;0.980;2020-12-08;170;2021-05-27;2020-08-10;NULL;NULL;;85;por piso;DEPTO
D.3.4;D.3.4;D;D.3;Camara de inspeccion;EDIF_A EDIF_B EDIF_C;20 edificios;NULL;16.4000;n;20.000;16.400;328.000;0.000;328.000;5.467;0.090;2021-06-15;60;2021-08-14;NULL;0;NULL;;20;por edificio;EDIFICIO
D.4;D.4;D;D.4;INSTALACIONES ELeCTRICAS;PISO0 PISO1 PISO2 PISO3 PISO4  EDIF_A EDIF_B EDIF_C DEPTO_TIPO DEPTO_MR DEPTO_INV;;NULL;NULL;;NULL;NULL;NULL;NULL;NULL;NULL;NULL;NULL;NULL;NULL;NULL;NULL;NULL;;NULL;;
D.4.1;D.4.1;D;D.4;Medidor y Empalmes;EDIF_A EDIF_B EDIF_C DEPTO_TIPO DEPTO_MR DEPTO_INV;20 edif + 330 deptos;NULL;5.6400;n;350.000;5.640;1974.000;0.000;1974.000;16.450;0.570;2021-04-15;120;2021-08-13;NULL;0;NULL;;NULL;;PISO
D.4.2;D.4.2;D;D.4;Tablero (automaticos, protecciones, etc.);EDIF_A EDIF_B EDIF_C DEPTO_TIPO DEPTO_MR DEPTO_INV;20 edif + 330 deptos;NULL;6.4400;n;350.000;6.440;2254.000;0.000;2254.000;18.783;0.650;2021-04-15;120;2021-08-13;NULL;0;NULL;;NULL;;DEPTO
D.4.4;D.4.4;D;D.4;Puesta a tierra;EDIF_A EDIF_B EDIF_C;20 edificios;NULL;13.5800;n;20.000;13.580;271.600;0.000;271.600;3.018;0.080;2021-06-15;90;2021-09-13;NULL;0;NULL;;20;por edificio;EDIFICIO
D.4.5;D.4.5;D;D.4;Red interior;PISO0 PISO1 PISO2 PISO3 PISO4  DEPTO_TIPO DEPTO_MR DEPTO_INV;330 deptos;NULL;25.3000;n;330.000;25.300;8349.000;0.000;8349.000;34.788;2.410;2020-12-15;240;2021-08-12;2020-08-10;NULL;NULL;;85;por piso;DEPTO
D.4.6;D.4.6;D;D.4;Red  areas comunes (condominios y edificios);PISO0 PISO1 PISO2 PISO3 PISO4  DEPTO_TIPO DEPTO_MR DEPTO_INV;330 deptos;NULL;3.4400;n;330.000;3.440;1135.200;0.000;1135.200;7.568;0.330;2021-03-15;150;2021-08-12;NULL;0;NULL;;NULL;;PISO
D.5;D.5;D;D.5;INSTALACIONES DE GAS ;PISO0 PISO1 PISO2 PISO3 PISO4  DEPTO_TIPO DEPTO_MR DEPTO_INV PISO0 PISO1 PISO2 PISO3 PISO4;;NULL;NULL;;NULL;NULL;NULL;NULL;NULL;NULL;NULL;NULL;NULL;NULL;NULL;NULL;NULL;;NULL;;
D.5.3;D.5.3;D;D.5;Red interior;PISO0 PISO1 PISO2 PISO3 PISO4  DEPTO_TIPO DEPTO_MR DEPTO_INV;330 deptos;NULL;4.5500;n;330.000;4.550;1501.500;0.000;1501.500;4.692;0.430;2020-09-04;320;2021-07-20;2020-08-10;NULL;NULL;;85;por piso;DEPTO
D.5.4;D.5.4;D;D.5;Calefon;DEPTO_TIPO DEPTO_MR DEPTO_INV;330 deptos;NULL;6.7700;n;330.000;6.770;2234.100;0.000;2234.100;9.713;0.650;2021-02-06;230;2021-09-23;NULL;0;NULL;;330;por depto;DEPTO
D.5.8;D.5.8;D;D.5;Red areas comunes (condominios y edificios);PISO0 PISO1 PISO2 PISO3 PISO4;85 pisos;NULL;1.0000;n;85.000;1.000;85.000;0.000;85.000;0.944;0.020;2021-05-15;90;2021-08-13;NULL;0;NULL;;85;por piso;PISO
D.7;D.7;D;D.7;INSTALACIoN SISTEMA EVACUACIoN DE DESECHOS SoLIDOS;PISO0 PISO1 PISO2 PISO3 PISO4 EDIF_A EDIF_B EDIF_C DEPTO_TIPO DEPTO_MR DEPTO_INV;;NULL;NULL;;NULL;NULL;NULL;NULL;NULL;NULL;NULL;NULL;NULL;NULL;NULL;NULL;NULL;;NULL;;
D.7.1;D.7.1;D;D.7;Ductos, tolvas y caseta.;PISO0 PISO1 PISO2 PISO3 PISO4;85 pisos;NULL;39.8300;n;85.000;39.830;3385.550;0.000;3385.550;22.570;0.980;2020-11-23;150;2021-04-22;NULL;0;NULL;;85;por piso;PISO
D.7.2;D.7.2;D;D.7;Contenedores y otros accesorios;EDIF_A EDIF_B EDIF_C;20 edificios;NULL;10.0000;n;20.000;10.000;200.000;0.000;200.000;1.333;0.060;2021-01-07;150;2021-06-06;NULL;0;NULL;;20;por edif;EDIFICIO
D.EX;D.EX;D;D.EX;PARTIDAS DE OBRAS DE INSTALACIONES AGREGADAS POR LA EMPRESA;EDIF_A EDIF_B EDIF_C DEPTO_TIPO DEPTO_MR DEPTO_INV;;NULL;NULL;;NULL;NULL;NULL;NULL;NULL;NULL;NULL;NULL;NULL;NULL;NULL;NULL;NULL;;NULL;;
D.EX.1;D.EX.01;D;D.EX;WC Movilidad Reducida;DEPTO_MR;2 deptos;NULL;5.2000;n;2.000;5.200;10.400;0.000;10.400;0.052;0.000;2021-02-06;200;2021-08-25;NULL;0;NULL;;2;por MR;DEPTOMR
D.EX.10;D.EX.10;D;D.EX;Protector enchufe;DEPTO_INV;13 deptos;NULL;6.2400;n;13.000;6.240;81.120;0.000;81.120;0.676;0.020;2021-04-20;120;2021-08-18;NULL;0;NULL;;13;por incapacidad;DEPTOINV
D.EX.11;D.EX.11;D;D.EX;Lamina Proteccion Vidrio ;DEPTO_INV;;NULL;NULL;m2;288.240;0.370;106.650;-0.790;105.860;0.706;0.030;2021-04-20;150;2021-09-17;NULL;0;NULL;;288;por depto -?nvl1;DEPTO
D.EX.12;D.EX.12;D;D.EX;Red Seca;EDIF_A EDIF_B EDIF_C;20 edificios;NULL;31.2500;n;20.000;31.250;625.000;0.000;625.000;1.786;0.180;2020-08-27;350;2021-08-11;NULL;0;NULL;;20;por edif;EDIFICIO
D.EX.13;D.EX.13;D;D.EX;Lavaplatos Movilidad reducida;DEPTO_MR;2 deptos;NULL;1.5400;n;2.000;1.540;3.080;0.000;3.080;0.308;0.000;2021-06-10;10;2021-06-20;NULL;0;NULL;;2;por MR;DEPTOMR
D.EX.14;D.EX.14;D;D.EX;Doble Cerraduras puerta Principal;DEPTO_INV;13 deptos;NULL;2.5500;n;13.000;2.550;33.150;0.000;33.150;0.276;0.010;2021-04-15;120;2021-08-13;NULL;0;NULL;;13;por incapacidad;DEPTOINV
D.EX.2;D.EX.02;D;D.EX;Llave jardin;DEPTO_MR;2 x2 deptos;NULL;0.5250;n;4.000;0.260;1.040;0.010;1.050;0.035;0.000;2021-07-18;30;2021-08-17;NULL;0;NULL;;4;?;DEPTOMR
D.EX.3;D.EX.03;D;D.EX;Llave lavadora;DEPTO_TIPO DEPTO_MR DEPTO_INV;330 deptos;NULL;10.8510;Jgo;330.000;1.090;359.700;-1.610;358.090;1.628;0.100;2021-03-08;220;2021-10-14;NULL;0;NULL;;330;por depto;DEPTO
D.EX.4;D.EX.04;D;D.EX;Extraccion forzada de banos;DEPTO_TIPO DEPTO_MR DEPTO_INV;330 deptos;NULL;8.4800;n;330.000;8.480;2798.400;0.000;2798.400;17.490;0.810;2021-04-15;160;2021-09-22;NULL;0;NULL;;330;por depto;DEPTO
D.EX.5;D.EX.05;D;D.EX;Lavamanos con pedestal (sala de basura);EDIF_A EDIF_B EDIF_C;20 edificios;NULL;1.5100;n;20.000;1.510;30.200;0.000;30.200;0.151;0.010;2021-02-06;200;2021-08-25;NULL;0;NULL;;20;por edif;EDIFICIO
D.EX.6;D.EX.06;D;D.EX;Sistema timbre Luz ;DEPTO_MR;2 deptos;NULL;0.3750;n;2.000;0.370;0.740;0.010;0.750;0.006;0.000;2021-04-20;120;2021-08-18;NULL;0;NULL;;2;por incapacidad;DEPTOMR
D.EX.7;D.EX.07;D;D.EX;Sensor de humo por vivienda;DEPTO_INV;2 x13 deptos;NULL;18.6380;Jgo;26.000;0.930;24.180;0.050;24.230;0.202;0.010;2021-04-20;120;2021-08-18;NULL;0;NULL;;26;(2) por incapacidad;DEPTOINV
D.EX.8;D.EX.08;D;D.EX;Llave seguro gas;DEPTO_INV;13 deptos;NULL;0.6731;Jgo;13.000;0.670;8.710;0.040;8.750;0.073;0.000;2021-04-20;120;2021-08-18;NULL;0;NULL;;13;por incapacidad;DEPTOINV
D.EX.9;D.EX.09;D;D.EX;Cerraduras exteriores en puerta interior;DEPTO_INV;4 x13 deptos;NULL;61.6460;n;52.000;1.540;80.080;0.060;80.140;0.668;0.020;2021-04-15;120;2021-08-13;NULL;0;NULL;;52;(4) por incapacidad;DEPTOINV
E;E;E;E;OBRAS DE URBANIZACIoN ;CALLE URBA;;NULL;NULL;;NULL;NULL;NULL;NULL;NULL;NULL;NULL;NULL;NULL;NULL;NULL;NULL;NULL;URBAN;NULL;;
E.1;E.1;E;E.1;PAVIMENTOS;CALLE;;NULL;NULL;;NULL;NULL;NULL;NULL;NULL;NULL;NULL;NULL;NULL;NULL;NULL;NULL;NULL;;NULL;;
E.1.1;E.1.01;E;E.1;Excavacion y relleno;CALLE;;NULL;NULL;m3;15852.910;0.440;6975.280;-31.710;6943.570;77.151;2.010;2021-03-15;90;2021-06-13;NULL;0;NULL;;NULL;;LOTE
E.1.10;E.1.10;E;E.1;Solerillas;CALLE;;NULL;NULL;ml;1170.000;0.290;339.300;0.000;339.300;3.770;0.100;2021-03-29;90;2021-06-27;NULL;0;NULL;;NULL;;LOTE
E.1.3;E.1.03;E;E.1;Aceras;CALLE;;NULL;NULL;m2;1308.250;0.560;732.620;4.760;737.380;8.193;0.210;2021-03-27;90;2021-06-25;NULL;0;NULL;;NULL;;LOTE
E.1.4;E.1.04;E;E.1;Base Estabilizada ;CALLE;;NULL;NULL;m3;1906.650;0.650;1239.320;0.000;1239.320;13.770;0.360;2021-03-12;90;2021-06-10;NULL;0;NULL;;NULL;;LOTE
E.1.7;E.1.07;E;E.1;Calzada concreto asfaltico ;CALLE;;NULL;NULL;m2;9723.290;0.870;8459.260;32.090;8491.350;283.045;2.460;2021-06-13;30;2021-07-13;NULL;0;NULL;;NULL;;LOTE
E.1.9;E.1.09;E;E.1;Soleras;CALLE;;NULL;NULL;ml;1058.980;0.460;487.130;0.000;487.130;5.413;0.140;2021-03-29;90;2021-06-27;NULL;0;NULL;;NULL;;LOTE
E.2;E.2;E;E.2;SISTEMA DE EVACUACIoN DE AGUAS LLUVIA;CALLE;;NULL;NULL;;NULL;NULL;NULL;NULL;NULL;NULL;NULL;NULL;NULL;NULL;NULL;NULL;NULL;;NULL;;
E.2.1;E.2.1;E;E.2;Red evacuacion aguas lluvia ;CALLE;;NULL;NULL;;NULL;NULL;NULL;NULL;NULL;NULL;NULL;NULL;NULL;NULL;NULL;NULL;NULL;;NULL;;
E.2.1.4;E.2.1.4;E;E.2;Tubo circular de PVC hidraulico - HDPE;CALLE;;NULL;NULL;ml;880.720;0.500;440.360;0.000;440.360;3.311;0.130;2021-02-17;133;2021-06-30;NULL;0;NULL;;NULL;;LOTE
E.2.3;E.2.3;E;E.2;Drenes;CALLE;;NULL;NULL;;NULL;NULL;NULL;NULL;NULL;NULL;NULL;NULL;NULL;NULL;NULL;NULL;NULL;;NULL;;
E.2.3.1;E.2.3.1;E;E.2;Relleno grava drenes;CALLE;;NULL;NULL;m3;27.750;0.850;23.590;0.000;23.590;0.177;0.010;2021-02-17;133;2021-06-29;NULL;0;NULL;;NULL;;LOTE
E.2.3.2;E.2.3.2;E;E.2;Excavacion de drenes;CALLE;;NULL;NULL;m3;27.750;0.350;9.710;0.000;9.710;0.073;0.000;2021-02-17;133;2021-06-30;NULL;0;NULL;;NULL;;LOTE
E.3;E.3;E;E.3;AGUA POTABLE LOTEO;URBA;;NULL;NULL;;NULL;NULL;NULL;NULL;NULL;NULL;NULL;NULL;NULL;NULL;NULL;NULL;NULL;;NULL;;
E.3.1;E.3.1;E;E.3;Red de agua ;URBA;;NULL;NULL;ml;1579.000;3.500;5526.500;0.000;5526.500;26.317;1.600;2021-01-20;210;2021-08-17;NULL;0;NULL;;NULL;;LOTE
E.3.2;E.3.2;E;E.3;Sistema de impulsion de agua;URBA;;NULL;NULL;n;1.000;3636.000;3636.000;0.000;3636.000;121.200;1.050;2021-07-18;30;2021-08-17;NULL;0;NULL;;NULL;;LOTE
E.4;E.4;E;E.4;ALCANTARILLADO LOTEO;URBA;;NULL;NULL;;NULL;NULL;NULL;NULL;NULL;NULL;NULL;NULL;NULL;NULL;NULL;NULL;NULL;;NULL;;
E.4.1;E.4.1;E;E.4;Red de alcantarillado;URBA;;NULL;NULL;;NULL;NULL;NULL;NULL;NULL;NULL;NULL;NULL;NULL;NULL;NULL;NULL;NULL;;NULL;;
E.4.1.1;E.4.1.1;E;E.4;Tuberia ;URBA;;NULL;NULL;ml;390.700;4.000;1562.800;0.000;1562.800;17.364;0.450;2021-01-02;90;2021-04-02;NULL;0;NULL;;NULL;;LOTE
E.4.1.3;E.4.1.3;E;E.4;Camaras tipo A;URBA;;NULL;NULL;n;16.000;69.100;1105.600;0.000;1105.600;9.213;0.320;2021-01-02;120;2021-05-02;NULL;0;NULL;;NULL;;LOTE
E.4.1.4;E.4.1.4;E;E.4;Camaras tipo B;URBA;;NULL;NULL;n;3.000;69.100;207.300;0.000;207.300;1.728;0.060;2021-01-02;120;2021-05-02;NULL;0;NULL;;NULL;;LOTE
E.4.1.6;E.4.1.6;E;E.4;Tapa camara metalica;URBA;;NULL;NULL;n;19.000;9.100;172.900;0.000;172.900;1.441;0.050;2021-01-02;120;2021-05-02;NULL;0;NULL;;NULL;;LOTE
E.4.1.7;E.4.1.7;E;E.4;Cama de arena (indicar espesor);URBA;;NULL;NULL;m3;103.320;0.640;66.120;0.000;66.120;0.551;0.020;2021-01-02;120;2021-05-02;NULL;0;NULL;;NULL;;LOTE
E.4.3;E.4.3;E;E.4;Plantas elevadoras Aguas Servidas;URBA;;NULL;NULL;n;1.000;4497.700;4497.700;0.000;4497.700;37.481;1.300;2021-01-02;120;2021-05-02;NULL;0;NULL;;NULL;;LOTE
E.5;E.5;E;E.5;ELECTRICIDAD LOTEO;URBA;;NULL;NULL;;NULL;NULL;NULL;NULL;NULL;NULL;NULL;NULL;NULL;NULL;NULL;NULL;NULL;;NULL;;
E.5.1;E.5.1;E;E.5;Red electrica de distribucion y alumbrado publico;URBA;;NULL;NULL;ml;913.000;8.000;7304.000;0.000;7304.000;81.156;2.110;2021-01-02;90;2021-04-02;NULL;0;NULL;;NULL;;LOTE
E.5.2;E.5.2;E;E.5;Postacion;URBA;;NULL;NULL;n;46.000;17.460;803.160;0.000;803.160;8.924;0.230;2021-02-01;90;2021-05-02;NULL;0;NULL;;NULL;;LOTE
E.5.3;E.5.3;E;E.5;Iluminacion;URBA;;NULL;NULL;n;46.000;28.400;1306.400;0.000;1306.400;14.516;0.380;2021-02-01;90;2021-05-02;NULL;0;NULL;;NULL;;LOTE
E.6;E.6;E;E.6;OBRAS ANEXAS;URBA;;NULL;NULL;;NULL;NULL;NULL;NULL;NULL;NULL;NULL;NULL;NULL;NULL;NULL;NULL;NULL;;NULL;;
E.6.1;E.6.1;E;E.6;Senalizacion de calles y pasajes;CALLE;;NULL;NULL;m2;9587.320;0.090;862.860;-38.350;824.510;13.742;0.240;2021-07-28;60;2021-09-26;NULL;0;NULL;;NULL;;LOTE
E.EX;E.EX;E;E.EX;PARTIDAS DE OBRAS DE URBANIZACION AGREGADAS POR LA EMPRESA;CALLE;;NULL;NULL;;NULL;NULL;NULL;NULL;NULL;NULL;NULL;NULL;NULL;NULL;NULL;NULL;NULL;;NULL;;
E.EX.1;E.EX.1;E;E.EX;EISTU;CALLE;;NULL;NULL;m2;6449.550;0.700;4514.690;0.010;4514.690;75.245;1.310;2021-07-28;60;2021-09-26;NULL;0;NULL;;NULL;;LOTE
E.EX.2;E.EX.2;E;E.EX;Dispositivos de rodados;CALLE;;NULL;NULL;n;8.000;9.820;78.560;-0.020;78.540;0.873;0.020;2021-03-27;90;2021-06-24;NULL;0;NULL;;NULL;;LOTE
F;F;F;F;OBRAS DE HABILITACION;NIVEL LOTE EDIF_A EDIF_B EDIF_C;;NULL;NULL;;NULL;NULL;NULL;NULL;NULL;NULL;NULL;NULL;NULL;NULL;NULL;NULL;NULL;URBAN;NULL;;
F.1;F.1;F;F.1;MOVIMIENTO DE TIERRAS;EDIF_A EDIF_B EDIF_C;;NULL;NULL;;NULL;NULL;NULL;NULL;NULL;NULL;NULL;NULL;NULL;NULL;NULL;NULL;NULL;;NULL;;
F.1.1;F.1.1;F;F.1;Excavacion en Corte a mano (0 a 1m);EDIF_A EDIF_B EDIF_C;20 edificios;NULL;332.8410;m3;24927.760;0.270;6730.500;-73.680;6656.820;51.206;1.920;2020-05-04;130;2020-09-11;2020-06-04;NULL;NULL;;20;por edifico;EDIFICIO
F.1.4;F.1.4;F;F.1;Extraccion de escombros;LOTE;;1;12562.8800;m3;17545.920;0.720;12633.060;-70.180;12562.880;96.638;3.630;2020-05-04;130;2020-09-11;2020-06-02;NULL;NULL;;20;por edifico;EDIFICIO
F.4;F.4;F;F.4;FUNDACIONES ESPECIALES;NIVEL;;NULL;NULL;;NULL;NULL;NULL;NULL;NULL;NULL;NULL;NULL;NULL;NULL;NULL;NULL;NULL;;NULL;;
F.4.1;F.4.1;F;F.4;Losa de Fundacion para suelos salinos;NIVEL EDIF_A EDIF_B EDIF_C;;NULL;NULL;;NULL;NULL;NULL;NULL;NULL;NULL;NULL;NULL;NULL;NULL;NULL;NULL;NULL;;NULL;;
F.4.1.2;F.4.1.2;F;F.4;Polietileno 300 micras y capa de arena sobre sello;EDIF_A EDIF_B EDIF_C;20 edificios;20;108.5100;m2;10851.000;0.200;2170.200;0.000;2170.200;13.564;0.630;2020-05-31;160;2020-11-30;2020-06-18;NULL;NULL;;20;por edifico;EDIFICIO
F.4.1.3;F.4.1.3;F;F.4;Relleno mejoramiento Estructural;NIVEL;120nvl 20 edificios;120;128.0913;m3;31446.390;0.490;15408.730;-37.770;15370.960;96.069;4.440;2020-05-18;160;2020-11-30;2020-06-12;NULL;NULL;;20;NO SUBIR MAS;EDIFICIO
G;G;G;G;OBRAS DE CONSTRUCCIoN DE SALA MULTIUSO;SALA;;NULL;NULL;;NULL;NULL;NULL;NULL;NULL;NULL;NULL;NULL;NULL;NULL;NULL;NULL;NULL;MULTI;NULL;;
G.B;G.B;G;G.B;OBRA GRUESA;SALA;;NULL;NULL;;NULL;NULL;NULL;NULL;NULL;NULL;NULL;NULL;NULL;NULL;NULL;NULL;NULL;;NULL;;
G.B.1;G.B.1;G;G.B;FUNDACIONES;SALA;;NULL;NULL;;NULL;NULL;NULL;NULL;NULL;NULL;NULL;NULL;NULL;NULL;NULL;NULL;NULL;;NULL;;
G.B.1.1;G.B.1.1;G;G.B;Replanteo, trazado y niveles;SALA;;NULL;NULL;n;3.000;2.140;6.420;-0.010;6.410;0.641;0.000;2021-03-03;10;2021-03-13;NULL;0;NULL;;NULL;;MULTIUSO
G.B.1.2;G.B.1.2;G;G.B;Excavacion;SALA;;NULL;NULL;m3;8.580;0.620;5.320;0.020;5.340;0.356;0.000;2021-03-10;15;2021-03-25;NULL;0;NULL;;NULL;;MULTIUSO
G.B.1.3;G.B.1.3;G;G.B;Emplantillado;SALA;;NULL;NULL;m3;0.540;2.900;1.570;-0.010;1.560;0.156;0.000;2021-03-17;10;2021-03-26;NULL;0;NULL;;NULL;;MULTIUSO
G.B.1.4;G.B.1.4;G;G.B;Hormigon cimientos;SALA;;NULL;NULL;m3;14.030;3.480;48.820;0.020;48.840;2.442;0.010;2021-03-27;20;2021-04-16;NULL;0;NULL;;NULL;;MULTIUSO
G.B.1.6;G.B.1.6;G;G.B;Enfierradura;SALA;;NULL;NULL;kg;1386.570;0.040;55.460;0.000;55.460;2.773;0.020;2021-03-19;20;2021-04-08;NULL;0;NULL;;NULL;;MULTIUSO
G.B.1.7;G.B.1.7;G;G.B;Moldajes;SALA;;NULL;NULL;m2;38.310;0.360;13.790;0.000;13.790;0.690;0.000;2021-03-26;20;2021-04-15;NULL;0;NULL;;NULL;;MULTIUSO
G.B.3.5;G.B.3.5;G;G.B;Paneles sis. Const. No tradicional;SALA;;NULL;NULL;;NULL;NULL;NULL;NULL;NULL;NULL;NULL;NULL;NULL;NULL;NULL;NULL;NULL;;NULL;;
G.B.3.5.1;G.B.3.5.1;G;G.B;Estructurales;SALA;;NULL;NULL;m2;112.930;1.010;114.060;0.500;114.560;2.546;0.030;2021-03-30;45;2021-05-14;NULL;0;NULL;;NULL;;MULTIUSO
G.B.3.5.2;G.B.3.5.2;G;G.B;Tabiquerias;SALA;;NULL;NULL;m2;24.060;0.730;17.560;-0.120;17.440;0.388;0.010;2021-04-06;45;2021-05-20;NULL;0;NULL;;NULL;;MULTIUSO
G.B.6;G.B.6;G;G.B;CUBIERTA;SALA;;NULL;NULL;;NULL;NULL;NULL;NULL;NULL;NULL;NULL;NULL;NULL;NULL;NULL;NULL;NULL;;NULL;;
G.B.6.1;G.B.6.1;G;G.B;Estructura (inc. Costaneras);SALA;;NULL;NULL;;NULL;NULL;NULL;NULL;NULL;NULL;NULL;NULL;NULL;NULL;NULL;NULL;NULL;;NULL;;
G.B.6.1.2;G.B.6.1.2;G;G.B;Acero;SALA;;NULL;NULL;m2;110.200;1.190;131.140;0.000;131.140;2.914;0.040;2021-04-14;45;2021-05-29;NULL;0;NULL;;NULL;;MULTIUSO
G.B.6.2;G.B.6.2;G;G.B;Cubierta (inc. Cumbreras);SALA;;NULL;NULL;kg;NULL;NULL;NULL;NULL;NULL;NULL;NULL;NULL;NULL;NULL;NULL;NULL;NULL;;NULL;;MULTIUSO
G.B.6.2.1;G.B.6.2.1;G;G.B;Acero galvanizado;SALA;;NULL;NULL;m2;110.340;0.470;51.860;0.000;51.860;1.152;0.010;2021-04-14;45;2021-05-29;NULL;0;NULL;;NULL;;MULTIUSO
G.B.6.3;G.B.6.3;G;G.B;Hojalateria;SALA;;NULL;NULL;;NULL;NULL;NULL;NULL;NULL;NULL;NULL;NULL;NULL;NULL;NULL;NULL;NULL;;NULL;;
G.B.6.3.1;G.B.6.3.1;G;G.B;Canales;SALA;;NULL;NULL;ml;34.700;0.800;27.760;0.000;27.760;0.617;0.010;2021-04-14;45;2021-05-29;NULL;0;NULL;;NULL;;MULTIUSO
G.B.6.3.2;G.B.6.3.2;G;G.B;Bajadas;SALA;;NULL;NULL;ml;8.340;2.200;18.350;0.000;18.350;0.408;0.010;2021-04-14;45;2021-05-29;NULL;0;NULL;;NULL;;MULTIUSO
G.B.EX;G.B.EX;G;G.B;PARTIDAS DE OBRA GRUESA AGREGADAS POR LA EMPRESA;SALA;;NULL;NULL;;NULL;NULL;NULL;NULL;NULL;NULL;NULL;NULL;NULL;NULL;NULL;NULL;NULL;;NULL;;
G.B.EX.1;G.B.EX.1;G;G.B;Pergola;SALA;;NULL;NULL;n;3.000;6.000;18.000;0.000;18.000;0.400;0.010;2021-05-04;45;2021-06-18;NULL;0;NULL;;NULL;;MULTIUSO
G.C;G.C;G;G.C;OBRAS DE TERMINACIoN;SALA;;NULL;NULL;;NULL;NULL;NULL;NULL;NULL;NULL;NULL;NULL;NULL;NULL;NULL;NULL;NULL;;NULL;;
G.C.1;G.C.01;G;G.C;REVESTIMIENTOS MUROS Y TABIQUES ;SALA;;NULL;NULL;;NULL;NULL;NULL;NULL;NULL;NULL;NULL;NULL;NULL;NULL;NULL;NULL;NULL;;NULL;;
G.C.1.1;G.C.01.1;G;G.C;Exterior;SALA;;NULL;NULL;;NULL;NULL;NULL;NULL;NULL;NULL;NULL;NULL;NULL;NULL;NULL;NULL;NULL;;NULL;;
G.C.1.1.5;G.C.01.1.5;G;G.C;Sidding;SALA;;NULL;NULL;m2;298.880;0.580;173.350;0.510;173.860;2.898;0.050;2021-04-14;60;2021-06-13;NULL;0;NULL;;NULL;;MULTIUSO
G.C.1.2;G.C.01.2;G;G.C;Interior zona seca;SALA;;NULL;NULL;;NULL;NULL;NULL;NULL;NULL;NULL;NULL;NULL;NULL;NULL;NULL;NULL;NULL;;NULL;;
G.C.1.2.2;G.C.01.2.2;G;G.C;Yeso carton;SALA;;NULL;NULL;m2;96.050;0.570;54.750;-0.100;54.650;0.911;0.020;2021-04-14;60;2021-06-13;NULL;0;NULL;;NULL;;MULTIUSO
G.C.1.3;G.C.01.3;G;G.C;Interior zona humeda;SALA;;NULL;NULL;;NULL;NULL;NULL;NULL;NULL;NULL;NULL;NULL;NULL;NULL;NULL;NULL;NULL;;NULL;;
G.C.1.3.3;G.C.01.3.3;G;G.C;Yeso carton RH;SALA;;NULL;NULL;m2;78.250;0.800;62.600;-0.320;62.280;1.038;0.020;2021-04-14;60;2021-06-13;NULL;0;NULL;;NULL;;MULTIUSO
G.C.10;G.C.10;G;G.C;MOLDURAS;SALA;;NULL;NULL;;NULL;NULL;NULL;NULL;NULL;NULL;NULL;NULL;NULL;NULL;NULL;NULL;NULL;;NULL;;
G.C.10.1;G.C.10.1;G;G.C;Guardapolvos;SALA;;NULL;NULL;ml;68.200;0.060;4.090;0.000;4.090;0.091;0.000;2021-05-04;45;2021-06-18;NULL;0;NULL;;NULL;;MULTIUSO
G.C.10.2;G.C.10.2;G;G.C;Cornizas;SALA;;NULL;NULL;ml;68.200;0.070;4.770;0.000;4.770;0.106;0.000;2021-05-04;45;2021-06-18;NULL;0;NULL;;NULL;;MULTIUSO
G.C.11;G.C.11;G;G.C;PINTURAS;SALA;;NULL;NULL;;NULL;NULL;NULL;NULL;NULL;NULL;NULL;NULL;NULL;NULL;NULL;NULL;NULL;;NULL;;
G.C.11.2;G.C.11.2;G;G.C;Esmalte;SALA;;NULL;NULL;m2;233.770;0.160;37.400;0.680;38.080;0.635;0.010;2021-05-14;60;2021-07-13;NULL;0;NULL;;NULL;;MULTIUSO
G.C.12;G.C.12;G;G.C;OBRAS EXTERIORES;SALA;;NULL;NULL;;NULL;NULL;NULL;NULL;NULL;NULL;NULL;NULL;NULL;NULL;NULL;NULL;NULL;;NULL;;
G.C.12.1;G.C.12.1;G;G.C;Pavimentos de Acceso ;SALA;;NULL;NULL;;NULL;NULL;NULL;NULL;NULL;NULL;NULL;NULL;NULL;NULL;NULL;NULL;NULL;;NULL;;
G.C.12.1.3;G.C.12.1.3;G;G.C;Rampa acceso vivienda (incluye baranda doble altura);SALA;;NULL;NULL;n;3.000;2.500;7.500;0.000;7.500;0.250;0.000;2021-05-17;30;2021-06-16;NULL;0;NULL;;NULL;;MULTIUSO
G.C.3.3;G.C.03.3;G;G.C;Revestimiento zona seca;SALA;;NULL;NULL;;NULL;NULL;NULL;NULL;NULL;NULL;NULL;NULL;NULL;NULL;NULL;NULL;NULL;;NULL;;
G.C.3.3.1;G.C.03.3.1;G;G.C;Yeso carton;SALA;;NULL;NULL;m2;108.020;0.550;59.410;0.000;59.410;0.990;0.020;2021-04-14;60;2021-06-13;NULL;0;NULL;;NULL;;MULTIUSO
G.C.4;G.C.04;G;G.C;AISLACIoN TeRMICA CUBIERTA;SALA;;NULL;NULL;;NULL;NULL;NULL;NULL;NULL;NULL;NULL;NULL;NULL;NULL;NULL;NULL;NULL;;NULL;;
G.C.4.1;G.C.04.1;G;G.C;Poliestireno expandido;SALA;;NULL;NULL;m2;110.200;0.250;27.550;0.000;27.550;0.612;0.010;2021-04-29;45;2021-06-12;NULL;0;NULL;;NULL;;MULTIUSO
G.C.5;G.C.05;G;G.C;REVESTIMIENTO PISOS;SALA;;NULL;NULL;;NULL;NULL;NULL;NULL;NULL;NULL;NULL;NULL;NULL;NULL;NULL;NULL;NULL;;NULL;;
G.C.5.1;G.C.05.1;G;G.C;Ceramica;SALA;;NULL;NULL;m2;108.020;0.540;58.330;-0.100;58.230;1.165;0.020;2021-05-04;50;2021-06-22;NULL;0;NULL;;NULL;;MULTIUSO
G.C.9;G.C.09;G;G.C;PUERTAS Y VENTANAS;SALA;;NULL;NULL;;NULL;NULL;NULL;NULL;NULL;NULL;NULL;NULL;NULL;NULL;NULL;NULL;NULL;;NULL;;
G.C.9.1;G.C.09.1;G;G.C;Marcos;SALA;;NULL;NULL;;NULL;NULL;NULL;NULL;NULL;NULL;NULL;NULL;NULL;NULL;NULL;NULL;NULL;;NULL;;
G.C.9.1.1;G.C.09.1.1;G;G.C;Madera;SALA;;NULL;NULL;n;9.000;0.550;4.950;0.000;4.950;0.083;0.000;2021-05-04;60;2021-07-03;NULL;0;NULL;;NULL;;MULTIUSO
G.C.9.2;G.C.09.2;G;G.C;Puertas interiores;SALA;;NULL;NULL;;NULL;NULL;NULL;NULL;NULL;NULL;NULL;NULL;NULL;NULL;NULL;NULL;NULL;;NULL;;
G.C.9.2.1;G.C.09.2.1;G;G.C;Puerta ancho 70;SALA;;NULL;NULL;n;3.000;1.590;4.770;0.000;4.770;0.080;0.000;2021-05-11;60;2021-07-10;NULL;0;NULL;;NULL;;MULTIUSO
G.C.9.2.4;G.C.09.2.4;G;G.C;Puerta ancho 85;SALA;;NULL;NULL;n;6.000;2.930;17.580;0.000;17.580;0.293;0.010;2021-05-11;60;2021-07-10;NULL;0;NULL;;NULL;;MULTIUSO
G.C.9.3;G.C.09.3;G;G.C;Puerta exteriores;SALA;;NULL;NULL;;NULL;NULL;NULL;NULL;NULL;NULL;NULL;NULL;NULL;NULL;NULL;NULL;NULL;;NULL;;
G.C.9.3.3;G.C.09.3.3;G;G.C;Puerta ventana;SALA;;NULL;NULL;n;3.000;2.960;8.880;0.000;8.880;0.148;0.000;2021-05-11;60;2021-07-10;NULL;0;NULL;;NULL;;MULTIUSO
G.C.9.4;G.C.09.4;G;G.C;Quincalleria (incluye chapas, perillas, bisagras y topes);SALA;;NULL;NULL;;NULL;NULL;NULL;NULL;NULL;NULL;NULL;NULL;NULL;NULL;NULL;NULL;NULL;;NULL;;
G.C.9.4.2;G.C.09.4.2;G;G.C;Bano;SALA;;NULL;NULL;n;6.000;0.530;3.180;-0.010;3.170;0.053;0.000;2021-05-11;60;2021-07-10;NULL;0;NULL;;NULL;;MULTIUSO
G.C.9.4.3;G.C.09.4.3;G;G.C;Interior;SALA;;NULL;NULL;n;3.000;0.540;1.620;0.000;1.620;0.027;0.000;2021-05-11;60;2021-07-10;NULL;0;NULL;;NULL;;MULTIUSO
G.C.9.5;G.C.09.5;G;G.C;Ventanas (incluye quincalleria);SALA;;NULL;NULL;;NULL;NULL;NULL;NULL;NULL;NULL;NULL;NULL;NULL;NULL;NULL;NULL;NULL;;NULL;;
G.C.9.5.1;G.C.09.5.1;G;G.C;Aluminio;SALA;;NULL;NULL;m2;34.740;3.360;116.730;-0.180;116.550;1.943;0.030;2021-05-11;60;2021-07-10;NULL;0;NULL;;NULL;;MULTIUSO
G.C.EX;G.C.EX;G;G.C;PARTIDAS DE OBRAS DE TERMINACIoN  AGREGADAS POR LA EMPRESA;SALA;;NULL;NULL;;NULL;NULL;NULL;NULL;NULL;NULL;NULL;NULL;NULL;NULL;NULL;NULL;NULL;;NULL;;
G.C.EX.1;G.C.EX.1;G;G.C;Pintura Fibrocemento;SALA;;NULL;NULL;m2;298.880;0.160;47.820;0.060;47.880;0.798;0.010;2021-04-21;60;2021-06-19;NULL;0;NULL;;NULL;;MULTIUSO
G.C.EX.2;G.C.EX.2;G;G.C;Pintura Hojalateria, numeracion, Aseo Final y Luminaria;SALA;;NULL;NULL;n;1.000;69.090;69.090;0.000;69.090;2.303;0.020;2021-05-21;30;2021-06-19;NULL;0;NULL;;NULL;;MULTIUSO
G.D;G.D;G;G.D;INSTALACIONES ;SALA;;NULL;NULL;;NULL;NULL;NULL;NULL;NULL;NULL;NULL;NULL;NULL;NULL;NULL;NULL;NULL;;NULL;;
G.D.1;G.D.1;G;G.D;ARTEFACTOS SANITARIOS (Incl. griferia);SALA;;NULL;NULL;;NULL;NULL;NULL;NULL;NULL;NULL;NULL;NULL;NULL;NULL;NULL;NULL;NULL;;NULL;;
G.D.1.1;G.D.1.1;G;G.D;WC;SALA;;NULL;NULL;n;3.000;2.200;6.600;0.000;6.600;0.147;0.000;2021-05-19;45;2021-07-03;NULL;0;NULL;;NULL;;MULTIUSO
G.D.1.2;G.D.1.2;G;G.D;Lavamanos con pedestal;SALA;;NULL;NULL;n;3.000;1.510;4.530;0.000;4.530;0.101;0.000;2021-05-19;45;2021-07-03;NULL;0;NULL;;NULL;;MULTIUSO
G.D.1.3;G.D.1.3;G;G.D;Lavamanos sin pedestal (viv. Discapacidad);SALA;;NULL;NULL;n;3.000;7.910;23.730;0.000;23.730;0.527;0.010;2021-05-19;45;2021-07-03;NULL;0;NULL;;NULL;;MULTIUSO
G.D.1.7;G.D.1.7;G;G.D;Lavaplatos con mueble ;SALA;;NULL;NULL;n;3.000;1.550;4.650;-0.010;4.640;0.103;0.000;2021-05-19;45;2021-07-03;NULL;0;NULL;;NULL;;MULTIUSO
G.D.1.9;G.D.1.9;G;G.D;Barras W.C.;SALA;;NULL;NULL;Jgo;3.000;3.470;10.410;0.000;10.410;0.231;0.000;2021-05-19;45;2021-07-03;NULL;0;NULL;;NULL;;MULTIUSO
G.D.2;G.D.2;G;G.D;RED AGUA POTABLE;SALA;;NULL;NULL;;NULL;NULL;NULL;NULL;NULL;NULL;NULL;NULL;NULL;NULL;NULL;NULL;NULL;;NULL;;
G.D.2.1;G.D.2.1;G;G.D;MAP ;SALA;;NULL;NULL;n;3.000;4.090;12.270;0.000;12.270;1.227;0.000;2021-07-20;10;2021-07-29;NULL;0;NULL;;NULL;;MULTIUSO
G.D.2.2;G.D.2.2;G;G.D;Red interior agua fria;SALA;;NULL;NULL;n;3.000;3.640;10.920;0.000;10.920;0.156;0.000;2021-04-21;70;2021-06-30;NULL;0;NULL;;NULL;;MULTIUSO
G.D.3;G.D.3;G;G.D;RED ALCANTARILLADO;SALA;;NULL;NULL;;NULL;NULL;NULL;NULL;NULL;NULL;NULL;NULL;NULL;NULL;NULL;NULL;NULL;;NULL;;
G.D.3.2;G.D.3.2;G;G.D;Red interior ;SALA;;NULL;NULL;n;3.000;2.640;7.920;0.000;7.920;0.072;0.000;2021-03-17;110;2021-07-05;NULL;0;NULL;;NULL;;MULTIUSO
G.D.4;G.D.4;G;G.D;INSTALACIONES ELECTRICAS;SALA;;NULL;NULL;;NULL;NULL;NULL;NULL;NULL;NULL;NULL;NULL;NULL;NULL;NULL;NULL;NULL;;NULL;;
G.D.4.1;G.D.4.1;G;G.D;Medidor y Empalmes;SALA;;NULL;NULL;n;3.000;5.640;16.920;0.000;16.920;0.282;0.000;2021-05-04;60;2021-07-02;NULL;0;NULL;;NULL;;MULTIUSO
G.D.4.2;G.D.4.2;G;G.D;Tablero (automaticos, protecciones, etc);SALA;;NULL;NULL;n;3.000;3.090;9.270;0.000;9.270;0.155;0.000;2021-04-21;60;2021-06-20;NULL;0;NULL;;NULL;;MULTIUSO
G.D.4.5;G.D.4.5;G;G.D;Red interior;SALA;;NULL;NULL;n;3.000;5.330;15.990;0.000;15.990;0.267;0.000;2021-04-21;60;2021-06-20;NULL;0;NULL;;NULL;;MULTIUSO
G.D.5;G.D.5;G;G.D;INSTALACIONES DE GAS ;SALA;;NULL;NULL;;NULL;NULL;NULL;NULL;NULL;NULL;NULL;NULL;NULL;NULL;NULL;NULL;NULL;;NULL;;
G.D.5.2;G.D.5.2;G;G.D;Red interior;SALA;;NULL;NULL;n;3.000;8.860;26.580;0.010;26.590;0.443;0.010;2021-04-21;60;2021-06-20;NULL;0;NULL;;NULL;;MULTIUSO
G.D.EX;G.D.EX;G;G.D;PARTIDAS DE OBRAS DE INSTALACIONES AGREGADAS POR LA EMPRESA;SALA;;NULL;NULL;;NULL;NULL;NULL;NULL;NULL;NULL;NULL;NULL;NULL;NULL;NULL;NULL;NULL;;NULL;;
G.D.EX.1;G.D.EX.1;G;G.D;WC movilidad reducida;SALA;;NULL;NULL;n;3.000;5.200;15.600;0.000;15.600;0.347;0.000;2021-05-19;45;2021-07-03;NULL;0;NULL;;NULL;;MULTIUSO
H;H;H;H;aREAS VERDES Y RECREACIONALES;VERDE;;NULL;NULL;;NULL;NULL;NULL;NULL;NULL;NULL;NULL;NULL;NULL;NULL;NULL;NULL;NULL;VERDE;NULL;;
H.1;H.1;H;H.1;PREPARACIoN TERRENO;VERDE;;NULL;NULL;;NULL;NULL;NULL;NULL;NULL;NULL;NULL;NULL;NULL;NULL;NULL;NULL;NULL;;NULL;;
H.1.1;H.1.1;H;H.1;Escarpes;VERDE;;NULL;NULL;m3;199.230;1.270;253.020;0.000;253.020;2.811;0.070;2021-05-15;90;2021-08-12;NULL;0;NULL;;NULL;;VERDE
H.1.3;H.1.3;H;H.1;Solerillas;VERDE;;NULL;NULL;ml;185.240;0.290;53.720;0.000;53.720;0.597;0.020;2021-05-22;90;2021-08-19;NULL;0;NULL;;NULL;;VERDE
H.1.5;H.1.5;H;H.1;Base estabilizada ;VERDE;;NULL;NULL;m3;118.770;0.650;77.200;0.000;77.200;0.858;0.020;2021-05-29;90;2021-08-26;NULL;0;NULL;;NULL;;VERDE
H.1.6;H.1.6;H;H.1;Pavimento circulacion peatonal, areas de estar, juegos, etc.;VERDE;;NULL;NULL;;NULL;NULL;NULL;NULL;NULL;NULL;NULL;NULL;NULL;NULL;NULL;NULL;NULL;;NULL;;
H.1.6.1;H.1.6.1;H;H.1;Hormigon;VERDE;;NULL;NULL;m2;1696.660;0.560;950.130;6.170;956.300;10.626;0.280;2021-06-05;90;2021-09-03;NULL;0;NULL;;NULL;;VERDE
H.1.7;H.1.7;H;H.1;Obras Menores;VERDE;;NULL;NULL;;NULL;NULL;NULL;NULL;NULL;NULL;NULL;NULL;NULL;NULL;NULL;NULL;NULL;;NULL;;
H.1.7.1;H.1.7.1;H;H.1;Jardineras;VERDE;;NULL;NULL;n;72.000;5.450;392.400;0.000;392.400;4.360;0.110;2021-06-11;90;2021-09-09;NULL;0;NULL;;NULL;;VERDE
H.1.7.4;H.1.7.4;H;H.1;Sombreaderos;VERDE;;NULL;NULL;n;3.000;72.700;218.100;0.000;218.100;2.423;0.060;2021-06-11;90;2021-09-08;NULL;0;NULL;;NULL;;VERDE
H.2;H.2;H;H.2;INSTALACIoN ELeCTRICA;VERDE;;NULL;NULL;;NULL;NULL;NULL;NULL;NULL;NULL;NULL;NULL;NULL;NULL;NULL;NULL;NULL;;NULL;;
H.2.1;H.2.1;H;H.2;Empalme y medidor;VERDE;;NULL;NULL;n;3.000;8.180;24.540;0.000;24.540;1.636;0.010;2021-08-08;15;2021-08-23;NULL;0;NULL;;NULL;;VERDE
H.2.2;H.2.2;H;H.2;Red;VERDE;;NULL;NULL;ml;414.000;0.900;372.600;0.000;372.600;5.323;0.110;2021-05-15;70;2021-07-23;NULL;0;NULL;;NULL;;VERDE
H.2.3;H.2.3;H;H.2;Postacion ;VERDE;;NULL;NULL;n;23.000;12.720;292.560;0.000;292.560;4.179;0.080;2021-05-30;70;2021-08-08;NULL;0;NULL;;NULL;;VERDE
H.2.4;H.2.4;H;H.2;Luminarias ;VERDE;;NULL;NULL;n;23.000;4.300;98.900;0.000;98.900;1.413;0.030;2021-05-30;70;2021-08-08;NULL;0;NULL;;NULL;;VERDE
H.3;H.3;H;H.3;RIEGO;VERDE;;NULL;NULL;;NULL;NULL;NULL;NULL;NULL;NULL;NULL;NULL;NULL;NULL;NULL;NULL;NULL;;NULL;;
H.3.1;H.3.1;H;H.3;Medidor;VERDE;;NULL;NULL;n;1.000;4.550;4.550;0.000;4.550;0.303;0.000;2021-08-08;15;2021-08-22;NULL;0;NULL;;NULL;;VERDE
H.3.2;H.3.2;H;H.3;Red interior (inc. Camaras);VERDE;;NULL;NULL;ml;514.000;0.200;102.800;0.000;102.800;1.469;0.030;2021-05-30;70;2021-08-08;NULL;0;NULL;;NULL;;VERDE
H.4;H.4;H;H.4;MOBILIARIO URBANO (Bancas, juegos infantiles, maq. de ejercicio);VERDE;;NULL;NULL;;NULL;NULL;NULL;NULL;NULL;NULL;NULL;NULL;NULL;NULL;NULL;NULL;NULL;;NULL;;
H.4.1;H.4.1;H;H.4;Bancas o escanos;VERDE;;NULL;NULL;n;31.000;10.440;323.640;0.050;323.690;10.790;0.090;2021-09-09;30;2021-10-09;NULL;0;NULL;;NULL;;VERDE
H.4.2;H.4.2;H;H.4;Basureros;VERDE;;NULL;NULL;n;14.000;5.840;81.760;0.050;81.810;2.727;0.020;2021-09-09;30;2021-10-09;NULL;0;NULL;;NULL;;VERDE
H.4.3;H.4.3;H;H.4;Juegos infantiles;VERDE;;NULL;NULL;n;1.000;90.910;90.910;0.000;90.910;3.030;0.030;2021-09-09;30;2021-10-09;NULL;0;NULL;;NULL;;VERDE
H.4.4;H.4.4;H;H.4;Maquinas de ejercicios;VERDE;;NULL;NULL;n;3.000;9.090;27.270;0.000;27.270;0.909;0.010;2021-09-09;30;2021-10-08;NULL;0;NULL;;NULL;;VERDE
H.5;H.5;H;H.5;VEGETACIoN;VERDE;;NULL;NULL;;NULL;NULL;NULL;NULL;NULL;NULL;NULL;NULL;NULL;NULL;NULL;NULL;NULL;;NULL;;
H.5.2;H.5.2;H;H.5;arboles (incluye taza y tutor);VERDE;;NULL;NULL;n;72.000;2.720;195.840;0.000;195.840;2.176;0.060;2021-07-11;90;2021-10-09;NULL;0;NULL;;NULL;;VERDE
H.EX;H.EX;H;H.EX;PARTIDAS DE OBRAS DE aREAS VERDES Y RECREACIONALES AGREGADAS POR LA EMPRESA;VERDE;;NULL;NULL;;NULL;NULL;NULL;NULL;NULL;NULL;NULL;NULL;NULL;NULL;NULL;NULL;NULL;;NULL;;
H.EX.1;H.EX.1;H;H.EX;Bicicletero ;VERDE;;NULL;NULL;n;43.000;1.150;49.450;0.000;49.450;1.648;0.010;2021-09-09;30;2021-10-09;NULL;0;NULL;;NULL;;VERDE
H.EX.2;H.EX.2;H;H.EX;Paisajismo seco;VERDE;;NULL;NULL;m2;3984.600;0.200;796.920;0.000;796.920;26.564;0.230;2021-09-09;30;2021-10-08;NULL;0;NULL;;NULL;;VERDE
I;I;I;I;RECEPCION DOM Y DEPARTAMENTO PILOTO;;;NULL;NULL;;NULL;NULL;NULL;NULL;NULL;NULL;NULL;NULL;NULL;NULL;NULL;NULL;NULL;TERM;NULL;;
I.1;I.1;I;I.1;Recepcion Final ;;;NULL;NULL;n;1.000;0.000;0.000;0.000;0.000;0.000;0.000;1900-01-01;1;1900-01-01;NULL;NULL;NULL;;NULL;;LOTE
I.2;I.2;I;I.2;Departamento Piloto;;;NULL;NULL;n;1.000;0.000;0.000;0.000;0.000;0.000;0.000;1900-01-01;1;1900-01-01;NULL;NULL;NULL;;NULL;;LOTE
Z;Z;Z;;Ajuste Diferencia;;NULL;NULL;NULL;NULL;NULL;NULL;NULL;NULL;0.031;NULL;NULL;NULL;NULL;NULL;NULL;NULL;NULL;NULL;NULL;NULL;NULL
