ITEM;DSC;CONTEXTO;UNID_LINEA_TXT;CNT_LINEAS;MONTO_LINEA;UNIDAD;CANTIDAD;PRECIO;TOTAL_CALC;DIFF;TOTAL_INF;MONTO_X_DIA;PORC_PARTICIPA;P_INICIO;P_DIAS;P_FIN;R_INICIO;R_DIAS;R_FIN;TIPO;CNT_REF;CNT_DESC;MEDICION
A;OBRAS PRELIMINARES Y COMPLEMENTARIAS;LOTE EDIF_A EDIF_B EDIF_C DEPTO_TIPO DEPTO_MR DEPTO_INV;;;NULL;;NULL;NULL;NULL;NULL;NULL;NULL;NULL;NULL;NULL;NULL;NULL;NULL;NULL;INI;NULL;;
A.1;INSTALACION DE FAENAS Y OBRAS PRELIMINARES;LOTE;;;NULL;;NULL;NULL;NULL;NULL;NULL;NULL;NULL;NULL;NULL;NULL;NULL;NULL;NULL;;NULL;;
A.1.1;Construcciones provisorias;LOTE;;1;1783.16;m2;687.95;2.59;1781.79;1.37;1783.16;39.626;0.52;2020-04-01;45;2020-05-15;2020-05-21;68;2020-07-27;;NULL;;LOTE
A.1.2;Empalmes y conexiones provisorias;LOTE;;1;494.9;n;9;54.99;494.91;-0.01;494.9;10.998;0.14;2020-04-01;45;2020-05-15;NULL;0;NULL;;NULL;;LOTE
A.1.4;Cierros provisorios;LOTE;;1;459.88;ml;601.16;0.77;462.89;-3.01;459.88;9.198;0.13;2020-04-01;50;2020-05-20;2020-05-21;54;2020-07-13;;NULL;;LOTE
A.2;OBRAS COMPLEMENTARIAS;LOTE;;;NULL;;NULL;NULL;NULL;NULL;NULL;NULL;NULL;NULL;NULL;NULL;NULL;NULL;NULL;;NULL;;
A.2.1;Letreros de obra;LOTE;;1;53.62;n;1;53.62;53.62;0;53.62;1.787;0.02;2020-04-01;30;2020-05-01;NULL;0;NULL;;NULL;;LOTE
A.2.2;Aseo y entrega;LOTE;;1;2187.21;n;330;6.63;2187.9;-0.69;2187.21;24.302;0.63;2021-09-06;90;2021-12-05;NULL;0;NULL;;NULL;;LOTE
A.2.3;Retiro de escombros;LOTE;;1;3969.64;m3;12767.56;0.31;3957.94;11.7;3969.64;132.321;1.15;2020-04-01;30;2020-05-01;2020-06-04;57;2020-07-30;;NULL;;LOTE
A.3;CONTROL CALIDAD OBRAS (ensayos);EDIF_A EDIF_B EDIF_C;;;NULL;;NULL;NULL;NULL;NULL;NULL;NULL;NULL;NULL;NULL;NULL;NULL;NULL;NULL;;NULL;;
A.3.1;Suelos;EDIF_A EDIF_B EDIF_C;;;NULL;;NULL;NULL;NULL;NULL;NULL;NULL;NULL;NULL;NULL;NULL;NULL;NULL;NULL;;NULL;;
A.3.1.1;Proctor;EDIF_A EDIF_B EDIF_C;20 edificios;20;0.828;n;2;8.28;16.56;0;16.56;0.104;0;2020-05-04;160;2020-10-11;2020-08-07;NULL;NULL;;NULL;;EDIFICIO
A.3.1.2;CBR o Densidad relativa;EDIF_A EDIF_B EDIF_C;20 edificios;20;0.24;n;2;2.4;4.8;0;4.8;0.03;0;2020-05-04;160;2020-10-11;NULL;0;NULL;;NULL;;EDIFICIO
A.3.1.3;Limites de Aterberg;EDIF_A EDIF_B EDIF_C;20 edificios;20;0.25;n;2;2.5;5;0;5;0.031;0;2020-05-04;160;2020-10-11;NULL;0;NULL;;NULL;;EDIFICIO
A.3.1.4;Densidad maxima compactada seca;EDIF_A EDIF_B EDIF_C;20 edificios;20;0.63;n;36;0.35;12.6;0;12.6;0.074;0;2020-05-11;170;2020-10-28;2020-08-01;NULL;NULL;;NULL;;EDIFICIO
A.3.2;Madera;;;;NULL;;NULL;NULL;NULL;NULL;NULL;NULL;NULL;NULL;NULL;NULL;NULL;NULL;NULL;;NULL;;
A.3.3;Hormigon;EDIF_A EDIF_B EDIF_C;;;NULL;;NULL;NULL;NULL;NULL;NULL;NULL;NULL;NULL;NULL;NULL;NULL;NULL;NULL;;NULL;;
A.3.3.1;R Compresion;EDIF_A EDIF_B EDIF_C;20 edificios;20;108.225;n;117;1.85;216.45;0;216.45;1.082;0.06;2020-09-04;200;2021-03-23;NULL;0;NULL;;117;por piso + fund+techo;PISO
A.3.3.2;Docilidad ;EDIF_A EDIF_B EDIF_C;20 edificios;20;2.34;n;117;0.4;46.8;0;46.8;0.234;0.01;2020-09-04;200;2021-03-23;NULL;0;NULL;;117;por piso + fund+techo;PISO
A.3.4;Albanileria;;;;NULL;;NULL;NULL;NULL;NULL;NULL;NULL;NULL;NULL;NULL;NULL;NULL;NULL;NULL;;NULL;;
A.3.5;Instalaciones sanitarias;DEPTO_TIPO DEPTO_MR DEPTO_INV;;;NULL;;NULL;NULL;NULL;NULL;NULL;NULL;NULL;NULL;NULL;NULL;NULL;NULL;NULL;;NULL;;
A.3.5.1;Pruebas red agua potable;DEPTO_TIPO DEPTO_MR DEPTO_INV;330 deptos;330;0.19;n;330;0.19;62.7;0;62.7;0.285;0.02;2020-09-25;220;2021-05-03;NULL;0;NULL;;85;por piso;DEPTO
A.3.5.2;Pruebas red alcantarillado;DEPTO_TIPO DEPTO_MR DEPTO_INV;330 deptos;330;0.08;n;330;0.08;26.4;0;26.4;0.12;0.01;2020-09-25;220;2021-05-03;NULL;0;NULL;;85;por piso;DEPTO
A.3.6;Subrasante;;;;NULL;;NULL;NULL;NULL;NULL;NULL;NULL;NULL;NULL;NULL;NULL;NULL;NULL;NULL;;NULL;;
A.3.6.1;Proctor;;;;NULL;n;2;8.28;16.56;0;16.56;0.184;0;2021-03-31;90;2021-06-29;NULL;0;NULL;;NULL;;LOTE
A.3.6.2;CBR o Densidad relativa;;;;NULL;n;2;2.4;4.8;0;4.8;0.053;0;2021-03-31;90;2021-06-29;NULL;0;NULL;;NULL;;LOTE
A.3.6.3;Limites de Aterberg;;;;NULL;n;2;2.5;5;0;5;0.056;0;2021-03-31;90;2021-06-29;NULL;0;NULL;;NULL;;LOTE
A.3.6.4;Densidad maxima compactada seca;;;;NULL;n;39;0.35;13.65;0;13.65;0.161;0;2021-04-05;85;2021-06-29;NULL;0;NULL;;NULL;;LOTE
A.3.7;Sub base, base o mejoramientos;;;;NULL;;NULL;NULL;NULL;NULL;NULL;NULL;NULL;NULL;NULL;NULL;NULL;NULL;NULL;;NULL;;
A.3.7.1;Proctor;;;;NULL;n;6;8.28;49.68;0;49.68;0.497;0.01;2021-02-05;100;2021-05-16;NULL;0;NULL;;NULL;;LOTE
A.3.7.2;CBR o Densidad relativa;;;;NULL;n;6;2.4;14.4;0;14.4;0.144;0;2021-02-05;100;2021-05-16;NULL;0;NULL;;NULL;;LOTE
A.3.7.3;Limistes de Aterberg;;;;NULL;n;6;2.5;15;0;15;0.15;0;2021-02-05;100;2021-05-16;NULL;0;NULL;;NULL;;LOTE
A.3.7.5;Densidad maxima compactada seca;;;;NULL;n;39;0.35;13.65;0;13.65;0.152;0;2021-02-12;90;2021-05-13;NULL;0;NULL;;NULL;;LOTE
A.3.8;Cemento Asfaltico;;;;NULL;;NULL;NULL;NULL;NULL;NULL;NULL;NULL;NULL;NULL;NULL;NULL;NULL;NULL;;NULL;;
A.3.8.1;Ensayos de ligante;;;;NULL;n;2;4.36;8.72;0;8.72;0.291;0;2021-05-13;30;2021-06-12;NULL;0;NULL;;NULL;;LOTE
A.3.9;Mezcla asfaltica;;;;NULL;;NULL;NULL;NULL;NULL;NULL;NULL;NULL;NULL;NULL;NULL;NULL;NULL;NULL;;NULL;;
A.3.9.1;Ensayo Marshall;;;;NULL;n;1;2.5;2.5;0;2.5;0.083;0;2021-04-13;30;2021-05-13;NULL;0;NULL;;NULL;;LOTE
A.3.9.2;Ensayo de extraccion;;;;NULL;n;4;6.5;26;0;26;0.867;0.01;2021-05-13;30;2021-06-12;NULL;0;NULL;;NULL;;LOTE
A.3.9.3;Espesores;;;;NULL;n;4;3;12;0;12;0.8;0;2021-06-12;15;2021-06-27;NULL;0;NULL;;NULL;;LOTE
A.3.9.4;Granulometria de la mezcla;;;;NULL;n;4;3.5;14;0;14;0.467;0;2021-05-13;30;2021-06-12;NULL;0;NULL;;NULL;;LOTE
A.3.9.5;HI - LOW;;;;NULL;n;1;12.8;12.8;0;12.8;0.427;0;2021-06-12;30;2021-07-12;NULL;0;NULL;;NULL;;LOTE
A.3.10;Aceras;;;;NULL;;NULL;NULL;NULL;NULL;NULL;NULL;NULL;NULL;NULL;NULL;NULL;NULL;NULL;;NULL;;
A.3.10.1;R Compresion;;;;NULL;n;3;2.73;8.19;0;8.19;0.091;0;2021-02-27;90;2021-05-28;NULL;0;NULL;;NULL;;LOTE
A.3.11;Soleras;;;;NULL;;NULL;NULL;NULL;NULL;NULL;NULL;NULL;NULL;NULL;NULL;NULL;NULL;NULL;;NULL;;
A.3.11.1;Resistencia a Compresion;;;;NULL;n;1;4.37;4.37;0;4.37;0.049;0;2021-01-29;90;2021-04-29;NULL;0;NULL;;NULL;;LOTE
B;OBRA GRUESA;LOSA PISO EDIF_A EDIF_B EDIF_C DEPTO_TIPO DEPTO_MR DEPTO_INV;;;NULL;;NULL;NULL;NULL;NULL;NULL;NULL;NULL;NULL;NULL;NULL;NULL;NULL;NULL;EDIFICIO;NULL;;
B.1;FUNDACIONES;LOSA;;;NULL;;NULL;NULL;NULL;NULL;NULL;NULL;NULL;NULL;NULL;NULL;NULL;NULL;NULL;;NULL;;
B.1.1;Replanteo, trazado y niveles;LOSA;20 edificios;20;126.935;m2;1586.69;0.16;253.87;0;253.87;1.09;0.07;2020-05-25;233;2021-01-13;2020-06-01;NULL;NULL;;20;por edificio;EDIFICIO
B.1.2;Excavacion;LOSA;20 edificios;20;233.225;m3;748.81;0.62;464.26;2.19;466.45;2.002;0.13;2020-05-26;233;2021-01-14;2020-06-16;45;2020-07-30;;20;por edificio;EDIFICIO
B.1.3;Emplantillado;LOSA;20 edificios;20;43.012;m3;296.88;2.9;860.95;-0.71;860.24;3.692;0.25;2020-06-02;233;2021-01-21;2020-08-17;NULL;NULL;;20;por edificio;EDIFICIO
B.1.4;Hormigon cimientos ;LOSA;20 edificios;20;4.860.315;m3;2793.28;3.48;9720.61;0.02;9720.63;64.804;2.81;2020-09-04;150;2021-02-01;NULL;0;NULL;;20;por edificio;EDIFICIO
B.1.6;Enfierradura;LOSA;20 edificios;20;511.929;kg;255964.38;0.04;10238.58;0;10238.58;68.257;2.96;2020-08-27;150;2021-01-24;2020-08-14;NULL;NULL;;20;por edificio;EDIFICIO
B.1.7;Moldajes;LOSA;20 edificios;20;4.143.485;m2;23019.35;0.36;8286.97;0;8286.97;55.246;2.4;2020-09-03;150;2021-01-31;NULL;0;NULL;;20;por edificio;EDIFICIO
B.3;MUROS 1 piso ;EDIF_A EDIF_B EDIF_C;;;NULL;;NULL;NULL;NULL;NULL;NULL;NULL;NULL;NULL;NULL;NULL;NULL;NULL;NULL;;NULL;;
B.3.1;Hormigon Armado;EDIF_A EDIF_B EDIF_C;;;NULL;;NULL;NULL;NULL;NULL;NULL;NULL;NULL;NULL;NULL;NULL;NULL;NULL;NULL;;NULL;;
B.3.1.1;Hormigon pilares Vigas y Cadenas;EDIF_A EDIF_B EDIF_C;20 edificios+5medios;22,5;1.520.924;m3;1069.4;3.2;3422.08;0;3422.08;19.012;0.99;2020-09-24;180;2021-03-23;NULL;0;NULL;;40;por ciclo, solo nvl1;PISO
B.3.1.2;Enfierradura pilares,vigas y cadenas;EDIF_A EDIF_B EDIF_C;20 edificios+5medios;22,5;1.948.307;kg;109592.34;0.04;4383.69;0;4383.69;24.354;1.27;2020-09-21;180;2021-03-20;NULL;0;NULL;;40;por ciclo, solo nvl1;PISO
B.3.1.3;Moldajes pilares vigas y cadenas;EDIF_A EDIF_B EDIF_C;20 edificios+5medios;22,5;1.190.787;m2;7442.41;0.36;2679.27;0;2679.27;14.885;0.77;2020-09-22;180;2021-03-21;NULL;0;NULL;;40;por ciclo, solo nvl1;PISO
B.4;ENTREPISO 1 piso - 2 piso - 3 piso - Losa 4 piso;EDIF_A EDIF_B EDIF_C;;;NULL;;NULL;NULL;NULL;NULL;NULL;NULL;NULL;NULL;NULL;NULL;NULL;NULL;NULL;;NULL;;
B.4.1;Losa de hormigon armado;EDIF_A EDIF_B EDIF_C;;;NULL;;NULL;NULL;NULL;NULL;NULL;NULL;NULL;NULL;NULL;NULL;NULL;NULL;NULL;;NULL;;
B.4.1.1;Hormigon ;EDIF_A EDIF_B EDIF_C;4 x20 edificios+5medios;82,5;1.276.044;m3;3289.8;3.2;10527.36;0;10527.36;56.905;3.04;2020-09-24;185;2021-04-30;NULL;0;NULL;;165;por ciclo x piso;PISO
B.4.1.2;Enfierradura;EDIF_A EDIF_B EDIF_C;4 x20 edificios+5medios;82,5;1.531.133;kg;315796.23;0.04;12631.85;0;12631.85;68.28;3.65;2020-09-23;185;2021-04-30;NULL;0;NULL;;165;por ciclo x piso;PISO
B.4.1.3;Moldajes;EDIF_A EDIF_B EDIF_C;4 x20 edificios+5medios;82,5;1.133.368;m2;25973.04;0.36;9350.29;0;9350.29;50.542;2.7;2020-09-22;185;2021-04-30;NULL;0;NULL;;165;por ciclo x piso;PISO
B.5;MUROS 2 PISO - 3 PISO - 4 PISO;EDIF_A EDIF_B EDIF_C;;;NULL;;NULL;NULL;NULL;NULL;NULL;NULL;NULL;NULL;NULL;NULL;NULL;NULL;NULL;;NULL;;
B.5.1;Hormigon armado;EDIF_A EDIF_B EDIF_C;;;NULL;;NULL;NULL;NULL;NULL;NULL;NULL;NULL;NULL;NULL;NULL;NULL;NULL;NULL;;NULL;;
B.5.1.1;Hormigon pilares Vigas y Cadenas;EDIF_A EDIF_B EDIF_C;3 x20 edificios;60;161.187;m3;3022.26;3.2;9671.23;-0.01;9671.22;53.729;2.8;2020-09-26;180;2021-04-30;NULL;0;NULL;;130;por ciclo x 3 pisos;PISO
B.5.1.2;Enfierradura pilares,vigas y cadenas;EDIF_A EDIF_B EDIF_C;3 x20 edificios;60;2.055.952;kg;308392.75;0.04;12335.71;0;12335.71;68.532;3.57;2020-09-25;180;2021-04-30;NULL;0;NULL;;130;por ciclo x 3 pisos;PISO
B.5.1.3;Moldajes pilares vigas y cadenas;EDIF_A EDIF_B EDIF_C;3 x20 edificios;60;152.568;m2;25427.99;0.36;9154.08;0;9154.08;50.856;2.65;2020-09-26;180;2021-04-30;NULL;0;NULL;;130;por ciclo x 3 pisos;PISO
B.6;CUBIERTA;;;;NULL;;NULL;NULL;NULL;NULL;NULL;NULL;NULL;NULL;NULL;NULL;NULL;NULL;NULL;;NULL;;
B.6.1;Estructura ;;;;NULL;;NULL;NULL;NULL;NULL;NULL;NULL;NULL;NULL;NULL;NULL;NULL;NULL;NULL;;NULL;;
B.6.3.2;Bajadas;;;;NULL;ml;425;2.2;935;0;935;5.844;0.27;2021-02-02;160;2021-04-30;NULL;0;NULL;;NULL;;PISO
B.7;ESCALERAS ESPACIOS COMUNES;PISO;;;NULL;;NULL;NULL;NULL;NULL;NULL;NULL;NULL;NULL;NULL;NULL;NULL;NULL;NULL;;NULL;;
B.7.1;Escalera (estructura, peldanos, baranda y pasamanos);PISO;65 escaleras dobles pero incl pasillo;85;20.73;n;85;20.73;1762.05;0;1762.05;11.747;0.51;2020-11-30;150;2021-04-30;NULL;0;NULL;;85;(80)por piso+(5)nvl-1;PISO
B.EX;PARTIDAS DE OBRA GRUESA AGREGADAS POR LA EMPRESA;;;;NULL;;NULL;NULL;NULL;NULL;NULL;NULL;NULL;NULL;NULL;NULL;NULL;NULL;NULL;;NULL;;
B.EX.1;Sobrelosa techumbre;EDIF_A EDIF_B EDIF_C;20 edificios;20;1.415.185;m2;5896.6;0.48;2830.37;0;2830.37;17.69;0.82;2021-01-02;160;2021-05-15;NULL;0;NULL;;40;por ciclo edificio;EDIFICIO
B.EX.2;Junta dilatacion;EDIF_A EDIF_B EDIF_C;15 edificios 10-11-12  8-7  6-5-4 1-2-3  13-14  15-16;15;206.233;m2;542.72;0.57;309.35;0;309.35;1.406;0.09;2020-09-04;220;2021-05-15;NULL;0;NULL;;40;por ciclo edificio;EDIFICIO
C;OBRAS DE TERMINACIoN;PISO EDIF_A EDIF_B EDIF_C DEPTO_TIPO DEPTO_MR DEPTO_INV;;;NULL;;NULL;NULL;NULL;NULL;NULL;NULL;NULL;NULL;NULL;NULL;NULL;NULL;NULL;DEPTO;NULL;;
C.1;REVESTIMIENTOS MUROS Y TABIQUES ;DEPTO_TIPO DEPTO_MR DEPTO_INV;;;NULL;;NULL;NULL;NULL;NULL;NULL;NULL;NULL;NULL;NULL;NULL;NULL;NULL;NULL;;NULL;;
C.1.1;Exterior;DEPTO_TIPO DEPTO_MR DEPTO_INV;;;NULL;;NULL;NULL;NULL;NULL;NULL;NULL;NULL;NULL;NULL;NULL;NULL;NULL;NULL;;NULL;;
C.1.1.1;Estuco(Maquillaje de superficies);DEPTO_TIPO DEPTO_MR DEPTO_INV;330 deptos;330;272.611;m2;15035.44;0.6;9021.26;-25.1;8996.16;49.979;2.6;2020-12-01;180;2021-05-30;NULL;0;NULL;;330;por depto;DEPTO
C.1.2;Interior zona seca;DEPTO_TIPO DEPTO_MR DEPTO_INV;;;NULL;;NULL;NULL;NULL;NULL;NULL;NULL;NULL;NULL;NULL;NULL;NULL;NULL;NULL;;NULL;;
C.1.2.1;Estuco(Maquillaje de superficies);DEPTO_TIPO DEPTO_MR DEPTO_INV;330 deptos;330;165.682;m2;25656.12;0.21;5387.79;79.71;5467.5;30.375;1.58;2020-12-01;180;2021-05-30;NULL;0;NULL;;330;por depto;DEPTO
C.1.2.2;Yeso carton;DEPTO_TIPO DEPTO_MR DEPTO_INV;330 deptos;330;139.222;m2;8075.46;0.57;4603.01;-8.69;4594.32;25.524;1.33;2020-12-08;180;2021-06-06;NULL;0;NULL;;330;por depto;DEPTO
C.1.3;Interior zona humeda;DEPTO_TIPO DEPTO_MR DEPTO_INV;;;NULL;;NULL;NULL;NULL;NULL;NULL;NULL;NULL;NULL;NULL;NULL;NULL;NULL;NULL;;NULL;;
C.1.3.3;Yeso carton RH;DEPTO_TIPO DEPTO_MR DEPTO_INV;330 deptos;330;223.542;m2;9268.00;0.8;7414.4;-37.52;7376.88;40.983;2.13;2020-12-08;180;2021-06-06;NULL;0;NULL;;330;por depto;DEPTO
C.3;CIELO;DEPTO_TIPO DEPTO_MR DEPTO_INV;;;NULL;;NULL;NULL;NULL;NULL;NULL;NULL;NULL;NULL;NULL;NULL;NULL;NULL;NULL;;NULL;;
C.3.1;Enlucido losa;DEPTO_TIPO DEPTO_MR DEPTO_INV;330 deptos;330;136.436;m2;19437.87;0.23;4470.71;31.68;4502.39;25.013;1.3;2020-12-01;180;2021-05-30;NULL;0;NULL;;330;por depto;DEPTO
C.4;AISLACIoN TeRMICA CUBIERTA;DEPTO_TIPO DEPTO_MR DEPTO_INV;;;NULL;;NULL;NULL;NULL;NULL;NULL;NULL;NULL;NULL;NULL;NULL;NULL;NULL;NULL;;NULL;;
C.4.1;Poliestireno expandido;DEPTO_TIPO DEPTO_MR DEPTO_INV;;;NULL;m2;5896.6;0.25;1474.15;0;1474.15;9.213;0.43;2020-12-01;160;2021-05-10;NULL;0;NULL;;20;por edificio;DEPTO
C.5;REVESTIMIENTO PISOS;DEPTO_TIPO DEPTO_MR DEPTO_INV;;;NULL;;NULL;NULL;NULL;NULL;NULL;NULL;NULL;NULL;NULL;NULL;NULL;NULL;NULL;;NULL;;
C.5.1;Ceramica;DEPTO_TIPO DEPTO_MR DEPTO_INV;330 deptos;330;100.583;m2;6157.78;0.54;3325.2;-5.97;3319.23;18.44;0.96;2021-01-07;180;2021-07-06;NULL;0;NULL;;330;por depto;DEPTO
C.7;ESCALERA INTERIOR;PISO DEPTO_TIPO DEPTO_MR DEPTO_INV;;;NULL;;NULL;NULL;NULL;NULL;NULL;NULL;NULL;NULL;NULL;NULL;NULL;NULL;NULL;;NULL;;
C.7.1;Escalera Edificios (Terminacion, peldanos, baranda y pasamanos);PISO;65 escaleras dobles pero incl pasillo;85;175.928;n;85;17.59;1495.15;0.24;1495.39;9.969;0.43;2020-12-30;150;2021-05-29;NULL;0;NULL;;NULL;NO CONSIDERAR;PISO
C.9;PUERTAS Y VENTANAS;DEPTO_TIPO DEPTO_MR DEPTO_INV;;;NULL;;NULL;NULL;NULL;NULL;NULL;NULL;NULL;NULL;NULL;NULL;NULL;NULL;NULL;;NULL;;
C.9.1;Marcos;DEPTO_TIPO DEPTO_MR DEPTO_INV;;;NULL;;NULL;NULL;NULL;NULL;NULL;NULL;NULL;NULL;NULL;NULL;NULL;NULL;NULL;;NULL;;
C.9.1.1;Madera;DEPTO_TIPO DEPTO_MR DEPTO_INV;6 x330 deptos;330;32.699;n;1978.00;0.55;1087.9;-8.84;1079.06;5.995;0.31;2020-12-28;180;2021-06-26;NULL;0;NULL;;330;(6) por depto;DEPTO
C.9.2;Puertas interiores;DEPTO_TIPO DEPTO_INV;;;NULL;;NULL;NULL;NULL;NULL;NULL;NULL;NULL;NULL;NULL;NULL;NULL;NULL;NULL;;NULL;;
C.9.2.1;Puerta ancho 70;DEPTO_TIPO DEPTO_INV;4 x328 deptos;328;63.423;n;1312.00;1.59;2086.08;-5.82;2080.26;11.557;0.6;2020-12-28;180;2021-06-26;NULL;0;NULL;;330;(4) por depto;DEPTOTIPO
C.9.3;Puerta exteriores;DEPTO_TIPO DEPTO_MR DEPTO_INV;;;NULL;;NULL;NULL;NULL;NULL;NULL;NULL;NULL;NULL;NULL;NULL;NULL;NULL;NULL;;NULL;;
C.9.3.2;Puerta ancho 85;DEPTO_TIPO DEPTO_INV;1 x328 deptos;328;29.255;n;328;2.93;961.04;-1.48;959.56;5.331;0.28;2020-12-28;180;2021-06-26;NULL;0;NULL;;328;por depto - MR;DEPTOTIPO
C.9.3.3;Puerta ventana;DEPTO_TIPO DEPTO_MR DEPTO_INV;1 x330 deptos;330;4.715;n;330;4.72;1557.6;-1.65;1555.95;8.644;0.45;2020-12-28;180;2021-06-26;NULL;0;NULL;;330;por depto;DEPTO
C.9.4;Quincalleria (incluye chapas, perillas, bisagras y topes);DEPTO_TIPO DEPTO_MR DEPTO_INV;;;NULL;;NULL;NULL;NULL;NULL;NULL;NULL;NULL;NULL;NULL;NULL;NULL;NULL;NULL;;NULL;;
C.9.4.1;Puerta principal;DEPTO_TIPO DEPTO_MR DEPTO_INV;1 x330 deptos;330;15.412;n;330;1.54;508.2;0.38;508.58;2.825;0.15;2020-12-30;180;2021-06-28;NULL;0;NULL;;330;por depto;DEPTO
C.9.4.2;Bano;DEPTO_TIPO DEPTO_INV;1 x328 deptos;328;0.5255;n;328;0.53;173.84;-1.46;172.38;0.958;0.05;2020-12-30;180;2021-06-28;NULL;0;NULL;;328;por depto - MR;DEPTOTIPO
C.9.4.3;Interior;DEPTO_TIPO DEPTO_INV;3 x328 deptos;328;16.066;n;984;0.54;531.36;-4.38;526.98;2.928;0.15;2020-12-30;180;2021-06-28;NULL;0;NULL;;330;(3) por depto;DEPTO
C.9.5;Ventanas (incluye quincalleria);DEPTO_TIPO DEPTO_MR DEPTO_INV;;;NULL;;NULL;NULL;NULL;NULL;NULL;NULL;NULL;NULL;NULL;NULL;NULL;NULL;NULL;;NULL;;
C.9.5.1;Aluminio;DEPTO_TIPO DEPTO_MR DEPTO_INV;5 x330 deptos;330;422.531;m2;4156.04;3.36;13964.29;-20.76;13943.53;77.464;4.03;2020-12-15;180;2021-06-13;NULL;0;NULL;;330;(5) por depto;DEPTO
C.9.6;Vidrios;DEPTO_TIPO DEPTO_MR DEPTO_INV;5 x330 deptos;330;22.669;m2;4156.04;0.18;748.09;0;748.09;4.156;0.22;2020-12-15;180;2021-06-13;NULL;0;NULL;;330;(5) por depto;DEPTO
C.9.7;Alfeizar;DEPTO_TIPO DEPTO_MR DEPTO_INV;;;NULL;;NULL;NULL;NULL;NULL;NULL;NULL;NULL;NULL;NULL;NULL;NULL;NULL;NULL;;NULL;;
C.9.7.2;Hormigon;DEPTO_TIPO DEPTO_MR DEPTO_INV;330 deptos;330;14.024;ml;1157.00;0.4;462.8;0;462.8;3.085;0.13;2020-12-01;150;2021-04-30;NULL;0;NULL;;330;por depto;DEPTO
C.10;MOLDURAS;DEPTO_TIPO DEPTO_MR DEPTO_INV;;;NULL;;NULL;NULL;NULL;NULL;NULL;NULL;NULL;NULL;NULL;NULL;NULL;NULL;NULL;;NULL;;
C.10.2;Cornizas;DEPTO_TIPO DEPTO_MR DEPTO_INV;330 deptos;330;30.846;ml;13987.67;0.07;979.14;38.78;1017.92;5.655;0.29;2020-12-28;180;2021-06-26;NULL;0;NULL;;330;por depto;DEPTO
C.11;PINTURAS;DEPTO_TIPO DEPTO_MR DEPTO_INV;;;NULL;;NULL;NULL;NULL;NULL;NULL;NULL;NULL;NULL;NULL;NULL;NULL;NULL;NULL;;NULL;;
C.11.1;oleo;DEPTO_TIPO DEPTO_MR DEPTO_INV;330 deptos;330;0.2161;m2;467.25;0.15;70.09;1.21;71.3;0.357;0.02;2021-01-07;200;2021-07-26;NULL;0;NULL;;330;por depto;DEPTO
C.11.2;Esmalte;DEPTO_TIPO DEPTO_MR DEPTO_INV;330 deptos;330;93.038;m2;17057.05;0.18;3070.27;0;3070.27;15.351;0.89;2020-12-15;200;2021-07-03;NULL;0;NULL;;330;por depto;DEPTO
C.11.5;Antioxidos;DEPTO_TIPO DEPTO_MR DEPTO_INV;330 deptos;330;16.112;m2;1626.03;0.33;536.59;-4.89;531.7;2.659;0.15;2020-12-15;200;2021-07-03;NULL;0;NULL;;330;por depto;DEPTO
C.11.6;Impermeabilizacion muro;DEPTO_TIPO DEPTO_MR DEPTO_INV;330 deptos;330;26.936;m2;3136.55;0.28;878.23;10.65;888.88;5.926;0.26;2020-12-15;150;2021-05-14;NULL;0;NULL;;330;por depto;DEPTO
C.11.7;Preparacion de superficie;DEPTO_TIPO DEPTO_MR DEPTO_INV;330 deptos;330;97.715;m2;59168.03;0.05;2958.4;266.19;3224.59;14.02;0.93;2020-12-15;230;2021-08-02;NULL;0;NULL;;330;por depto;DEPTO
C.12;OBRAS EXTERIORES;EDIF_A EDIF_B EDIF_C;;;NULL;;NULL;NULL;NULL;NULL;NULL;NULL;NULL;NULL;NULL;NULL;NULL;NULL;NULL;;NULL;;
C.12.1;Pavimento de Acceso ;EDIF_A EDIF_B EDIF_C;;;NULL;;NULL;NULL;NULL;NULL;NULL;NULL;NULL;NULL;NULL;NULL;NULL;NULL;NULL;;NULL;;
C.12.1.2;Acera hormigon;EDIF_A EDIF_B EDIF_C;n x20 edificios;20;200.205;m2;1696.66;0.24;407.2;-6.79;400.41;4.449;0.12;2021-05-15;90;2021-08-13;NULL;0;NULL;;NULL;;EDIFICIO
C.12.2;Cierros;EDIF_A EDIF_B EDIF_C;;;NULL;;NULL;NULL;NULL;NULL;NULL;NULL;NULL;NULL;NULL;NULL;NULL;NULL;NULL;;NULL;;
C.12.2.1;Reja antejardin (incluye puertas y portones, alt. 1.80 m.);EDIF_A EDIF_B EDIF_C;n x20 edificios;20;418.655;ml;220.87;3.79;837.1;0.21;837.31;9.303;0.24;2021-06-05;90;2021-09-03;NULL;0;NULL;;NULL;?;EDIFICIO
C.EX;PARTIDAS DE OBRAS DE TERMINACIoN  AGREGADAS POR LA EMPRESA;PISO EDIF_A EDIF_B EDIF_C DEPTO_TIPO DEPTO_MR DEPTO_INV;;;NULL;;NULL;NULL;NULL;NULL;NULL;NULL;NULL;NULL;NULL;NULL;NULL;NULL;NULL;;NULL;;
C.EX.1;Ceramica Muro ;DEPTO_TIPO DEPTO_MR DEPTO_INV;330 deptos;330;3.058;m2;1881.29;0.54;1015.9;-6.77;1009.13;5.606;0.29;2021-01-07;180;2021-07-06;NULL;0;NULL;;330;por depto;DEPTO
C.EX.2;Puerta de instalaciones shaft(ancho 135);EDIF_A EDIF_B EDIF_C;20 edificios;20;5.738;n;20;5.74;114.8;-0.04;114.76;0.765;0.03;2021-03-08;150;2021-08-05;NULL;0;NULL;;20;por edif;EDIFICIO
C.EX.3;Puerta de instalaciones (ancho 90);EDIF_A EDIF_B EDIF_C;20 edificios;20;2.869;n;20;2.87;57.4;-0.02;57.38;0.383;0.02;2021-03-08;150;2021-08-05;NULL;0;NULL;;20;por edif;EDIFICIO
C.EX.4;Puerta de instalaciones (ancho 75);PISO;85 pisos;85;2.498;n;85;2.5;212.5;-0.17;212.33;1.416;0.06;2021-03-08;150;2021-08-05;NULL;0;NULL;;85;por piso;PISO
C.EX.5;Quincalleria Puerta Instalaciones ;EDIF_A EDIF_B EDIF_C;n x20 edificios;20;6.803;n;125;1.09;136.25;-0.19;136.06;0.907;0.04;2021-03-10;150;2021-08-07;NULL;0;NULL;;125;por puertas;PISO
C.EX.6;Puerta Movilidad Reducida (Acceso);DEPTO_MR;2 deptos;2;2.4;n;2;2.4;4.8;0;4.8;0.027;0;2020-12-28;180;2021-06-26;NULL;0;NULL;;2;por MR;DEPTOMR
C.EX.7;Puerta Movilidad Reducida  (Bano);DEPTO_MR;2 deptos;2;3.245;n;2;3.25;6.5;-0.01;6.49;0.036;0;2020-12-28;180;2021-06-26;NULL;0;NULL;;2;por MR;DEPTOMR
C.EX.8;Puerta Movilidad Reducida (Dormitorios);DEPTO_MR;2 x2 deptos;2;6.49;n;4;3.25;13;-0.02;12.98;0.072;0;2020-12-28;180;2021-06-26;NULL;0;NULL;;4;(2) por MR;DEPTOMR
C.EX.9;Quincalleria Puerta Movilidad Reducida (Bano);DEPTO_MR;2 deptos;2;1.075;n;2;1.08;2.16;-0.01;2.15;0.012;0;2020-12-29;180;2021-06-27;NULL;0;NULL;;2;por MR;DEPTOMR
C.EX.10;Quincalleria Puerta Movilidad Reducida (Dormitorios);DEPTO_MR;2 x2 deptos;2;2.005;n;4;1;4;0.01;4.01;0.022;0;2020-12-06;180;2021-06-04;NULL;0;NULL;;4;(2) por MR;DEPTOMR
C.EX.11;Pintura Fachada ;DEPTO_TIPO DEPTO_MR DEPTO_INV;330 deptos;330;305.789;m2;24612.28;0.41;10091.03;0.01;10091.04;43.874;2.92;2021-01-04;230;2021-08-22;NULL;0;NULL;;330;por depto;PISO
C.EX.12;Carpinteria metalica;;;;NULL;kg;9893.94;0.13;1286.21;-8.09;1278.12;8.521;0.37;2020-12-30;150;2021-05-29;NULL;0;NULL;;330;por depto;DEPTO
C.EX.13;Puertas nichos gas;EDIF_A EDIF_B EDIF_C;2 x20 edificios;20;116.265;n;40;5.81;232.4;0.13;232.53;1.057;0.07;2021-02-15;220;2021-09-23;NULL;0;NULL;;40;piso intermedio;PISO
C.EX.14;Impermeabilizacion cubierta;;;;NULL;m2;5896.6;0.18;1061.39;-29.48;1031.91;6.449;0.3;2021-01-09;160;2021-06-18;NULL;0;NULL;;20;por edificio;PISO
C.EX.15;Muebles (cocina, closet ecologico, puertas closet casas mov. reducida);PISO DEPTO_TIPO DEPTO_MR DEPTO_INV;1x piso + 330 dpto;415;4.079;n;415;4.08;1693.2;-0.41;1692.79;9.404;0.49;2021-01-22;180;2021-07-21;NULL;0;NULL;;415;no se;DEPTO
C.EX.16;Endurecedor superficial;;;;NULL;m2;14500.2;0.15;2175.03;0;2175.03;11.757;0.63;2020-09-24;185;2021-03-28;NULL;0;NULL;;330;por depto;PISO
C.EX.17;Estructura acera galvanizado tabiqueria;DEPTO_TIPO DEPTO_MR DEPTO_INV;330 deptos;330;82.133;m2;17374.23;0.16;2779.88;-69.5;2710.38;15.058;0.78;2020-12-08;180;2021-06-06;NULL;0;NULL;;330;por depto;DEPTO
D;INSTALACIONES ;LOTE PISO EDIF_A EDIF_B EDIF_C DEPTO_TIPO DEPTO_MR DEPTO_INV;;;NULL;;NULL;NULL;NULL;NULL;NULL;NULL;NULL;NULL;NULL;NULL;NULL;NULL;NULL;DEPTO;NULL;;
D.1;ARTEFACTOS SANITARIOS (Incl. griferia);DEPTO_TIPO DEPTO_MR DEPTO_INV;;;NULL;;NULL;NULL;NULL;NULL;NULL;NULL;NULL;NULL;NULL;NULL;NULL;NULL;NULL;;NULL;;
D.1.1;WC;DEPTO_TIPO DEPTO_INV;328 deptos;328;21.951;n;328;2.2;721.6;-1.61;719.99;3.6;0.21;2021-02-06;200;2021-08-25;NULL;0;NULL;;328;por depto -MR;DEPTOTIPO
D.1.2;Lavamanos con pedestal;DEPTO_TIPO DEPTO_INV;328 deptos;328;15.052;n;328;1.51;495.28;-1.58;493.7;2.469;0.14;2021-02-06;200;2021-08-25;NULL;0;NULL;;328;por depto -MR;DEPTOTIPO
D.1.3;Lavamanos sin pedestal (viv. Movilidad Reducida);DEPTO_MR;2 deptos;2;7.905;n;2;7.91;15.82;-0.01;15.81;0.079;0;2021-02-06;200;2021-08-25;NULL;0;NULL;;2;por MR;DEPTOMR
D.1.4;Tina ;DEPTO_TIPO DEPTO_INV;328 deptos;328;22.451;n;328;2.25;738;-1.61;736.39;3.682;0.21;2021-02-06;200;2021-08-25;NULL;0;NULL;;328;por depto -MR;DEPTOTIPO
D.1.5;Base ducha;DEPTO_MR;2 deptos;2;10.375;n;2;10.37;20.74;0.01;20.75;0.104;0.01;2021-02-06;200;2021-08-25;NULL;0;NULL;;2;por MR;DEPTOMR
D.1.6;Lavadero;DEPTO_TIPO DEPTO_MR DEPTO_INV;330 deptos;330;13.651;n;330;1.37;452.1;-1.62;450.48;2.252;0.13;2021-02-06;200;2021-08-25;NULL;0;NULL;;330;por depto;DEPTO
D.1.7;Lavaplatos para mueble ;DEPTO_TIPO DEPTO_INV;328 deptos;328;15.379;n;328;1.54;505.12;-0.68;504.44;2.522;0.15;2021-02-06;200;2021-08-25;NULL;0;NULL;;328;por depto -MR;DEPTOTIPO
D.1.8;Accesorios (portarrollo);DEPTO_TIPO DEPTO_MR DEPTO_INV;330 deptos;330;0.2491;jgo;330;0.25;82.5;-0.31;82.19;0.411;0.02;2021-03-08;200;2021-09-24;NULL;0;NULL;;330;por depto;DEPTO
D.1.9;Barras W.C.;DEPTO_MR;2 deptos;2;3.465;jgo;2;3.47;6.94;-0.01;6.93;0.116;0;2021-07-13;60;2021-09-11;NULL;0;NULL;;2;por MR;DEPTOMR
D.1.10;Barras ducha (discapacidad);DEPTO_INV;13 deptos;13;20.792;jgo;13;2.08;27.04;-0.01;27.03;0.451;0.01;2021-07-13;60;2021-09-11;NULL;0;NULL;;13;por Discap.;DEPTOINV
D.2;RED AGUA POTABLE;LOTE DEPTO_TIPO DEPTO_MR DEPTO_INV;;;NULL;;NULL;NULL;NULL;NULL;NULL;NULL;NULL;NULL;NULL;NULL;NULL;NULL;NULL;;NULL;;
D.2.1;MAP ;LOTE;;1;200;n;1;200;200;0;200;4.444;0.06;2021-07-19;45;2021-09-02;NULL;0;NULL;;NULL;;LOTE
D.2.2;Remarcadores (condominios y edificios);LOTE;;1;9.09;n;1;9.09;9.09;0;9.09;0.152;0;2021-07-19;60;2021-09-17;NULL;0;NULL;;NULL;;LOTE
D.2.3;Red  areas comunes (condominios y edificios);DEPTO_TIPO DEPTO_MR DEPTO_INV;330 deptos;330;13.08;n;330;13.08;4316.4;0;4316.4;23.98;1.25;2021-02-15;180;2021-08-14;NULL;0;NULL;;NULL;? Por piso;PISO
D.2.4;Red interior agua fria;DEPTO_TIPO DEPTO_MR DEPTO_INV;330 deptos;330;11.5;n;330;11.5;3795;0;3795.00;21.083;1.1;2020-09-25;180;2021-03-24;2020-08-10;NULL;NULL;;85;por piso;DEPTO
D.2.5;Red interior agua caliente;DEPTO_TIPO DEPTO_MR DEPTO_INV;330 deptos;330;7.4;n;330;7.4;2442;0;2442.00;13.567;0.71;2020-09-25;180;2021-03-24;2020-08-10;NULL;NULL;;85;por piso;DEPTO
D.3;RED ALCANTARILLADO;EDIF_A EDIF_B EDIF_C DEPTO_TIPO DEPTO_MR DEPTO_INV;;;NULL;;NULL;NULL;NULL;NULL;NULL;NULL;NULL;NULL;NULL;NULL;NULL;NULL;NULL;;NULL;;
D.3.1;UD;EDIF_A EDIF_B EDIF_C;20 edificios;20;16.37;n;20;16.37;327.4;0;327.4;2.183;0.09;2020-08-27;150;2021-01-24;NULL;0;NULL;;20;por edif;EDIFICIO
D.3.2;Red interior ;DEPTO_TIPO DEPTO_MR DEPTO_INV;330 deptos;330;10.3;n;330;10.3;3399;0;3399.00;19.994;0.98;2020-12-08;170;2021-05-27;2020-08-10;NULL;NULL;;85;por piso;DEPTO
D.3.4;Camara de inspeccion;EDIF_A EDIF_B EDIF_C;20 edificios;20;16.4;n;20;16.4;328;0;328;5.467;0.09;2021-06-15;60;2021-08-14;NULL;0;NULL;;20;por edificio;EDIFICIO
D.4;INSTALACIONES ELeCTRICAS;EDIF_A EDIF_B EDIF_C DEPTO_TIPO DEPTO_MR DEPTO_INV;;;NULL;;NULL;NULL;NULL;NULL;NULL;NULL;NULL;NULL;NULL;NULL;NULL;NULL;NULL;;NULL;;
D.4.1;Medidor y Empalmes;EDIF_A EDIF_B EDIF_C DEPTO_TIPO DEPTO_MR DEPTO_INV;20 edif + 330 deptos;350;5.64;n;350;5.64;1974;0;1974.00;16.45;0.57;2021-04-15;120;2021-08-13;NULL;0;NULL;;NULL;;PISO
D.4.2;Tablero (automaticos, protecciones, etc.);EDIF_A EDIF_B EDIF_C DEPTO_TIPO DEPTO_MR DEPTO_INV;20 edif + 330 deptos;350;6.44;n;350;6.44;2254;0;2254.00;18.783;0.65;2021-04-15;120;2021-08-13;NULL;0;NULL;;NULL;;DEPTO
D.4.4;Puesta a tierra;EDIF_A EDIF_B EDIF_C;20 edificios;20;13.58;n;20;13.58;271.6;0;271.6;3.018;0.08;2021-06-15;90;2021-09-13;NULL;0;NULL;;20;por edificio;EDIFICIO
D.4.5;Red interior;DEPTO_TIPO DEPTO_MR DEPTO_INV;330 deptos;330;25.3;n;330;25.3;8349;0;8349.00;34.788;2.41;2020-12-15;240;2021-08-12;2020-08-10;NULL;NULL;;85;por piso;DEPTO
D.4.6;Red  areas comunes (condominios y edificios);DEPTO_TIPO DEPTO_MR DEPTO_INV;330 deptos;330;3.44;n;330;3.44;1135.2;0;1135.2;7.568;0.33;2021-03-15;150;2021-08-12;NULL;0;NULL;;NULL;;PISO
D.5;INSTALACIONES DE GAS ;PISO DEPTO_TIPO DEPTO_MR DEPTO_INV;;;NULL;;NULL;NULL;NULL;NULL;NULL;NULL;NULL;NULL;NULL;NULL;NULL;NULL;NULL;;NULL;;
D.5.3;Red interior;DEPTO_TIPO DEPTO_MR DEPTO_INV;330 deptos;330;4.55;n;330;4.55;1501.5;0;1501.5;4.692;0.43;2020-09-04;320;2021-07-20;2020-08-10;NULL;NULL;;85;por piso;DEPTO
D.5.4;Calefon;DEPTO_TIPO DEPTO_MR DEPTO_INV;330 deptos;330;6.77;n;330;6.77;2234.1;0;2234.1;9.713;0.65;2021-02-06;230;2021-09-23;NULL;0;NULL;;330;por depto;DEPTO
D.5.8;Red areas comunes (condominios y edificios);PISO;85 pisos;85;1;n;85;1;85;0;85;0.944;0.02;2021-05-15;90;2021-08-13;NULL;0;NULL;;85;por piso;PISO
D.7;INSTALACIoN SISTEMA EVACUACIoN DE DESECHOS SoLIDOS;PISO EDIF_A EDIF_B EDIF_C;;;NULL;;NULL;NULL;NULL;NULL;NULL;NULL;NULL;NULL;NULL;NULL;NULL;NULL;NULL;;NULL;;
D.7.1;Ductos, tolvas y caseta.;PISO;85 pisos;85;39.83;n;85;39.83;3385.55;0;3385.55;22.57;0.98;2020-11-23;150;2021-04-22;NULL;0;NULL;;85;por piso;PISO
D.7.2;Contenedores y otros accesorios;EDIF_A EDIF_B EDIF_C;20 edificios;20;10;n;20;10;200;0;200;1.333;0.06;2021-01-07;150;2021-06-06;NULL;0;NULL;;20;por edif;EDIFICIO
D.EX;PARTIDAS DE OBRAS DE INSTALACIONES AGREGADAS POR LA EMPRESA;EDIF_A EDIF_B EDIF_C DEPTO_TIPO DEPTO_MR DEPTO_INV;;;NULL;;NULL;NULL;NULL;NULL;NULL;NULL;NULL;NULL;NULL;NULL;NULL;NULL;NULL;;NULL;;
D.EX.1;WC Movilidad Reducida;DEPTO_MR;2 deptos;2;5.2;n;2;5.2;10.4;0;10.4;0.052;0;2021-02-06;200;2021-08-25;NULL;0;NULL;;2;por MR;DEPTOMR
D.EX.2;Llave jardin;DEPTO_MR;2 x2 deptos;2;0.525;n;4;0.26;1.04;0.01;1.05;0.035;0;2021-07-18;30;2021-08-17;NULL;0;NULL;;4;?;DEPTOMR
D.EX.3;Llave lavadora;DEPTO_TIPO DEPTO_MR DEPTO_INV;330 deptos;330;10.851;Jgo;330;1.09;359.7;-1.61;358.09;1.628;0.1;2021-03-08;220;2021-10-14;NULL;0;NULL;;330;por depto;DEPTO
D.EX.4;Extraccion forzada de banos;DEPTO_TIPO DEPTO_MR DEPTO_INV;330 deptos;330;8.48;n;330;8.48;2798.4;0;2798.4;17.49;0.81;2021-04-15;160;2021-09-22;NULL;0;NULL;;330;por depto;DEPTO
D.EX.5;Lavamanos con pedestal (sala de basura);EDIF_A EDIF_B EDIF_C;20 edificios;20;1.51;n;20;1.51;30.2;0;30.2;0.151;0.01;2021-02-06;200;2021-08-25;NULL;0;NULL;;20;por edif;EDIFICIO
D.EX.6;Sistema timbre Luz ;DEPTO_MR;2 deptos;2;0.375;n;2;0.37;0.74;0.01;0.75;0.006;0;2021-04-20;120;2021-08-18;NULL;0;NULL;;2;por incapacidad;DEPTOMR
D.EX.7;Sensor de humo por vivienda;DEPTO_INV;2 x13 deptos;13;18.638;Jgo;26;0.93;24.18;0.05;24.23;0.202;0.01;2021-04-20;120;2021-08-18;NULL;0;NULL;;26;(2) por incapacidad;DEPTOINV
D.EX.8;Llave seguro gas;DEPTO_INV;13 deptos;13;0.6731;Jgo;13;0.67;8.71;0.04;8.75;0.073;0;2021-04-20;120;2021-08-18;NULL;0;NULL;;13;por incapacidad;DEPTOINV
D.EX.9;Cerraduras exteriores en puerta interior;DEPTO_INV;4 x13 deptos;13;61.646;n;52;1.54;80.08;0.06;80.14;0.668;0.02;2021-04-15;120;2021-08-13;NULL;0;NULL;;52;(4) por incapacidad;DEPTOINV
D.EX.10;Protector enchufe;DEPTO_INV;13 deptos;13;6.24;n;13;6.24;81.12;0;81.12;0.676;0.02;2021-04-20;120;2021-08-18;NULL;0;NULL;;13;por incapacidad;DEPTOINV
D.EX.11;Lamina Proteccion Vidrio ;;;;NULL;m2;288.24;0.37;106.65;-0.79;105.86;0.706;0.03;2021-04-20;150;2021-09-17;NULL;0;NULL;;288;por depto -?nvl1;DEPTO
D.EX.12;Red Seca;EDIF_A EDIF_B EDIF_C;20 edificios;20;31.25;n;20;31.25;625;0;625;1.786;0.18;2020-08-27;350;2021-08-11;NULL;0;NULL;;20;por edif;EDIFICIO
D.EX.13;Lavaplatos Movilidad reducida;DEPTO_MR;2 deptos;2;1.54;n;2;1.54;3.08;0;3.08;0.308;0;2021-06-10;10;2021-06-20;NULL;0;NULL;;2;por MR;DEPTOMR
D.EX.14;Doble Cerraduras puerta Principal;DEPTO_INV;13 deptos;13;2.55;n;13;2.55;33.15;0;33.15;0.276;0.01;2021-04-15;120;2021-08-13;NULL;0;NULL;;13;por incapacidad;DEPTOINV
E;OBRAS DE URBANIZACIoN ;;;;NULL;;NULL;NULL;NULL;NULL;NULL;NULL;NULL;NULL;NULL;NULL;NULL;NULL;NULL;URBAN;NULL;;
E.1;PAVIMENTOS;;;;NULL;;NULL;NULL;NULL;NULL;NULL;NULL;NULL;NULL;NULL;NULL;NULL;NULL;NULL;;NULL;;
E.1.1;Excavacion y relleno;;;;NULL;m3;15852.91;0.44;6975.28;-31.71;6943.57;77.151;2.01;2021-03-15;90;2021-06-13;NULL;0;NULL;;NULL;;LOTE
E.1.3;Aceras;;;;NULL;m2;1308.25;0.56;732.62;4.76;737.38;8.193;0.21;2021-03-27;90;2021-06-25;NULL;0;NULL;;NULL;;LOTE
E.1.4;Base Estabilizada ;;;;NULL;m3;1906.65;0.65;1239.32;0;1239.32;13.77;0.36;2021-03-12;90;2021-06-10;NULL;0;NULL;;NULL;;LOTE
E.1.7;Calzada concreto asfaltico ;;;;NULL;m2;9723.29;0.87;8459.26;32.09;8491.35;283.045;2.46;2021-06-13;30;2021-07-13;NULL;0;NULL;;NULL;;LOTE
E.1.9;Soleras;;;;NULL;ml;1058.98;0.46;487.13;0;487.13;5.413;0.14;2021-03-29;90;2021-06-27;NULL;0;NULL;;NULL;;LOTE
E.1.10;Solerillas;;;;NULL;ml;1170.00;0.29;339.3;0;339.3;3.77;0.1;2021-03-29;90;2021-06-27;NULL;0;NULL;;NULL;;LOTE
E.2;SISTEMA DE EVACUACIoN DE AGUAS LLUVIA;;;;NULL;;NULL;NULL;NULL;NULL;NULL;NULL;NULL;NULL;NULL;NULL;NULL;NULL;NULL;;NULL;;
E.2.1;Red evacuacion aguas lluvia ;;;;NULL;;NULL;NULL;NULL;NULL;NULL;NULL;NULL;NULL;NULL;NULL;NULL;NULL;NULL;;NULL;;
E.2.1.4;Tubo circular de PVC hidraulico - HDPE;;;;NULL;ml;880.72;0.5;440.36;0;440.36;3.311;0.13;2021-02-17;133;2021-06-30;NULL;0;NULL;;NULL;;LOTE
E.2.3;Drenes;;;;NULL;;NULL;NULL;NULL;NULL;NULL;NULL;NULL;NULL;NULL;NULL;NULL;NULL;NULL;;NULL;;
E.2..3.1;Relleno grava drenes;;;;NULL;m3;27.75;0.85;23.59;0;23.59;0.177;0.01;2021-02-17;133;2021-06-29;NULL;0;NULL;;NULL;;LOTE
E.2..3.2;Excavacion de drenes;;;;NULL;m3;27.75;0.35;9.71;0;9.71;0.073;0;2021-02-17;133;2021-06-30;NULL;0;NULL;;NULL;;LOTE
E.3;AGUA POTABLE LOTEO;;;;NULL;;NULL;NULL;NULL;NULL;NULL;NULL;NULL;NULL;NULL;NULL;NULL;NULL;NULL;;NULL;;
E.3.1;Red de agua ;;;;NULL;ml;1579.00;3.5;5526.5;0;5526.5;26.317;1.6;2021-01-20;210;2021-08-17;NULL;0;NULL;;NULL;;LOTE
E.3.2;Sistema de impulsion de agua;;;;NULL;n;1;3636;3636;0;3636.00;121.2;1.05;2021-07-18;30;2021-08-17;NULL;0;NULL;;NULL;;LOTE
E.4;ALCANTARILLADO LOTEO;;;;NULL;;NULL;NULL;NULL;NULL;NULL;NULL;NULL;NULL;NULL;NULL;NULL;NULL;NULL;;NULL;;
E.4.1;Red de alcantarillado;;;;NULL;;NULL;NULL;NULL;NULL;NULL;NULL;NULL;NULL;NULL;NULL;NULL;NULL;NULL;;NULL;;
E.4.1.1;Tuberia ;;;;NULL;ml;390.7;4;1562.8;0;1562.8;17.364;0.45;2021-01-02;90;2021-04-02;NULL;0;NULL;;NULL;;LOTE
E.4.1.3;Camaras tipo A;;;;NULL;n;16;69.1;1105.6;0;1105.6;9.213;0.32;2021-01-02;120;2021-05-02;NULL;0;NULL;;NULL;;LOTE
E.4.1.4;Camaras tipo B;;;;NULL;n;3;69.1;207.3;0;207.3;1.728;0.06;2021-01-02;120;2021-05-02;NULL;0;NULL;;NULL;;LOTE
E.4.1.6;Tapa camara metalica;;;;NULL;n;19;9.1;172.9;0;172.9;1.441;0.05;2021-01-02;120;2021-05-02;NULL;0;NULL;;NULL;;LOTE
E.4.1.7;Cama de arena (indicar espesor);;;;NULL;m3;103.32;0.64;66.12;0;66.12;0.551;0.02;2021-01-02;120;2021-05-02;NULL;0;NULL;;NULL;;LOTE
E.4.3;Plantas elevadoras Aguas Servidas;;;;NULL;n;1;4497.7;4497.7;0;4497.7;37.481;1.3;2021-01-02;120;2021-05-02;NULL;0;NULL;;NULL;;LOTE
E.5;ELECTRICIDAD LOTEO;;;;NULL;;NULL;NULL;NULL;NULL;NULL;NULL;NULL;NULL;NULL;NULL;NULL;NULL;NULL;;NULL;;
E.5.1;Red electrica de distribucion y alumbrado publico;;;;NULL;ml;913;8;7304;0;7304.00;81.156;2.11;2021-01-02;90;2021-04-02;NULL;0;NULL;;NULL;;LOTE
E.5.2;Postacion;;;;NULL;n;46;17.46;803.16;0;803.16;8.924;0.23;2021-02-01;90;2021-05-02;NULL;0;NULL;;NULL;;LOTE
E.5.3;Iluminacion;;;;NULL;n;46;28.4;1306.4;0;1306.4;14.516;0.38;2021-02-01;90;2021-05-02;NULL;0;NULL;;NULL;;LOTE
E.6;OBRAS ANEXAS;;;;NULL;;NULL;NULL;NULL;NULL;NULL;NULL;NULL;NULL;NULL;NULL;NULL;NULL;NULL;;NULL;;
E.6.1;Senalizacion de calles y pasajes;;;;NULL;m2;9587.32;0.09;862.86;-38.35;824.51;13.742;0.24;2021-07-28;60;2021-09-26;NULL;0;NULL;;NULL;;LOTE
E.EX;PARTIDAS DE OBRAS DE URBANIZACION AGREGADAS POR LA EMPRESA;;;;NULL;;NULL;NULL;NULL;NULL;NULL;NULL;NULL;NULL;NULL;NULL;NULL;NULL;NULL;;NULL;;
E.EX.1;EISTU;;;;NULL;m2;6449.55;0.7;4514.69;0.01;4514.69;75.245;1.31;2021-07-28;60;2021-09-26;NULL;0;NULL;;NULL;;LOTE
E.EX.2;Dispositivos de rodados;;;;NULL;n;8;9.82;78.56;-0.02;78.54;0.873;0.02;2021-03-27;90;2021-06-24;NULL;0;NULL;;NULL;;LOTE
F;OBRAS DE HABILITACION;NIVEL LOTE EDIF_A EDIF_B EDIF_C;;;NULL;;NULL;NULL;NULL;NULL;NULL;NULL;NULL;NULL;NULL;NULL;NULL;NULL;NULL;URBAN;NULL;;
F.1;MOVIMIENTO DE TIERRAS;EDIF_A EDIF_B EDIF_C;;;NULL;;NULL;NULL;NULL;NULL;NULL;NULL;NULL;NULL;NULL;NULL;NULL;NULL;NULL;;NULL;;
F.1.1;Excavacion en Corte a mano (0 a 1m);EDIF_A EDIF_B EDIF_C;20 edificios;20;332.841;m3;24927.76;0.27;6730.5;-73.68;6656.82;51.206;1.92;2020-05-04;130;2020-09-11;2020-06-04;NULL;NULL;;20;por edifico;EDIFICIO
F.1.4;Extraccion de escombros;LOTE;;1;12562.88;m3;17545.92;0.72;12633.06;-70.18;12562.88;96.638;3.63;2020-05-04;130;2020-09-11;2020-06-02;NULL;NULL;;20;por edifico;EDIFICIO
F.4;FUNDACIONES ESPECIALES;NIVEL;;;NULL;;NULL;NULL;NULL;NULL;NULL;NULL;NULL;NULL;NULL;NULL;NULL;NULL;NULL;;NULL;;
F.4.1;Losa de Fundacion para suelos salinos;NIVEL EDIF_A EDIF_B EDIF_C;;;NULL;;NULL;NULL;NULL;NULL;NULL;NULL;NULL;NULL;NULL;NULL;NULL;NULL;NULL;;NULL;;
F.4.1.2;Polietileno 300 micras y capa de arena sobre sello;EDIF_A EDIF_B EDIF_C;20 edificios;20;108.51;m2;10851.00;0.2;2170.2;0;2170.2;13.564;0.63;2020-05-31;160;2020-11-30;2020-06-18;NULL;NULL;;20;por edifico;EDIFICIO
F.4.1.3;Relleno mejoramiento Estructural;NIVEL;120nvl 20 edificios;120;1.280.913;m3;31446.39;0.49;15408.73;-37.77;15370.96;96.069;4.44;2020-05-18;160;2020-11-30;2020-06-12;NULL;NULL;;20;NO SUBIR MAS;EDIFICIO
G;OBRAS DE CONSTRUCCIoN DE SALA MULTIUSO;;;;NULL;;NULL;NULL;NULL;NULL;NULL;NULL;NULL;NULL;NULL;NULL;NULL;NULL;NULL;MULTI;NULL;;
G.B;OBRA GRUESA;;;;NULL;;NULL;NULL;NULL;NULL;NULL;NULL;NULL;NULL;NULL;NULL;NULL;NULL;NULL;;NULL;;
G.B.1;FUNDACIONES;;;;NULL;;NULL;NULL;NULL;NULL;NULL;NULL;NULL;NULL;NULL;NULL;NULL;NULL;NULL;;NULL;;
G.B.1.1;Replanteo, trazado y niveles;;;;NULL;n;3;2.14;6.42;-0.01;6.41;0.641;0;2021-03-03;10;2021-03-13;NULL;0;NULL;;NULL;;MULTIUSO
G.B.1.2;Excavacion;;;;NULL;m3;8.58;0.62;5.32;0.02;5.34;0.356;0;2021-03-10;15;2021-03-25;NULL;0;NULL;;NULL;;MULTIUSO
G.B.1.3;Emplantillado;;;;NULL;m3;0.54;2.9;1.57;-0.01;1.56;0.156;0;2021-03-17;10;2021-03-26;NULL;0;NULL;;NULL;;MULTIUSO
G.B.1.4;Hormigon cimientos;;;;NULL;m3;14.03;3.48;48.82;0.02;48.84;2.442;0.01;2021-03-27;20;2021-04-16;NULL;0;NULL;;NULL;;MULTIUSO
G.B.1.6;Enfierradura;;;;NULL;kg;1386.57;0.04;55.46;0;55.46;2.773;0.02;2021-03-19;20;2021-04-08;NULL;0;NULL;;NULL;;MULTIUSO
G.B.1.7;Moldajes;;;;NULL;m2;38.31;0.36;13.79;0;13.79;0.69;0;2021-03-26;20;2021-04-15;NULL;0;NULL;;NULL;;MULTIUSO
G.B.3.5;Paneles sis. Const. No tradicional;;;;NULL;;NULL;NULL;NULL;NULL;NULL;NULL;NULL;NULL;NULL;NULL;NULL;NULL;NULL;;NULL;;
G.B.3.5.1;Estructurales;;;;NULL;m2;112.93;1.01;114.06;0.5;114.56;2.546;0.03;2021-03-30;45;2021-05-14;NULL;0;NULL;;NULL;;MULTIUSO
G.B.3.5.2;Tabiquerias;;;;NULL;m2;24.06;0.73;17.56;-0.12;17.44;0.388;0.01;2021-04-06;45;2021-05-20;NULL;0;NULL;;NULL;;MULTIUSO
G.B.6;CUBIERTA;;;;NULL;;NULL;NULL;NULL;NULL;NULL;NULL;NULL;NULL;NULL;NULL;NULL;NULL;NULL;;NULL;;
G.B.6.1;Estructura (inc. Costaneras);;;;NULL;;NULL;NULL;NULL;NULL;NULL;NULL;NULL;NULL;NULL;NULL;NULL;NULL;NULL;;NULL;;
G.B.6.1.2;Acero;;;;NULL;m2;110.2;1.19;131.14;0;131.14;2.914;0.04;2021-04-14;45;2021-05-29;NULL;0;NULL;;NULL;;MULTIUSO
G.B.6.2;Cubierta (inc. Cumbreras);;;;NULL;kg;NULL;NULL;NULL;NULL;NULL;NULL;NULL;NULL;NULL;NULL;NULL;NULL;NULL;;NULL;;MULTIUSO
G.B.6.2.1;Acero galvanizado;;;;NULL;m2;110.34;0.47;51.86;0;51.86;1.152;0.01;2021-04-14;45;2021-05-29;NULL;0;NULL;;NULL;;MULTIUSO
G.B.6.3;Hojalateria;;;;NULL;;NULL;NULL;NULL;NULL;NULL;NULL;NULL;NULL;NULL;NULL;NULL;NULL;NULL;;NULL;;
G.B.6.3.1;Canales;;;;NULL;ml;34.7;0.8;27.76;0;27.76;0.617;0.01;2021-04-14;45;2021-05-29;NULL;0;NULL;;NULL;;MULTIUSO
G.B.6.3.2;Bajadas;;;;NULL;ml;8.34;2.2;18.35;0;18.35;0.408;0.01;2021-04-14;45;2021-05-29;NULL;0;NULL;;NULL;;MULTIUSO
G.B.EX;PARTIDAS DE OBRA GRUESA AGREGADAS POR LA EMPRESA;;;;NULL;;NULL;NULL;NULL;NULL;NULL;NULL;NULL;NULL;NULL;NULL;NULL;NULL;NULL;;NULL;;
G.B.EX.1;Pergola;;;;NULL;n;3;6;18;0;18;0.4;0.01;2021-05-04;45;2021-06-18;NULL;0;NULL;;NULL;;MULTIUSO
G.C;OBRAS DE TERMINACIoN;;;;NULL;;NULL;NULL;NULL;NULL;NULL;NULL;NULL;NULL;NULL;NULL;NULL;NULL;NULL;;NULL;;
G.C1;REVESTIMIENTOS MUROS Y TABIQUES ;;;;NULL;;NULL;NULL;NULL;NULL;NULL;NULL;NULL;NULL;NULL;NULL;NULL;NULL;NULL;;NULL;;
G.C.1.1;Exterior;;;;NULL;;NULL;NULL;NULL;NULL;NULL;NULL;NULL;NULL;NULL;NULL;NULL;NULL;NULL;;NULL;;
G.C.1.1.5;Sidding;;;;NULL;m2;298.88;0.58;173.35;0.51;173.86;2.898;0.05;2021-04-14;60;2021-06-13;NULL;0;NULL;;NULL;;MULTIUSO
G.C.1.2;Interior zona seca;;;;NULL;;NULL;NULL;NULL;NULL;NULL;NULL;NULL;NULL;NULL;NULL;NULL;NULL;NULL;;NULL;;
G.C.1.2.2;Yeso carton;;;;NULL;m2;96.05;0.57;54.75;-0.1;54.65;0.911;0.02;2021-04-14;60;2021-06-13;NULL;0;NULL;;NULL;;MULTIUSO
G.C.1.3;Interior zona humeda;;;;NULL;;NULL;NULL;NULL;NULL;NULL;NULL;NULL;NULL;NULL;NULL;NULL;NULL;NULL;;NULL;;
G.C.1.3.3;Yeso carton RH;;;;NULL;m2;78.25;0.8;62.6;-0.32;62.28;1.038;0.02;2021-04-14;60;2021-06-13;NULL;0;NULL;;NULL;;MULTIUSO
G.C.3.3;Revestimiento zona seca;;;;NULL;;NULL;NULL;NULL;NULL;NULL;NULL;NULL;NULL;NULL;NULL;NULL;NULL;NULL;;NULL;;
G.C.3.3.1;Yeso carton;;;;NULL;m2;108.02;0.55;59.41;0;59.41;0.99;0.02;2021-04-14;60;2021-06-13;NULL;0;NULL;;NULL;;MULTIUSO
G.C.4;AISLACIoN TeRMICA CUBIERTA;;;;NULL;;NULL;NULL;NULL;NULL;NULL;NULL;NULL;NULL;NULL;NULL;NULL;NULL;NULL;;NULL;;
G.C.4.1;Poliestireno expandido;;;;NULL;m2;110.2;0.25;27.55;0;27.55;0.612;0.01;2021-04-29;45;2021-06-12;NULL;0;NULL;;NULL;;MULTIUSO
G.C.5;REVESTIMIENTO PISOS;;;;NULL;;NULL;NULL;NULL;NULL;NULL;NULL;NULL;NULL;NULL;NULL;NULL;NULL;NULL;;NULL;;
G.C.5.1;Ceramica;;;;NULL;m2;108.02;0.54;58.33;-0.1;58.23;1.165;0.02;2021-05-04;50;2021-06-22;NULL;0;NULL;;NULL;;MULTIUSO
G.C.9;PUERTAS Y VENTANAS;;;;NULL;;NULL;NULL;NULL;NULL;NULL;NULL;NULL;NULL;NULL;NULL;NULL;NULL;NULL;;NULL;;
G.C.9.1;Marcos;;;;NULL;;NULL;NULL;NULL;NULL;NULL;NULL;NULL;NULL;NULL;NULL;NULL;NULL;NULL;;NULL;;
G.C.9.1.1;Madera;;;;NULL;n;9;0.55;4.95;0;4.95;0.083;0;2021-05-04;60;2021-07-03;NULL;0;NULL;;NULL;;MULTIUSO
G.C.9.2;Puertas interiores;;;;NULL;;NULL;NULL;NULL;NULL;NULL;NULL;NULL;NULL;NULL;NULL;NULL;NULL;NULL;;NULL;;
G.C.9.2.1;Puerta ancho 70;;;;NULL;n;3;1.59;4.77;0;4.77;0.08;0;2021-05-11;60;2021-07-10;NULL;0;NULL;;NULL;;MULTIUSO
G.C.9.2.4;Puerta ancho 85;;;;NULL;n;6;2.93;17.58;0;17.58;0.293;0.01;2021-05-11;60;2021-07-10;NULL;0;NULL;;NULL;;MULTIUSO
G.C.9.3;Puerta exteriores;;;;NULL;;NULL;NULL;NULL;NULL;NULL;NULL;NULL;NULL;NULL;NULL;NULL;NULL;NULL;;NULL;;
G.C.9.3.3;Puerta ventana;;;;NULL;n;3;2.96;8.88;0;8.88;0.148;0;2021-05-11;60;2021-07-10;NULL;0;NULL;;NULL;;MULTIUSO
G.C.9.4;Quincalleria (incluye chapas, perillas, bisagras y topes);;;;NULL;;NULL;NULL;NULL;NULL;NULL;NULL;NULL;NULL;NULL;NULL;NULL;NULL;NULL;;NULL;;
G.C.9.4.2;Bano;;;;NULL;n;6;0.53;3.18;-0.01;3.17;0.053;0;2021-05-11;60;2021-07-10;NULL;0;NULL;;NULL;;MULTIUSO
G.C.9.4.3;Interior;;;;NULL;n;3;0.54;1.62;0;1.62;0.027;0;2021-05-11;60;2021-07-10;NULL;0;NULL;;NULL;;MULTIUSO
G.C.9.5;Ventanas (incluye quincalleria);;;;NULL;;NULL;NULL;NULL;NULL;NULL;NULL;NULL;NULL;NULL;NULL;NULL;NULL;NULL;;NULL;;
G.C.9.5.1;Aluminio;;;;NULL;m2;34.74;3.36;116.73;-0.18;116.55;1.943;0.03;2021-05-11;60;2021-07-10;NULL;0;NULL;;NULL;;MULTIUSO
G.C.10;MOLDURAS;;;;NULL;;NULL;NULL;NULL;NULL;NULL;NULL;NULL;NULL;NULL;NULL;NULL;NULL;NULL;;NULL;;
G.C.10.1;Guardapolvos;;;;NULL;ml;68.2;0.06;4.09;0;4.09;0.091;0;2021-05-04;45;2021-06-18;NULL;0;NULL;;NULL;;MULTIUSO
G.C.10.2;Cornizas;;;;NULL;ml;68.2;0.07;4.77;0;4.77;0.106;0;2021-05-04;45;2021-06-18;NULL;0;NULL;;NULL;;MULTIUSO
G.C.11;PINTURAS;;;;NULL;;NULL;NULL;NULL;NULL;NULL;NULL;NULL;NULL;NULL;NULL;NULL;NULL;NULL;;NULL;;
G.C.11.2;Esmalte;;;;NULL;m2;233.77;0.16;37.4;0.68;38.08;0.635;0.01;2021-05-14;60;2021-07-13;NULL;0;NULL;;NULL;;MULTIUSO
G.C.12;OBRAS EXTERIORES;;;;NULL;;NULL;NULL;NULL;NULL;NULL;NULL;NULL;NULL;NULL;NULL;NULL;NULL;NULL;;NULL;;
G.C.12.1;Pavimentos de Acceso ;;;;NULL;;NULL;NULL;NULL;NULL;NULL;NULL;NULL;NULL;NULL;NULL;NULL;NULL;NULL;;NULL;;
G.C.12.1.3;Rampa acceso vivienda (incluye baranda doble altura);;;;NULL;n;3;2.5;7.5;0;7.5;0.25;0;2021-05-17;30;2021-06-16;NULL;0;NULL;;NULL;;MULTIUSO
G.C.EX;PARTIDAS DE OBRAS DE TERMINACIoN  AGREGADAS POR LA EMPRESA;;;;NULL;;NULL;NULL;NULL;NULL;NULL;NULL;NULL;NULL;NULL;NULL;NULL;NULL;NULL;;NULL;;
G.C.EX.1;Pintura Fibrocemento;;;;NULL;m2;298.88;0.16;47.82;0.06;47.88;0.798;0.01;2021-04-21;60;2021-06-19;NULL;0;NULL;;NULL;;MULTIUSO
G.C.EX.2;Pintura Hojalateria, numeracion, Aseo Final y Luminaria;;;;NULL;n;1;69.09;69.09;0;69.09;2.303;0.02;2021-05-21;30;2021-06-19;NULL;0;NULL;;NULL;;MULTIUSO
G.D;INSTALACIONES ;;;;NULL;;NULL;NULL;NULL;NULL;NULL;NULL;NULL;NULL;NULL;NULL;NULL;NULL;NULL;;NULL;;
G.D.1;ARTEFACTOS SANITARIOS (Incl. griferia);;;;NULL;;NULL;NULL;NULL;NULL;NULL;NULL;NULL;NULL;NULL;NULL;NULL;NULL;NULL;;NULL;;
G.D.1.1;WC;;;;NULL;n;3;2.2;6.6;0;6.6;0.147;0;2021-05-19;45;2021-07-03;NULL;0;NULL;;NULL;;MULTIUSO
G.D.1.2;Lavamanos con pedestal;;;;NULL;n;3;1.51;4.53;0;4.53;0.101;0;2021-05-19;45;2021-07-03;NULL;0;NULL;;NULL;;MULTIUSO
G.D.1.3;Lavamanos sin pedestal (viv. Discapacidad);;;;NULL;n;3;7.91;23.73;0;23.73;0.527;0.01;2021-05-19;45;2021-07-03;NULL;0;NULL;;NULL;;MULTIUSO
G.D.1.7;Lavaplatos con mueble ;;;;NULL;n;3;1.55;4.65;-0.01;4.64;0.103;0;2021-05-19;45;2021-07-03;NULL;0;NULL;;NULL;;MULTIUSO
G.D.1.9;Barras W.C.;;;;NULL;Jgo;3;3.47;10.41;0;10.41;0.231;0;2021-05-19;45;2021-07-03;NULL;0;NULL;;NULL;;MULTIUSO
G.D.2;RED AGUA POTABLE;;;;NULL;;NULL;NULL;NULL;NULL;NULL;NULL;NULL;NULL;NULL;NULL;NULL;NULL;NULL;;NULL;;
G.D.2.1;MAP ;;;;NULL;n;3;4.09;12.27;0;12.27;1.227;0;2021-07-20;10;2021-07-29;NULL;0;NULL;;NULL;;MULTIUSO
G.D.2.2;Red interior agua fria;;;;NULL;n;3;3.64;10.92;0;10.92;0.156;0;2021-04-21;70;2021-06-30;NULL;0;NULL;;NULL;;MULTIUSO
G.D.3;RED ALCANTARILLADO;;;;NULL;;NULL;NULL;NULL;NULL;NULL;NULL;NULL;NULL;NULL;NULL;NULL;NULL;NULL;;NULL;;
G.D.3.2;Red interior ;;;;NULL;n;3;2.64;7.92;0;7.92;0.072;0;2021-03-17;110;2021-07-05;NULL;0;NULL;;NULL;;MULTIUSO
G.D.4;INSTALACIONES ELECTRICAS;;;;NULL;;NULL;NULL;NULL;NULL;NULL;NULL;NULL;NULL;NULL;NULL;NULL;NULL;NULL;;NULL;;
G.D.4.1;Medidor y Empalmes;;;;NULL;n;3;5.64;16.92;0;16.92;0.282;0;2021-05-04;60;2021-07-02;NULL;0;NULL;;NULL;;MULTIUSO
G.D.4.2;Tablero (automaticos, protecciones, etc);;;;NULL;n;3;3.09;9.27;0;9.27;0.155;0;2021-04-21;60;2021-06-20;NULL;0;NULL;;NULL;;MULTIUSO
G.D.4.5;Red interior;;;;NULL;n;3;5.33;15.99;0;15.99;0.267;0;2021-04-21;60;2021-06-20;NULL;0;NULL;;NULL;;MULTIUSO
G.D.5;INSTALACIONES DE GAS ;;;;NULL;;NULL;NULL;NULL;NULL;NULL;NULL;NULL;NULL;NULL;NULL;NULL;NULL;NULL;;NULL;;
G.D.5.2;Red interior;;;;NULL;n;3;8.86;26.58;0.01;26.59;0.443;0.01;2021-04-21;60;2021-06-20;NULL;0;NULL;;NULL;;MULTIUSO
G.D.EX;PARTIDAS DE OBRAS DE INSTALACIONES AGREGADAS POR LA EMPRESA;;;;NULL;;NULL;NULL;NULL;NULL;NULL;NULL;NULL;NULL;NULL;NULL;NULL;NULL;NULL;;NULL;;
G.D.EX.1;WC movilidad reducida;;;;NULL;n;3;5.2;15.6;0;15.6;0.347;0;2021-05-19;45;2021-07-03;NULL;0;NULL;;NULL;;MULTIUSO
H;aREAS VERDES Y RECREACIONALES;;;;NULL;;NULL;NULL;NULL;NULL;NULL;NULL;NULL;NULL;NULL;NULL;NULL;NULL;NULL;VERDE;NULL;;
H.1;PREPARACIoN TERRENO;;;;NULL;;NULL;NULL;NULL;NULL;NULL;NULL;NULL;NULL;NULL;NULL;NULL;NULL;NULL;;NULL;;
H.1.1;Escarpes;;;;NULL;m3;199.23;1.27;253.02;0;253.02;2.811;0.07;2021-05-15;90;2021-08-12;NULL;0;NULL;;NULL;;VERDE
H.1.3;Solerillas;;;;NULL;ml;185.24;0.29;53.72;0;53.72;0.597;0.02;2021-05-22;90;2021-08-19;NULL;0;NULL;;NULL;;VERDE
H.1.5;Base estabilizada ;;;;NULL;m3;118.77;0.65;77.2;0;77.2;0.858;0.02;2021-05-29;90;2021-08-26;NULL;0;NULL;;NULL;;VERDE
H.1.6;Pavimento circulacion peatonal, areas de estar, juegos, etc.;;;;NULL;;NULL;NULL;NULL;NULL;NULL;NULL;NULL;NULL;NULL;NULL;NULL;NULL;NULL;;NULL;;
H.1.6.1;Hormigon;;;;NULL;m2;1696.66;0.56;950.13;6.17;956.3;10.626;0.28;2021-06-05;90;2021-09-03;NULL;0;NULL;;NULL;;VERDE
H.1.7;Obras Menores;;;;NULL;;NULL;NULL;NULL;NULL;NULL;NULL;NULL;NULL;NULL;NULL;NULL;NULL;NULL;;NULL;;
H.1.7.1;Jardineras;;;;NULL;n;72;5.45;392.4;0;392.4;4.36;0.11;2021-06-11;90;2021-09-09;NULL;0;NULL;;NULL;;VERDE
H.1.7.4;Sombreaderos;;;;NULL;n;3;72.7;218.1;0;218.1;2.423;0.06;2021-06-11;90;2021-09-08;NULL;0;NULL;;NULL;;VERDE
H.2;INSTALACIoN ELeCTRICA;;;;NULL;;NULL;NULL;NULL;NULL;NULL;NULL;NULL;NULL;NULL;NULL;NULL;NULL;NULL;;NULL;;
H.2.1;Empalme y medidor;;;;NULL;n;3;8.18;24.54;0;24.54;1.636;0.01;2021-08-08;15;2021-08-23;NULL;0;NULL;;NULL;;VERDE
H.2.2;Red;;;;NULL;ml;414;0.9;372.6;0;372.6;5.323;0.11;2021-05-15;70;2021-07-23;NULL;0;NULL;;NULL;;VERDE
H.2.3;Postacion ;;;;NULL;n;23;12.72;292.56;0;292.56;4.179;0.08;2021-05-30;70;2021-08-08;NULL;0;NULL;;NULL;;VERDE
H.2.4;Luminarias ;;;;NULL;n;23;4.3;98.9;0;98.9;1.413;0.03;2021-05-30;70;2021-08-08;NULL;0;NULL;;NULL;;VERDE
H.3;RIEGO;;;;NULL;;NULL;NULL;NULL;NULL;NULL;NULL;NULL;NULL;NULL;NULL;NULL;NULL;NULL;;NULL;;
H.3.1;Medidor;;;;NULL;n;1;4.55;4.55;0;4.55;0.303;0;2021-08-08;15;2021-08-22;NULL;0;NULL;;NULL;;VERDE
H.3.2;Red interior (inc. Camaras);;;;NULL;ml;514;0.2;102.8;0;102.8;1.469;0.03;2021-05-30;70;2021-08-08;NULL;0;NULL;;NULL;;VERDE
H.4;MOBILIARIO URBANO (Bancas, juegos infantiles, maq. de ejercicio);;;;NULL;;NULL;NULL;NULL;NULL;NULL;NULL;NULL;NULL;NULL;NULL;NULL;NULL;NULL;;NULL;;
H.4.1;Bancas o escanos;;;;NULL;n;31;10.44;323.64;0.05;323.69;10.79;0.09;2021-09-09;30;2021-10-09;NULL;0;NULL;;NULL;;VERDE
H.4.2;Basureros;;;;NULL;n;14;5.84;81.76;0.05;81.81;2.727;0.02;2021-09-09;30;2021-10-09;NULL;0;NULL;;NULL;;VERDE
H.4.3;Juegos infantiles;;;;NULL;n;1;90.91;90.91;0;90.91;3.03;0.03;2021-09-09;30;2021-10-09;NULL;0;NULL;;NULL;;VERDE
H.4.4;Maquinas de ejercicios;;;;NULL;n;3;9.09;27.27;0;27.27;0.909;0.01;2021-09-09;30;2021-10-08;NULL;0;NULL;;NULL;;VERDE
H.5;VEGETACIoN;;;;NULL;;NULL;NULL;NULL;NULL;NULL;NULL;NULL;NULL;NULL;NULL;NULL;NULL;NULL;;NULL;;
H.5.2;arboles (incluye taza y tutor);;;;NULL;n;72;2.72;195.84;0;195.84;2.176;0.06;2021-07-11;90;2021-10-09;NULL;0;NULL;;NULL;;VERDE
H.EX;PARTIDAS DE OBRAS DE aREAS VERDES Y RECREACIONALES AGREGADAS POR LA EMPRESA;;;;NULL;;NULL;NULL;NULL;NULL;NULL;NULL;NULL;NULL;NULL;NULL;NULL;NULL;NULL;;NULL;;
H.EX.1;Bicicletero ;;;;NULL;n;43;1.15;49.45;0;49.45;1.648;0.01;2021-09-09;30;2021-10-09;NULL;0;NULL;;NULL;;VERDE
H.EX.2;Paisajismo seco;;;;NULL;m2;3984.6;0.2;796.92;0;796.92;26.564;0.23;2021-09-09;30;2021-10-08;NULL;0;NULL;;NULL;;VERDE
I;RECEPCION DOM Y DEPARTAMENTO PILOTO;;;;NULL;;NULL;NULL;NULL;NULL;NULL;NULL;NULL;NULL;NULL;NULL;NULL;NULL;NULL;TERM;NULL;;
I.1;Recepcion Final ;;;;NULL;n;1;0;0;0;0;0;0;1900-01-01;1;1900-01-01;NULL;NULL;NULL;;NULL;;LOTE
I.2;Departamento Piloto;;;;NULL;n;1;0;0;0;0;0;0;1900-01-01;1;1900-01-01;NULL;NULL;NULL;;NULL;;LOTE
